roc_auc,pr_auc,accuracy,balanced_accuracy,sensitivity,specificity,f1,tp,tn,fp,fn,model,fold_id,best_params,selected_feature_count
1.0,1.0,1.0,1.0,1.0,1.0,1.0,24,10,0,0,lasso_logistic,1,"{""clf__C"": 1.0, ""select__k"": 15}",15
1.0,1.0,0.9705882352941176,0.9791666666666667,0.9583333333333334,1.0,0.9787234042553191,23,10,0,1,lasso_logistic,2,"{""clf__C"": 0.3, ""select__k"": 30}",30
0.9958333333333333,0.9983333333333333,0.9411764705882353,0.9291666666666667,0.9583333333333334,0.9,0.9583333333333334,23,9,1,1,lasso_logistic,3,"{""clf__C"": 0.3, ""select__k"": 15}",15
1.0,1.0,1.0,1.0,1.0,1.0,1.0,24,10,0,0,lasso_logistic,4,"{""clf__C"": 1.0, ""select__k"": 100}",100
0.9956521739130435,0.9981884057971013,0.9696969696969697,0.9782608695652174,0.9565217391304348,1.0,0.9777777777777777,22,10,0,1,lasso_logistic,5,"{""clf__C"": 1.0, ""select__k"": 30}",30
0.9791666666666667,0.9909075616412573,0.8529411764705882,0.8958333333333333,0.7916666666666666,1.0,0.8837209302325582,19,10,0,5,lasso_logistic,6,"{""clf__C"": 0.03, ""select__k"": 15}",15
0.9916666666666667,0.9965972222222221,0.9411764705882353,0.9583333333333333,0.9166666666666666,1.0,0.9565217391304348,22,10,0,2,lasso_logistic,7,"{""clf__C"": 1.0, ""select__k"": 100}",100
1.0,1.0,1.0,1.0,1.0,1.0,1.0,24,10,0,0,lasso_logistic,8,"{""clf__C"": 0.3, ""select__k"": 100}",100
0.9958333333333333,0.9983333333333333,0.9705882352941176,0.9791666666666667,0.9583333333333334,1.0,0.9787234042553191,23,10,0,1,lasso_logistic,9,"{""clf__C"": 0.3, ""select__k"": 30}",30
1.0,1.0,1.0,1.0,1.0,1.0,1.0,23,10,0,0,lasso_logistic,10,"{""clf__C"": 1.0, ""select__k"": 15}",15
1.0,1.0,0.9705882352941176,0.9791666666666667,0.9583333333333334,1.0,0.9787234042553191,23,10,0,1,lasso_logistic,11,"{""clf__C"": 0.3, ""select__k"": 15}",15
0.9791666666666667,0.992816091954023,0.9705882352941176,0.9791666666666667,0.9583333333333334,1.0,0.9787234042553191,23,10,0,1,lasso_logistic,12,"{""clf__C"": 0.03, ""select__k"": 15}",15
1.0,1.0,0.9705882352941176,0.9791666666666667,0.9583333333333334,1.0,0.9787234042553191,23,10,0,1,lasso_logistic,13,"{""clf__C"": 0.3, ""select__k"": 50}",50
1.0,1.0,1.0,1.0,1.0,1.0,1.0,24,10,0,0,lasso_logistic,14,"{""clf__C"": 1.0, ""select__k"": 50}",50
1.0,1.0,0.9696969696969697,0.9782608695652174,0.9565217391304348,1.0,0.9777777777777777,22,10,0,1,lasso_logistic,15,"{""clf__C"": 0.3, ""select__k"": 30}",30
1.0,1.0,1.0,1.0,1.0,1.0,1.0,24,10,0,0,lasso_logistic,16,"{""clf__C"": 0.1, ""select__k"": 30}",30
0.9833333333333334,0.9940476190476191,0.9411764705882353,0.9583333333333333,0.9166666666666666,1.0,0.9565217391304348,22,10,0,2,lasso_logistic,17,"{""clf__C"": 0.1, ""select__k"": 15}",15
1.0,1.0,1.0,1.0,1.0,1.0,1.0,24,10,0,0,lasso_logistic,18,"{""clf__C"": 1.0, ""select__k"": 15}",15
1.0,1.0,1.0,1.0,1.0,1.0,1.0,24,10,0,0,lasso_logistic,19,"{""clf__C"": 1.0, ""select__k"": 15}",15
0.9956521739130435,0.9981884057971013,0.9696969696969697,0.9782608695652174,0.9565217391304348,1.0,0.9777777777777777,22,10,0,1,lasso_logistic,20,"{""clf__C"": 0.1, ""select__k"": 30}",30
1.0,1.0,1.0,1.0,1.0,1.0,1.0,24,10,0,0,lasso_logistic,21,"{""clf__C"": 0.1, ""select__k"": 15}",15
0.9916666666666667,0.9967948717948718,0.9705882352941176,0.9791666666666667,0.9583333333333334,1.0,0.9787234042553191,23,10,0,1,lasso_logistic,22,"{""clf__C"": 0.3, ""select__k"": 30}",30
1.0,1.0,0.9705882352941176,0.9791666666666667,0.9583333333333334,1.0,0.9787234042553191,23,10,0,1,lasso_logistic,23,"{""clf__C"": 1.0, ""select__k"": 30}",30
0.9958333333333333,0.9983333333333333,0.9705882352941176,0.9791666666666667,0.9583333333333334,1.0,0.9787234042553191,23,10,0,1,lasso_logistic,24,"{""clf__C"": 0.1, ""select__k"": 15}",15
1.0,1.0,0.9696969696969697,0.9782608695652174,0.9565217391304348,1.0,0.9777777777777777,22,10,0,1,lasso_logistic,25,"{""clf__C"": 0.1, ""select__k"": 15}",15
0.9791666666666667,0.992816091954023,0.9705882352941176,0.9791666666666667,0.9583333333333334,1.0,0.9787234042553191,23,10,0,1,lasso_logistic,26,"{""clf__C"": 0.3, ""select__k"": 15}",15
0.9958333333333333,0.9983333333333333,0.9705882352941176,0.9791666666666667,0.9583333333333334,1.0,0.9787234042553191,23,10,0,1,lasso_logistic,27,"{""clf__C"": 0.3, ""select__k"": 15}",15
1.0,1.0,0.9705882352941176,0.9791666666666667,0.9583333333333334,1.0,0.9787234042553191,23,10,0,1,lasso_logistic,28,"{""clf__C"": 0.3, ""select__k"": 50}",50
0.9916666666666667,0.9965972222222221,0.9705882352941176,0.95,1.0,0.9,0.9795918367346939,24,9,1,0,lasso_logistic,29,"{""clf__C"": 0.03, ""select__k"": 15}",15
0.982608695652174,0.9928985507246376,0.9393939393939394,0.9565217391304348,0.9130434782608695,1.0,0.9545454545454546,21,10,0,2,lasso_logistic,30,"{""clf__C"": 0.03, ""select__k"": 15}",15
0.9958333333333333,0.9983333333333333,0.9705882352941176,0.9791666666666667,0.9583333333333334,1.0,0.9787234042553191,23,10,0,1,lasso_logistic,31,"{""clf__C"": 0.1, ""select__k"": 15}",15
1.0,1.0,1.0,1.0,1.0,1.0,1.0,24,10,0,0,lasso_logistic,32,"{""clf__C"": 1.0, ""select__k"": 100}",100
0.9875,0.9950587606837606,0.9411764705882353,0.9583333333333333,0.9166666666666666,1.0,0.9565217391304348,22,10,0,2,lasso_logistic,33,"{""clf__C"": 1.0, ""select__k"": 30}",30
1.0,1.0,1.0,1.0,1.0,1.0,1.0,24,10,0,0,lasso_logistic,34,"{""clf__C"": 0.3, ""select__k"": 100}",100
1.0,1.0,0.9696969696969697,0.9782608695652174,0.9565217391304348,1.0,0.9777777777777777,22,10,0,1,lasso_logistic,35,"{""clf__C"": 1.0, ""select__k"": 100}",100
0.9958333333333333,0.9983333333333333,0.9705882352941176,0.9791666666666667,0.9583333333333334,1.0,0.9787234042553191,23,10,0,1,lasso_logistic,36,"{""clf__C"": 0.3, ""select__k"": 100}",100
0.9916666666666667,0.9967948717948718,0.9705882352941176,0.9791666666666667,0.9583333333333334,1.0,0.9787234042553191,23,10,0,1,lasso_logistic,37,"{""clf__C"": 1.0, ""select__k"": 100}",100
0.9916666666666667,0.9965972222222221,0.9705882352941176,0.95,1.0,0.9,0.9795918367346939,24,9,1,0,lasso_logistic,38,"{""clf__C"": 1.0, ""select__k"": 15}",15
0.9958333333333333,0.9983333333333333,0.9705882352941176,0.9791666666666667,0.9583333333333334,1.0,0.9787234042553191,23,10,0,1,lasso_logistic,39,"{""clf__C"": 0.3, ""select__k"": 30}",30
1.0,1.0,1.0,1.0,1.0,1.0,1.0,23,10,0,0,lasso_logistic,40,"{""clf__C"": 0.3, ""select__k"": 50}",50
0.9958333333333333,0.9983333333333333,0.9705882352941176,0.9791666666666667,0.9583333333333334,1.0,0.9787234042553191,23,10,0,1,lasso_logistic,41,"{""clf__C"": 1.0, ""select__k"": 100}",100
1.0,1.0,0.9705882352941176,0.9791666666666667,0.9583333333333334,1.0,0.9787234042553191,23,10,0,1,lasso_logistic,42,"{""clf__C"": 0.1, ""select__k"": 15}",15
1.0,1.0,1.0,1.0,1.0,1.0,1.0,24,10,0,0,lasso_logistic,43,"{""clf__C"": 0.3, ""select__k"": 50}",50
1.0,1.0,0.9705882352941176,0.9791666666666667,0.9583333333333334,1.0,0.9787234042553191,23,10,0,1,lasso_logistic,44,"{""clf__C"": 0.3, ""select__k"": 30}",30
0.991304347826087,0.9962980466288593,0.9393939393939394,0.9565217391304348,0.9130434782608695,1.0,0.9545454545454546,21,10,0,2,lasso_logistic,45,"{""clf__C"": 0.1, ""select__k"": 15}",15
0.9916666666666667,0.9965972222222221,0.9411764705882353,0.9291666666666667,0.9583333333333334,0.9,0.9583333333333334,23,9,1,1,lasso_logistic,46,"{""clf__C"": 0.3, ""select__k"": 50}",50
1.0,1.0,0.9705882352941176,0.9791666666666667,0.9583333333333334,1.0,0.9787234042553191,23,10,0,1,lasso_logistic,47,"{""clf__C"": 0.1, ""select__k"": 30}",30
1.0,1.0,0.9705882352941176,0.9791666666666667,0.9583333333333334,1.0,0.9787234042553191,23,10,0,1,lasso_logistic,48,"{""clf__C"": 1.0, ""select__k"": 50}",50
1.0,1.0,1.0,1.0,1.0,1.0,1.0,24,10,0,0,lasso_logistic,49,"{""clf__C"": 0.1, ""select__k"": 15}",15
0.9956521739130435,0.9981884057971013,0.9393939393939394,0.9565217391304348,0.9130434782608695,1.0,0.9545454545454546,21,10,0,2,lasso_logistic,50,"{""clf__C"": 1.0, ""select__k"": 100}",100
1.0,1.0,1.0,1.0,1.0,1.0,1.0,24,10,0,0,elastic_net,1,"{""clf__C"": 0.3, ""clf__l1_ratio"": 0.2, ""select__k"": 30}",30
1.0,1.0,0.9705882352941176,0.9791666666666667,0.9583333333333334,1.0,0.9787234042553191,23,10,0,1,elastic_net,2,"{""clf__C"": 0.03, ""clf__l1_ratio"": 0.2, ""select__k"": 30}",30
0.9958333333333333,0.9983333333333333,0.9411764705882353,0.9291666666666667,0.9583333333333334,0.9,0.9583333333333334,23,9,1,1,elastic_net,3,"{""clf__C"": 0.1, ""clf__l1_ratio"": 0.8, ""select__k"": 15}",15
1.0,1.0,1.0,1.0,1.0,1.0,1.0,24,10,0,0,elastic_net,4,"{""clf__C"": 0.1, ""clf__l1_ratio"": 0.2, ""select__k"": 50}",50
0.991304347826087,0.9965217391304347,0.9696969696969697,0.9782608695652174,0.9565217391304348,1.0,0.9777777777777777,22,10,0,1,elastic_net,5,"{""clf__C"": 0.03, ""clf__l1_ratio"": 0.2, ""select__k"": 30}",30
1.0,1.0,1.0,1.0,1.0,1.0,1.0,24,10,0,0,elastic_net,6,"{""clf__C"": 0.1, ""clf__l1_ratio"": 0.2, ""select__k"": 50}",50
1.0,1.0,0.9411764705882353,0.9583333333333333,0.9166666666666666,1.0,0.9565217391304348,22,10,0,2,elastic_net,7,"{""clf__C"": 0.03, ""clf__l1_ratio"": 0.2, ""select__k"": 100}",100
1.0,1.0,1.0,1.0,1.0,1.0,1.0,24,10,0,0,elastic_net,8,"{""clf__C"": 1.0, ""clf__l1_ratio"": 0.2, ""select__k"": 100}",100
0.9958333333333333,0.9983333333333333,0.9705882352941176,0.9791666666666667,0.9583333333333334,1.0,0.9787234042553191,23,10,0,1,elastic_net,9,"{""clf__C"": 0.03, ""clf__l1_ratio"": 0.2, ""select__k"": 15}",15
1.0,1.0,1.0,1.0,1.0,1.0,1.0,23,10,0,0,elastic_net,10,"{""clf__C"": 1.0, ""clf__l1_ratio"": 0.2, ""select__k"": 15}",15
1.0,1.0,1.0,1.0,1.0,1.0,1.0,24,10,0,0,elastic_net,11,"{""clf__C"": 0.03, ""clf__l1_ratio"": 0.2, ""select__k"": 100}",100
0.9791666666666667,0.992816091954023,0.9117647058823529,0.8791666666666667,0.9583333333333334,0.8,0.9387755102040817,23,8,2,1,elastic_net,12,"{""clf__C"": 0.03, ""clf__l1_ratio"": 0.8, ""select__k"": 15}",15
1.0,1.0,1.0,1.0,1.0,1.0,1.0,24,10,0,0,elastic_net,13,"{""clf__C"": 1.0, ""clf__l1_ratio"": 0.5, ""select__k"": 100}",100
1.0,1.0,1.0,1.0,1.0,1.0,1.0,24,10,0,0,elastic_net,14,"{""clf__C"": 0.3, ""clf__l1_ratio"": 0.2, ""select__k"": 100}",100
1.0,1.0,0.9696969696969697,0.9782608695652174,0.9565217391304348,1.0,0.9777777777777777,22,10,0,1,elastic_net,15,"{""clf__C"": 0.03, ""clf__l1_ratio"": 0.2, ""select__k"": 50}",50
1.0,1.0,1.0,1.0,1.0,1.0,1.0,24,10,0,0,elastic_net,16,"{""clf__C"": 0.1, ""clf__l1_ratio"": 0.2, ""select__k"": 100}",100
0.9916666666666667,0.9967948717948718,0.9705882352941176,0.9791666666666667,0.9583333333333334,1.0,0.9787234042553191,23,10,0,1,elastic_net,17,"{""clf__C"": 0.03, ""clf__l1_ratio"": 0.8, ""select__k"": 15}",15
1.0,1.0,1.0,1.0,1.0,1.0,1.0,24,10,0,0,elastic_net,18,"{""clf__C"": 0.03, ""clf__l1_ratio"": 0.2, ""select__k"": 30}",30
1.0,1.0,1.0,1.0,1.0,1.0,1.0,24,10,0,0,elastic_net,19,"{""clf__C"": 0.3, ""clf__l1_ratio"": 0.8, ""select__k"": 100}",100
0.9956521739130435,0.9981884057971013,0.9696969696969697,0.9782608695652174,0.9565217391304348,1.0,0.9777777777777777,22,10,0,1,elastic_net,20,"{""clf__C"": 0.03, ""clf__l1_ratio"": 0.5, ""select__k"": 30}",30
1.0,1.0,1.0,1.0,1.0,1.0,1.0,24,10,0,0,elastic_net,21,"{""clf__C"": 0.1, ""clf__l1_ratio"": 0.8, ""select__k"": 100}",100
0.9916666666666667,0.9967948717948718,0.9705882352941176,0.9791666666666667,0.9583333333333334,1.0,0.9787234042553191,23,10,0,1,elastic_net,22,"{""clf__C"": 0.3, ""clf__l1_ratio"": 0.2, ""select__k"": 15}",15
1.0,1.0,1.0,1.0,1.0,1.0,1.0,24,10,0,0,elastic_net,23,"{""clf__C"": 0.03, ""clf__l1_ratio"": 0.2, ""select__k"": 50}",50
1.0,1.0,1.0,1.0,1.0,1.0,1.0,24,10,0,0,elastic_net,24,"{""clf__C"": 0.03, ""clf__l1_ratio"": 0.2, ""select__k"": 100}",100
1.0,1.0,0.9696969696969697,0.9782608695652174,0.9565217391304348,1.0,0.9777777777777777,22,10,0,1,elastic_net,25,"{""clf__C"": 0.03, ""clf__l1_ratio"": 0.2, ""select__k"": 15}",15
0.9916666666666667,0.9967948717948718,0.9705882352941176,0.9791666666666667,0.9583333333333334,1.0,0.9787234042553191,23,10,0,1,elastic_net,26,"{""clf__C"": 0.03, ""clf__l1_ratio"": 0.2, ""select__k"": 100}",100
1.0,1.0,0.9705882352941176,0.9791666666666667,0.9583333333333334,1.0,0.9787234042553191,23,10,0,1,elastic_net,27,"{""clf__C"": 0.1, ""clf__l1_ratio"": 0.5, ""select__k"": 15}",15
1.0,1.0,1.0,1.0,1.0,1.0,1.0,24,10,0,0,elastic_net,28,"{""clf__C"": 0.03, ""clf__l1_ratio"": 0.8, ""select__k"": 15}",15
1.0,1.0,1.0,1.0,1.0,1.0,1.0,24,10,0,0,elastic_net,29,"{""clf__C"": 0.03, ""clf__l1_ratio"": 0.2, ""select__k"": 15}",15
0.9956521739130435,0.9981884057971013,0.9696969696969697,0.9782608695652174,0.9565217391304348,1.0,0.9777777777777777,22,10,0,1,elastic_net,30,"{""clf__C"": 0.1, ""clf__l1_ratio"": 0.8, ""select__k"": 15}",15
1.0,1.0,0.9705882352941176,0.95,1.0,0.9,0.9795918367346939,24,9,1,0,elastic_net,31,"{""clf__C"": 0.03, ""clf__l1_ratio"": 0.8, ""select__k"": 15}",15
1.0,1.0,1.0,1.0,1.0,1.0,1.0,24,10,0,0,elastic_net,32,"{""clf__C"": 0.1, ""clf__l1_ratio"": 0.2, ""select__k"": 100}",100
0.9916666666666667,0.9965972222222221,0.9411764705882353,0.9583333333333333,0.9166666666666666,1.0,0.9565217391304348,22,10,0,2,elastic_net,33,"{""clf__C"": 0.3, ""clf__l1_ratio"": 0.2, ""select__k"": 30}",30
1.0,1.0,0.9705882352941176,0.95,1.0,0.9,0.9795918367346939,24,9,1,0,elastic_net,34,"{""clf__C"": 1.0, ""clf__l1_ratio"": 0.8, ""select__k"": 100}",100
1.0,1.0,1.0,1.0,1.0,1.0,1.0,23,10,0,0,elastic_net,35,"{""clf__C"": 1.0, ""clf__l1_ratio"": 0.2, ""select__k"": 100}",100
1.0,1.0,1.0,1.0,1.0,1.0,1.0,24,10,0,0,elastic_net,36,"{""clf__C"": 0.3, ""clf__l1_ratio"": 0.2, ""select__k"": 100}",100
1.0,1.0,0.9705882352941176,0.9791666666666667,0.9583333333333334,1.0,0.9787234042553191,23,10,0,1,elastic_net,37,"{""clf__C"": 0.3, ""clf__l1_ratio"": 0.2, ""select__k"": 100}",100
1.0,1.0,0.9705882352941176,0.95,1.0,0.9,0.9795918367346939,24,9,1,0,elastic_net,38,"{""clf__C"": 0.3, ""clf__l1_ratio"": 0.2, ""select__k"": 100}",100
0.9916666666666667,0.9967948717948718,0.9705882352941176,0.9791666666666667,0.9583333333333334,1.0,0.9787234042553191,23,10,0,1,elastic_net,39,"{""clf__C"": 0.03, ""clf__l1_ratio"": 0.2, ""select__k"": 15}",15
1.0,1.0,1.0,1.0,1.0,1.0,1.0,23,10,0,0,elastic_net,40,"{""clf__C"": 1.0, ""clf__l1_ratio"": 0.8, ""select__k"": 15}",15
1.0,1.0,0.9705882352941176,0.9791666666666667,0.9583333333333334,1.0,0.9787234042553191,23,10,0,1,elastic_net,41,"{""clf__C"": 0.3, ""clf__l1_ratio"": 0.8, ""select__k"": 100}",100
1.0,1.0,1.0,1.0,1.0,1.0,1.0,24,10,0,0,elastic_net,42,"{""clf__C"": 0.3, ""clf__l1_ratio"": 0.5, ""select__k"": 100}",100
1.0,1.0,1.0,1.0,1.0,1.0,1.0,24,10,0,0,elastic_net,43,"{""clf__C"": 1.0, ""clf__l1_ratio"": 0.2, ""select__k"": 100}",100
0.9958333333333333,0.9983333333333333,0.9705882352941176,0.9791666666666667,0.9583333333333334,1.0,0.9787234042553191,23,10,0,1,elastic_net,44,"{""clf__C"": 1.0, ""clf__l1_ratio"": 0.5, ""select__k"": 30}",30
0.9956521739130435,0.9981884057971013,0.9696969696969697,0.9782608695652174,0.9565217391304348,1.0,0.9777777777777777,22,10,0,1,elastic_net,45,"{""clf__C"": 0.03, ""clf__l1_ratio"": 0.8, ""select__k"": 15}",15
0.9833333333333334,0.9940476190476191,0.9705882352941176,0.9791666666666667,0.9583333333333334,1.0,0.9787234042553191,23,10,0,1,elastic_net,46,"{""clf__C"": 0.03, ""clf__l1_ratio"": 0.2, ""select__k"": 15}",15
1.0,1.0,1.0,1.0,1.0,1.0,1.0,24,10,0,0,elastic_net,47,"{""clf__C"": 0.3, ""clf__l1_ratio"": 0.2, ""select__k"": 50}",50
1.0,1.0,1.0,1.0,1.0,1.0,1.0,24,10,0,0,elastic_net,48,"{""clf__C"": 0.3, ""clf__l1_ratio"": 0.5, ""select__k"": 50}",50
1.0,1.0,1.0,1.0,1.0,1.0,1.0,24,10,0,0,elastic_net,49,"{""clf__C"": 1.0, ""clf__l1_ratio"": 0.2, ""select__k"": 50}",50
0.991304347826087,0.9965217391304347,0.9393939393939394,0.9565217391304348,0.9130434782608695,1.0,0.9545454545454546,21,10,0,2,elastic_net,50,"{""clf__C"": 0.03, ""clf__l1_ratio"": 0.2, ""select__k"": 30}",30
1.0,1.0,1.0,1.0,1.0,1.0,1.0,24,10,0,0,linear_svm,1,"{""clf__C"": 0.1, ""select__k"": 100}",100
1.0,1.0,0.9411764705882353,0.9583333333333333,0.9166666666666666,1.0,0.9565217391304348,22,10,0,2,linear_svm,2,"{""clf__C"": 0.03, ""select__k"": 100}",100
0.9958333333333333,0.9983333333333333,0.9705882352941176,0.9791666666666667,0.9583333333333334,1.0,0.9787234042553191,23,10,0,1,linear_svm,3,"{""clf__C"": 0.03, ""select__k"": 15}",15
1.0,1.0,1.0,1.0,1.0,1.0,1.0,24,10,0,0,linear_svm,4,"{""clf__C"": 0.03, ""select__k"": 100}",100
0.9956521739130435,0.9981884057971013,0.9696969696969697,0.9782608695652174,0.9565217391304348,1.0,0.9777777777777777,22,10,0,1,linear_svm,5,"{""clf__C"": 0.1, ""select__k"": 100}",100
1.0,1.0,1.0,1.0,1.0,1.0,1.0,24,10,0,0,linear_svm,6,"{""clf__C"": 0.03, ""select__k"": 30}",30
1.0,1.0,0.9411764705882353,0.9583333333333333,0.9166666666666666,1.0,0.9565217391304348,22,10,0,2,linear_svm,7,"{""clf__C"": 0.03, ""select__k"": 100}",100
1.0,1.0,1.0,1.0,1.0,1.0,1.0,24,10,0,0,linear_svm,8,"{""clf__C"": 0.3, ""select__k"": 100}",100
0.9958333333333333,0.9983333333333333,0.9705882352941176,0.9791666666666667,0.9583333333333334,1.0,0.9787234042553191,23,10,0,1,linear_svm,9,"{""clf__C"": 0.03, ""select__k"": 15}",15
1.0,1.0,1.0,1.0,1.0,1.0,1.0,23,10,0,0,linear_svm,10,"{""clf__C"": 0.3, ""select__k"": 100}",100
1.0,1.0,0.9705882352941176,0.9791666666666667,0.9583333333333334,1.0,0.9787234042553191,23,10,0,1,linear_svm,11,"{""clf__C"": 0.03, ""select__k"": 15}",15
0.9916666666666667,0.9967948717948718,0.9705882352941176,0.9791666666666667,0.9583333333333334,1.0,0.9787234042553191,23,10,0,1,linear_svm,12,"{""clf__C"": 0.3, ""select__k"": 100}",100
1.0,1.0,0.9705882352941176,0.9791666666666667,0.9583333333333334,1.0,0.9787234042553191,23,10,0,1,linear_svm,13,"{""clf__C"": 0.03, ""select__k"": 100}",100
1.0,1.0,1.0,1.0,1.0,1.0,1.0,24,10,0,0,linear_svm,14,"{""clf__C"": 1.0, ""select__k"": 100}",100
1.0,1.0,0.9696969696969697,0.9782608695652174,0.9565217391304348,1.0,0.9777777777777777,22,10,0,1,linear_svm,15,"{""clf__C"": 0.03, ""select__k"": 100}",100
1.0,1.0,1.0,1.0,1.0,1.0,1.0,24,10,0,0,linear_svm,16,"{""clf__C"": 0.03, ""select__k"": 100}",100
1.0,1.0,0.9705882352941176,0.9791666666666667,0.9583333333333334,1.0,0.9787234042553191,23,10,0,1,linear_svm,17,"{""clf__C"": 1.0, ""select__k"": 100}",100
1.0,1.0,1.0,1.0,1.0,1.0,1.0,24,10,0,0,linear_svm,18,"{""clf__C"": 0.03, ""select__k"": 30}",30
1.0,1.0,0.9705882352941176,0.9791666666666667,0.9583333333333334,1.0,0.9787234042553191,23,10,0,1,linear_svm,19,"{""clf__C"": 0.3, ""select__k"": 100}",100
0.9956521739130435,0.9981884057971013,0.9696969696969697,0.9782608695652174,0.9565217391304348,1.0,0.9777777777777777,22,10,0,1,linear_svm,20,"{""clf__C"": 0.03, ""select__k"": 15}",15
1.0,1.0,1.0,1.0,1.0,1.0,1.0,24,10,0,0,linear_svm,21,"{""clf__C"": 0.1, ""select__k"": 100}",100
0.9916666666666667,0.9967948717948718,0.9705882352941176,0.9791666666666667,0.9583333333333334,1.0,0.9787234042553191,23,10,0,1,linear_svm,22,"{""clf__C"": 0.03, ""select__k"": 15}",15
1.0,1.0,0.9705882352941176,0.9791666666666667,0.9583333333333334,1.0,0.9787234042553191,23,10,0,1,linear_svm,23,"{""clf__C"": 0.03, ""select__k"": 50}",50
1.0,1.0,1.0,1.0,1.0,1.0,1.0,24,10,0,0,linear_svm,24,"{""clf__C"": 0.1, ""select__k"": 100}",100
1.0,1.0,0.9696969696969697,0.9782608695652174,0.9565217391304348,1.0,0.9777777777777777,22,10,0,1,linear_svm,25,"{""clf__C"": 0.03, ""select__k"": 15}",15
1.0,1.0,0.9705882352941176,0.9791666666666667,0.9583333333333334,1.0,0.9787234042553191,23,10,0,1,linear_svm,26,"{""clf__C"": 0.03, ""select__k"": 100}",100
1.0,1.0,0.9411764705882353,0.9583333333333333,0.9166666666666666,1.0,0.9565217391304348,22,10,0,2,linear_svm,27,"{""clf__C"": 0.03, ""select__k"": 15}",15
1.0,1.0,1.0,1.0,1.0,1.0,1.0,24,10,0,0,linear_svm,28,"{""clf__C"": 0.03, ""select__k"": 100}",100
1.0,1.0,1.0,1.0,1.0,1.0,1.0,24,10,0,0,linear_svm,29,"{""clf__C"": 0.1, ""select__k"": 100}",100
0.9956521739130435,0.9981884057971013,0.9696969696969697,0.9782608695652174,0.9565217391304348,1.0,0.9777777777777777,22,10,0,1,linear_svm,30,"{""clf__C"": 0.03, ""select__k"": 15}",15
1.0,1.0,1.0,1.0,1.0,1.0,1.0,24,10,0,0,linear_svm,31,"{""clf__C"": 0.1, ""select__k"": 100}",100
1.0,1.0,1.0,1.0,1.0,1.0,1.0,24,10,0,0,linear_svm,32,"{""clf__C"": 0.1, ""select__k"": 100}",100
0.9916666666666667,0.9965972222222221,0.9411764705882353,0.9583333333333333,0.9166666666666666,1.0,0.9565217391304348,22,10,0,2,linear_svm,33,"{""clf__C"": 0.03, ""select__k"": 30}",30
1.0,1.0,1.0,1.0,1.0,1.0,1.0,24,10,0,0,linear_svm,34,"{""clf__C"": 0.03, ""select__k"": 100}",100
1.0,1.0,0.9696969696969697,0.9782608695652174,0.9565217391304348,1.0,0.9777777777777777,22,10,0,1,linear_svm,35,"{""clf__C"": 0.03, ""select__k"": 100}",100
1.0,1.0,0.9705882352941176,0.9791666666666667,0.9583333333333334,1.0,0.9787234042553191,23,10,0,1,linear_svm,36,"{""clf__C"": 0.03, ""select__k"": 100}",100
1.0,1.0,0.9705882352941176,0.9791666666666667,0.9583333333333334,1.0,0.9787234042553191,23,10,0,1,linear_svm,37,"{""clf__C"": 0.3, ""select__k"": 100}",100
1.0,1.0,1.0,1.0,1.0,1.0,1.0,24,10,0,0,linear_svm,38,"{""clf__C"": 0.03, ""select__k"": 100}",100
0.9916666666666667,0.9967948717948718,0.9705882352941176,0.9791666666666667,0.9583333333333334,1.0,0.9787234042553191,23,10,0,1,linear_svm,39,"{""clf__C"": 0.03, ""select__k"": 15}",15
1.0,1.0,1.0,1.0,1.0,1.0,1.0,23,10,0,0,linear_svm,40,"{""clf__C"": 0.1, ""select__k"": 100}",100
1.0,1.0,0.9705882352941176,0.9791666666666667,0.9583333333333334,1.0,0.9787234042553191,23,10,0,1,linear_svm,41,"{""clf__C"": 0.03, ""select__k"": 50}",50
1.0,1.0,1.0,1.0,1.0,1.0,1.0,24,10,0,0,linear_svm,42,"{""clf__C"": 0.1, ""select__k"": 15}",15
1.0,1.0,1.0,1.0,1.0,1.0,1.0,24,10,0,0,linear_svm,43,"{""clf__C"": 0.03, ""select__k"": 50}",50
1.0,1.0,0.9705882352941176,0.9791666666666667,0.9583333333333334,1.0,0.9787234042553191,23,10,0,1,linear_svm,44,"{""clf__C"": 0.03, ""select__k"": 100}",100
0.9956521739130435,0.9981884057971013,0.9696969696969697,0.9782608695652174,0.9565217391304348,1.0,0.9777777777777777,22,10,0,1,linear_svm,45,"{""clf__C"": 0.1, ""select__k"": 50}",50
0.9958333333333333,0.9983333333333333,0.9705882352941176,0.9791666666666667,0.9583333333333334,1.0,0.9787234042553191,23,10,0,1,linear_svm,46,"{""clf__C"": 0.03, ""select__k"": 30}",30
1.0,1.0,1.0,1.0,1.0,1.0,1.0,24,10,0,0,linear_svm,47,"{""clf__C"": 0.03, ""select__k"": 15}",15
1.0,1.0,1.0,1.0,1.0,1.0,1.0,24,10,0,0,linear_svm,48,"{""clf__C"": 0.03, ""select__k"": 100}",100
1.0,1.0,1.0,1.0,1.0,1.0,1.0,24,10,0,0,linear_svm,49,"{""clf__C"": 0.03, ""select__k"": 15}",15
1.0,1.0,0.9696969696969697,0.9782608695652174,0.9565217391304348,1.0,0.9777777777777777,22,10,0,1,linear_svm,50,"{""clf__C"": 0.3, ""select__k"": 100}",100
1.0,1.0,1.0,1.0,1.0,1.0,1.0,24,10,0,0,rbf_svm,1,"{""clf__C"": 0.1, ""clf__gamma"": ""scale"", ""select__k"": 30}",30
1.0,1.0,1.0,1.0,1.0,1.0,1.0,24,10,0,0,rbf_svm,2,"{""clf__C"": 3.0, ""clf__gamma"": ""scale"", ""select__k"": 30}",30
0.9916666666666667,0.9967948717948718,0.9705882352941176,0.9791666666666667,0.9583333333333334,1.0,0.9787234042553191,23,10,0,1,rbf_svm,3,"{""clf__C"": 1.0, ""clf__gamma"": ""scale"", ""select__k"": 30}",30
1.0,1.0,1.0,1.0,1.0,1.0,1.0,24,10,0,0,rbf_svm,4,"{""clf__C"": 0.1, ""clf__gamma"": ""scale"", ""select__k"": 30}",30
0.9869565217391304,0.9949832775919732,0.9393939393939394,0.9565217391304348,0.9130434782608695,1.0,0.9545454545454546,21,10,0,2,rbf_svm,5,"{""clf__C"": 0.1, ""clf__gamma"": ""scale"", ""select__k"": 30}",30
0.9916666666666667,0.9967948717948718,0.9411764705882353,0.9,1.0,0.8,0.96,24,8,2,0,rbf_svm,6,"{""clf__C"": 3.0, ""clf__gamma"": ""scale"", ""select__k"": 30}",30
1.0,1.0,0.9705882352941176,0.9791666666666667,0.9583333333333334,1.0,0.9787234042553191,23,10,0,1,rbf_svm,7,"{""clf__C"": 3.0, ""clf__gamma"": ""scale"", ""select__k"": 30}",30
1.0,1.0,1.0,1.0,1.0,1.0,1.0,24,10,0,0,rbf_svm,8,"{""clf__C"": 3.0, ""clf__gamma"": ""scale"", ""select__k"": 30}",30
0.9874999999999999,0.9953703703703702,0.9705882352941176,0.9791666666666667,0.9583333333333334,1.0,0.9787234042553191,23,10,0,1,rbf_svm,9,"{""clf__C"": 1.0, ""clf__gamma"": ""scale"", ""select__k"": 30}",30
1.0,1.0,1.0,1.0,1.0,1.0,1.0,23,10,0,0,rbf_svm,10,"{""clf__C"": 0.1, ""clf__gamma"": ""scale"", ""select__k"": 50}",50
1.0,1.0,0.9705882352941176,0.9791666666666667,0.9583333333333334,1.0,0.9787234042553191,23,10,0,1,rbf_svm,11,"{""clf__C"": 0.1, ""clf__gamma"": ""scale"", ""select__k"": 30}",30
0.975,0.9916666666666665,0.9705882352941176,0.9791666666666667,0.9583333333333334,1.0,0.9787234042553191,23,10,0,1,rbf_svm,12,"{""clf__C"": 0.1, ""clf__gamma"": ""scale"", ""select__k"": 50}",50
1.0,1.0,1.0,1.0,1.0,1.0,1.0,24,10,0,0,rbf_svm,13,"{""clf__C"": 0.1, ""clf__gamma"": ""scale"", ""select__k"": 30}",30
1.0,1.0,1.0,1.0,1.0,1.0,1.0,24,10,0,0,rbf_svm,14,"{""clf__C"": 3.0, ""clf__gamma"": ""scale"", ""select__k"": 50}",50
0.9956521739130435,0.9981884057971013,0.9696969696969697,0.9782608695652174,0.9565217391304348,1.0,0.9777777777777777,22,10,0,1,rbf_svm,15,"{""clf__C"": 0.1, ""clf__gamma"": ""scale"", ""select__k"": 30}",30
1.0,1.0,1.0,1.0,1.0,1.0,1.0,24,10,0,0,rbf_svm,16,"{""clf__C"": 3.0, ""clf__gamma"": ""scale"", ""select__k"": 30}",30
0.9791666666666667,0.992816091954023,0.9705882352941176,0.9791666666666667,0.9583333333333334,1.0,0.9787234042553191,23,10,0,1,rbf_svm,17,"{""clf__C"": 0.1, ""clf__gamma"": ""scale"", ""select__k"": 30}",30
1.0,1.0,1.0,1.0,1.0,1.0,1.0,24,10,0,0,rbf_svm,18,"{""clf__C"": 1.0, ""clf__gamma"": ""scale"", ""select__k"": 50}",50
1.0,1.0,1.0,1.0,1.0,1.0,1.0,24,10,0,0,rbf_svm,19,"{""clf__C"": 3.0, ""clf__gamma"": ""scale"", ""select__k"": 50}",50
0.9956521739130435,0.9981884057971013,0.9696969696969697,0.9782608695652174,0.9565217391304348,1.0,0.9777777777777777,22,10,0,1,rbf_svm,20,"{""clf__C"": 3.0, ""clf__gamma"": ""scale"", ""select__k"": 50}",50
1.0,1.0,1.0,1.0,1.0,1.0,1.0,24,10,0,0,rbf_svm,21,"{""clf__C"": 1.0, ""clf__gamma"": ""scale"", ""select__k"": 50}",50
0.9916666666666667,0.9967948717948718,0.9705882352941176,0.9791666666666667,0.9583333333333334,1.0,0.9787234042553191,23,10,0,1,rbf_svm,22,"{""clf__C"": 1.0, ""clf__gamma"": ""scale"", ""select__k"": 30}",30
1.0,1.0,0.9705882352941176,0.9791666666666667,0.9583333333333334,1.0,0.9787234042553191,23,10,0,1,rbf_svm,23,"{""clf__C"": 0.1, ""clf__gamma"": ""scale"", ""select__k"": 50}",50
1.0,1.0,0.9705882352941176,0.95,1.0,0.9,0.9795918367346939,24,9,1,0,rbf_svm,24,"{""clf__C"": 3.0, ""clf__gamma"": ""scale"", ""select__k"": 50}",50
0.9956521739130435,0.9981884057971013,0.9696969696969697,0.9782608695652174,0.9565217391304348,1.0,0.9777777777777777,22,10,0,1,rbf_svm,25,"{""clf__C"": 3.0, ""clf__gamma"": ""scale"", ""select__k"": 50}",50
0.9916666666666667,0.9967948717948718,0.9705882352941176,0.9791666666666667,0.9583333333333334,1.0,0.9787234042553191,23,10,0,1,rbf_svm,26,"{""clf__C"": 1.0, ""clf__gamma"": ""scale"", ""select__k"": 30}",30
1.0,1.0,1.0,1.0,1.0,1.0,1.0,24,10,0,0,rbf_svm,27,"{""clf__C"": 0.1, ""clf__gamma"": ""scale"", ""select__k"": 30}",30
1.0,1.0,1.0,1.0,1.0,1.0,1.0,24,10,0,0,rbf_svm,28,"{""clf__C"": 3.0, ""clf__gamma"": ""scale"", ""select__k"": 30}",30
1.0,1.0,1.0,1.0,1.0,1.0,1.0,24,10,0,0,rbf_svm,29,"{""clf__C"": 1.0, ""clf__gamma"": ""scale"", ""select__k"": 30}",30
0.991304347826087,0.9965217391304347,0.9696969696969697,0.9782608695652174,0.9565217391304348,1.0,0.9777777777777777,22,10,0,1,rbf_svm,30,"{""clf__C"": 1.0, ""clf__gamma"": ""scale"", ""select__k"": 30}",30
1.0,1.0,0.9705882352941176,0.95,1.0,0.9,0.9795918367346939,24,9,1,0,rbf_svm,31,"{""clf__C"": 3.0, ""clf__gamma"": ""scale"", ""select__k"": 50}",50
1.0,1.0,1.0,1.0,1.0,1.0,1.0,24,10,0,0,rbf_svm,32,"{""clf__C"": 3.0, ""clf__gamma"": ""scale"", ""select__k"": 50}",50
0.9833333333333333,0.9936342592592592,0.9411764705882353,0.9583333333333333,0.9166666666666666,1.0,0.9565217391304348,22,10,0,2,rbf_svm,33,"{""clf__C"": 1.0, ""clf__gamma"": ""scale"", ""select__k"": 30}",30
1.0,1.0,1.0,1.0,1.0,1.0,1.0,24,10,0,0,rbf_svm,34,"{""clf__C"": 3.0, ""clf__gamma"": ""scale"", ""select__k"": 50}",50
1.0,1.0,1.0,1.0,1.0,1.0,1.0,23,10,0,0,rbf_svm,35,"{""clf__C"": 3.0, ""clf__gamma"": ""scale"", ""select__k"": 50}",50
0.9958333333333333,0.9983333333333333,0.9411764705882353,0.9583333333333333,0.9166666666666666,1.0,0.9565217391304348,22,10,0,2,rbf_svm,36,"{""clf__C"": 0.1, ""clf__gamma"": ""scale"", ""select__k"": 30}",30
1.0,1.0,0.9705882352941176,0.9791666666666667,0.9583333333333334,1.0,0.9787234042553191,23,10,0,1,rbf_svm,37,"{""clf__C"": 0.1, ""clf__gamma"": ""scale"", ""select__k"": 30}",30
1.0,1.0,0.9705882352941176,0.95,1.0,0.9,0.9795918367346939,24,9,1,0,rbf_svm,38,"{""clf__C"": 3.0, ""clf__gamma"": ""scale"", ""select__k"": 30}",30
0.9833333333333334,0.9940476190476191,0.9705882352941176,0.9791666666666667,0.9583333333333334,1.0,0.9787234042553191,23,10,0,1,rbf_svm,39,"{""clf__C"": 0.1, ""clf__gamma"": ""scale"", ""select__k"": 30}",30
1.0,1.0,1.0,1.0,1.0,1.0,1.0,23,10,0,0,rbf_svm,40,"{""clf__C"": 3.0, ""clf__gamma"": ""scale"", ""select__k"": 30}",30
1.0,1.0,1.0,1.0,1.0,1.0,1.0,24,10,0,0,rbf_svm,41,"{""clf__C"": 3.0, ""clf__gamma"": ""scale"", ""select__k"": 30}",30
1.0,1.0,1.0,1.0,1.0,1.0,1.0,24,10,0,0,rbf_svm,42,"{""clf__C"": 0.1, ""clf__gamma"": ""scale"", ""select__k"": 30}",30
1.0,1.0,0.9705882352941176,0.9791666666666667,0.9583333333333334,1.0,0.9787234042553191,23,10,0,1,rbf_svm,43,"{""clf__C"": 0.1, ""clf__gamma"": ""scale"", ""select__k"": 30}",30
0.9958333333333333,0.9983333333333333,0.9705882352941176,0.9791666666666667,0.9583333333333334,1.0,0.9787234042553191,23,10,0,1,rbf_svm,44,"{""clf__C"": 0.1, ""clf__gamma"": ""scale"", ""select__k"": 30}",30
0.9782608695652174,0.9922360248447205,0.9696969696969697,0.9782608695652174,0.9565217391304348,1.0,0.9777777777777777,22,10,0,1,rbf_svm,45,"{""clf__C"": 1.0, ""clf__gamma"": ""scale"", ""select__k"": 30}",30
0.9874999999999999,0.9953703703703702,0.9705882352941176,0.9791666666666667,0.9583333333333334,1.0,0.9787234042553191,23,10,0,1,rbf_svm,46,"{""clf__C"": 0.1, ""clf__gamma"": ""scale"", ""select__k"": 30}",30
1.0,1.0,1.0,1.0,1.0,1.0,1.0,24,10,0,0,rbf_svm,47,"{""clf__C"": 0.1, ""clf__gamma"": ""scale"", ""select__k"": 30}",30
1.0,1.0,1.0,1.0,1.0,1.0,1.0,24,10,0,0,rbf_svm,48,"{""clf__C"": 3.0, ""clf__gamma"": ""scale"", ""select__k"": 30}",30
1.0,1.0,1.0,1.0,1.0,1.0,1.0,24,10,0,0,rbf_svm,49,"{""clf__C"": 1.0, ""clf__gamma"": ""scale"", ""select__k"": 30}",30
0.9956521739130435,0.9981884057971013,0.9696969696969697,0.9782608695652174,0.9565217391304348,1.0,0.9777777777777777,22,10,0,1,rbf_svm,50,"{""clf__C"": 3.0, ""clf__gamma"": ""scale"", ""select__k"": 50}",50
1.0,1.0,1.0,1.0,1.0,1.0,1.0,24,10,0,0,random_forest,1,"{""clf__max_depth"": 3, ""clf__min_samples_leaf"": 3, ""select__k"": 100}",100
1.0,0.9999999999999999,1.0,1.0,1.0,1.0,1.0,24,10,0,0,random_forest,2,"{""clf__max_depth"": 3, ""clf__min_samples_leaf"": 3, ""select__k"": 100}",100
0.9916666666666667,0.9967948717948718,0.9411764705882353,0.9291666666666667,0.9583333333333334,0.9,0.9583333333333334,23,9,1,1,random_forest,3,"{""clf__max_depth"": 3, ""clf__min_samples_leaf"": 3, ""select__k"": 100}",100
1.0,1.0,1.0,1.0,1.0,1.0,1.0,24,10,0,0,random_forest,4,"{""clf__max_depth"": 3, ""clf__min_samples_leaf"": 3, ""select__k"": 100}",100
0.9826086956521739,0.9935587761674718,0.9393939393939394,0.9282608695652175,0.9565217391304348,0.9,0.9565217391304348,22,9,1,1,random_forest,5,"{""clf__max_depth"": 3, ""clf__min_samples_leaf"": 1, ""select__k"": 50}",50
0.9958333333333333,0.9983333333333333,0.9411764705882353,0.9,1.0,0.8,0.96,24,8,2,0,random_forest,6,"{""clf__max_depth"": 3, ""clf__min_samples_leaf"": 3, ""select__k"": 50}",50
1.0,1.0,0.9705882352941176,0.9791666666666667,0.9583333333333334,1.0,0.9787234042553191,23,10,0,1,random_forest,7,"{""clf__max_depth"": 3, ""clf__min_samples_leaf"": 1, ""select__k"": 50}",50
1.0,1.0,1.0,1.0,1.0,1.0,1.0,24,10,0,0,random_forest,8,"{""clf__max_depth"": 3, ""clf__min_samples_leaf"": 1, ""select__k"": 100}",100
0.9916666666666667,0.9967948717948718,0.9705882352941176,0.9791666666666667,0.9583333333333334,1.0,0.9787234042553191,23,10,0,1,random_forest,9,"{""clf__max_depth"": 3, ""clf__min_samples_leaf"": 1, ""select__k"": 50}",50
1.0,1.0,0.9696969696969697,0.95,1.0,0.9,0.9787234042553191,23,9,1,0,random_forest,10,"{""clf__max_depth"": 3, ""clf__min_samples_leaf"": 1, ""select__k"": 100}",100
1.0,1.0,0.9705882352941176,0.95,1.0,0.9,0.9795918367346939,24,9,1,0,random_forest,11,"{""clf__max_depth"": 3, ""clf__min_samples_leaf"": 3, ""select__k"": 100}",100
0.975,0.9916666666666667,0.9117647058823529,0.8791666666666667,0.9583333333333334,0.8,0.9387755102040817,23,8,2,1,random_forest,12,"{""clf__max_depth"": 3, ""clf__min_samples_leaf"": 1, ""select__k"": 50}",50
1.0,1.0,1.0,1.0,1.0,1.0,1.0,24,10,0,0,random_forest,13,"{""clf__max_depth"": 3, ""clf__min_samples_leaf"": 1, ""select__k"": 100}",100
1.0,1.0,1.0,1.0,1.0,1.0,1.0,24,10,0,0,random_forest,14,"{""clf__max_depth"": 3, ""clf__min_samples_leaf"": 1, ""select__k"": 50}",50
1.0,0.9999999999999999,0.9696969696969697,0.9782608695652174,0.9565217391304348,1.0,0.9777777777777777,22,10,0,1,random_forest,15,"{""clf__max_depth"": 3, ""clf__min_samples_leaf"": 3, ""select__k"": 100}",100
1.0,0.9999999999999999,1.0,1.0,1.0,1.0,1.0,24,10,0,0,random_forest,16,"{""clf__max_depth"": 3, ""clf__min_samples_leaf"": 3, ""select__k"": 100}",100
0.9833333333333334,0.9940476190476191,0.9705882352941176,0.9791666666666667,0.9583333333333334,1.0,0.9787234042553191,23,10,0,1,random_forest,17,"{""clf__max_depth"": 3, ""clf__min_samples_leaf"": 1, ""select__k"": 100}",100
1.0,1.0,1.0,1.0,1.0,1.0,1.0,24,10,0,0,random_forest,18,"{""clf__max_depth"": 3, ""clf__min_samples_leaf"": 3, ""select__k"": 100}",100
1.0,1.0,0.9117647058823529,0.85,1.0,0.7,0.9411764705882353,24,7,3,0,random_forest,19,"{""clf__max_depth"": 3, ""clf__min_samples_leaf"": 1, ""select__k"": 50}",50
0.9956521739130435,0.9981884057971013,0.9696969696969697,0.9782608695652174,0.9565217391304348,1.0,0.9777777777777777,22,10,0,1,random_forest,20,"{""clf__max_depth"": 3, ""clf__min_samples_leaf"": 3, ""select__k"": 50}",50
1.0,1.0,1.0,1.0,1.0,1.0,1.0,24,10,0,0,random_forest,21,"{""clf__max_depth"": 3, ""clf__min_samples_leaf"": 3, ""select__k"": 50}",50
0.9874999999999999,0.9953703703703703,0.9705882352941176,0.9791666666666667,0.9583333333333334,1.0,0.9787234042553191,23,10,0,1,random_forest,22,"{""clf__max_depth"": 3, ""clf__min_samples_leaf"": 1, ""select__k"": 50}",50
1.0,1.0,0.9705882352941176,0.95,1.0,0.9,0.9795918367346939,24,9,1,0,random_forest,23,"{""clf__max_depth"": 3, ""clf__min_samples_leaf"": 1, ""select__k"": 100}",100
1.0,1.0,0.9705882352941176,0.95,1.0,0.9,0.9795918367346939,24,9,1,0,random_forest,24,"{""clf__max_depth"": 3, ""clf__min_samples_leaf"": 1, ""select__k"": 100}",100
1.0,1.0,0.9696969696969697,0.9782608695652174,0.9565217391304348,1.0,0.9777777777777777,22,10,0,1,random_forest,25,"{""clf__max_depth"": 3, ""clf__min_samples_leaf"": 1, ""select__k"": 100}",100
0.9916666666666667,0.9967948717948719,0.9705882352941176,0.9791666666666667,0.9583333333333334,1.0,0.9787234042553191,23,10,0,1,random_forest,26,"{""clf__max_depth"": 3, ""clf__min_samples_leaf"": 1, ""select__k"": 50}",50
1.0,1.0,0.9705882352941176,0.95,1.0,0.9,0.9795918367346939,24,9,1,0,random_forest,27,"{""clf__max_depth"": 3, ""clf__min_samples_leaf"": 3, ""select__k"": 50}",50
1.0,1.0,1.0,1.0,1.0,1.0,1.0,24,10,0,0,random_forest,28,"{""clf__max_depth"": 3, ""clf__min_samples_leaf"": 1, ""select__k"": 50}",50
1.0,1.0,0.9705882352941176,0.95,1.0,0.9,0.9795918367346939,24,9,1,0,random_forest,29,"{""clf__max_depth"": 3, ""clf__min_samples_leaf"": 1, ""select__k"": 100}",100
0.991304347826087,0.9965217391304348,0.9393939393939394,0.9282608695652175,0.9565217391304348,0.9,0.9565217391304348,22,9,1,1,random_forest,30,"{""clf__max_depth"": 3, ""clf__min_samples_leaf"": 3, ""select__k"": 50}",50
1.0,1.0,0.9705882352941176,0.95,1.0,0.9,0.9795918367346939,24,9,1,0,random_forest,31,"{""clf__max_depth"": 3, ""clf__min_samples_leaf"": 1, ""select__k"": 100}",100
1.0,1.0,1.0,1.0,1.0,1.0,1.0,24,10,0,0,random_forest,32,"{""clf__max_depth"": 3, ""clf__min_samples_leaf"": 1, ""select__k"": 100}",100
0.9874999999999999,0.9953703703703702,0.9411764705882353,0.9583333333333333,0.9166666666666666,1.0,0.9565217391304348,22,10,0,2,random_forest,33,"{""clf__max_depth"": 3, ""clf__min_samples_leaf"": 1, ""select__k"": 100}",100
1.0,1.0,0.9705882352941176,0.95,1.0,0.9,0.9795918367346939,24,9,1,0,random_forest,34,"{""clf__max_depth"": 3, ""clf__min_samples_leaf"": 3, ""select__k"": 50}",50
1.0,1.0,1.0,1.0,1.0,1.0,1.0,23,10,0,0,random_forest,35,"{""clf__max_depth"": 3, ""clf__min_samples_leaf"": 1, ""select__k"": 50}",50
0.9958333333333333,0.9983333333333333,0.9705882352941176,0.95,1.0,0.9,0.9795918367346939,24,9,1,0,random_forest,36,"{""clf__max_depth"": 3, ""clf__min_samples_leaf"": 1, ""select__k"": 100}",100
1.0,1.0,0.9705882352941176,0.9791666666666667,0.9583333333333334,1.0,0.9787234042553191,23,10,0,1,random_forest,37,"{""clf__max_depth"": 3, ""clf__min_samples_leaf"": 1, ""select__k"": 50}",50
1.0,1.0,0.9705882352941176,0.95,1.0,0.9,0.9795918367346939,24,9,1,0,random_forest,38,"{""clf__max_depth"": 3, ""clf__min_samples_leaf"": 1, ""select__k"": 50}",50
0.9874999999999999,0.9953703703703705,0.9411764705882353,0.9291666666666667,0.9583333333333334,0.9,0.9583333333333334,23,9,1,1,random_forest,39,"{""clf__max_depth"": 3, ""clf__min_samples_leaf"": 3, ""select__k"": 100}",100
1.0,1.0,1.0,1.0,1.0,1.0,1.0,23,10,0,0,random_forest,40,"{""clf__max_depth"": 3, ""clf__min_samples_leaf"": 1, ""select__k"": 50}",50
1.0,1.0,0.9705882352941176,0.95,1.0,0.9,0.9795918367346939,24,9,1,0,random_forest,41,"{""clf__max_depth"": 3, ""clf__min_samples_leaf"": 1, ""select__k"": 50}",50
1.0,1.0,0.9705882352941176,0.95,1.0,0.9,0.9795918367346939,24,9,1,0,random_forest,42,"{""clf__max_depth"": 3, ""clf__min_samples_leaf"": 1, ""select__k"": 50}",50
1.0,1.0,0.9705882352941176,0.95,1.0,0.9,0.9795918367346939,24,9,1,0,random_forest,43,"{""clf__max_depth"": 3, ""clf__min_samples_leaf"": 1, ""select__k"": 100}",100
1.0,1.0,0.9705882352941176,0.9791666666666667,0.9583333333333334,1.0,0.9787234042553191,23,10,0,1,random_forest,44,"{""clf__max_depth"": 3, ""clf__min_samples_leaf"": 3, ""select__k"": 50}",50
0.9826086956521739,0.9935587761674718,0.9393939393939394,0.9282608695652175,0.9565217391304348,0.9,0.9565217391304348,22,9,1,1,random_forest,45,"{""clf__max_depth"": 3, ""clf__min_samples_leaf"": 1, ""select__k"": 50}",50
0.975,0.9916666666666667,0.9705882352941176,0.9791666666666667,0.9583333333333334,1.0,0.9787234042553191,23,10,0,1,random_forest,46,"{""clf__max_depth"": 3, ""clf__min_samples_leaf"": 1, ""select__k"": 50}",50
1.0,1.0,0.9705882352941176,0.95,1.0,0.9,0.9795918367346939,24,9,1,0,random_forest,47,"{""clf__max_depth"": 3, ""clf__min_samples_leaf"": 1, ""select__k"": 100}",100
1.0,1.0,1.0,1.0,1.0,1.0,1.0,24,10,0,0,random_forest,48,"{""clf__max_depth"": 5, ""clf__min_samples_leaf"": 1, ""select__k"": 100}",100
1.0,1.0,1.0,1.0,1.0,1.0,1.0,24,10,0,0,random_forest,49,"{""clf__max_depth"": 3, ""clf__min_samples_leaf"": 1, ""select__k"": 50}",50
0.9826086956521738,0.9930929184237313,0.9393939393939394,0.9282608695652175,0.9565217391304348,0.9,0.9565217391304348,22,9,1,1,random_forest,50,"{""clf__max_depth"": 3, ""clf__min_samples_leaf"": 1, ""select__k"": 100}",100
1.0,1.0,1.0,1.0,1.0,1.0,1.0,24,10,0,0,gradient_boosting,1,"{""clf__learning_rate"": 0.08, ""clf__max_depth"": 1, ""clf__n_estimators"": 150, ""select__k"": 30}",30
1.0,1.0,1.0,1.0,1.0,1.0,1.0,24,10,0,0,gradient_boosting,2,"{""clf__learning_rate"": 0.08, ""clf__max_depth"": 1, ""clf__n_estimators"": 150, ""select__k"": 30}",30
0.9874999999999999,0.9953703703703703,0.9411764705882353,0.9291666666666667,0.9583333333333334,0.9,0.9583333333333334,23,9,1,1,gradient_boosting,3,"{""clf__learning_rate"": 0.03, ""clf__max_depth"": 1, ""clf__n_estimators"": 150, ""select__k"": 50}",50
1.0,1.0,0.9705882352941176,0.95,1.0,0.9,0.9795918367346939,24,9,1,0,gradient_boosting,4,"{""clf__learning_rate"": 0.03, ""clf__max_depth"": 1, ""clf__n_estimators"": 150, ""select__k"": 30}",30
0.9739130434782609,0.9910044977511244,0.9393939393939394,0.9282608695652175,0.9565217391304348,0.9,0.9565217391304348,22,9,1,1,gradient_boosting,5,"{""clf__learning_rate"": 0.03, ""clf__max_depth"": 1, ""clf__n_estimators"": 150, ""select__k"": 30}",30
0.9791666666666667,0.9909899068322982,0.9705882352941176,0.95,1.0,0.9,0.9795918367346939,24,9,1,0,gradient_boosting,6,"{""clf__learning_rate"": 0.03, ""clf__max_depth"": 1, ""clf__n_estimators"": 80, ""select__k"": 30}",30
0.9895833333333333,0.9953703703703703,0.9411764705882353,0.9583333333333333,0.9166666666666666,1.0,0.9565217391304348,22,10,0,2,gradient_boosting,7,"{""clf__learning_rate"": 0.03, ""clf__max_depth"": 1, ""clf__n_estimators"": 80, ""select__k"": 50}",50
1.0,1.0,0.9705882352941176,0.95,1.0,0.9,0.9795918367346939,24,9,1,0,gradient_boosting,8,"{""clf__learning_rate"": 0.03, ""clf__max_depth"": 1, ""clf__n_estimators"": 80, ""select__k"": 50}",50
0.9874999999999999,0.9953703703703703,0.9705882352941176,0.9791666666666667,0.9583333333333334,1.0,0.9787234042553191,23,10,0,1,gradient_boosting,9,"{""clf__learning_rate"": 0.03, ""clf__max_depth"": 1, ""clf__n_estimators"": 80, ""select__k"": 30}",30
1.0,1.0,0.9696969696969697,0.95,1.0,0.9,0.9787234042553191,23,9,1,0,gradient_boosting,10,"{""clf__learning_rate"": 0.03, ""clf__max_depth"": 1, ""clf__n_estimators"": 150, ""select__k"": 50}",50
1.0,1.0,0.9705882352941176,0.95,1.0,0.9,0.9795918367346939,24,9,1,0,gradient_boosting,11,"{""clf__learning_rate"": 0.08, ""clf__max_depth"": 1, ""clf__n_estimators"": 150, ""select__k"": 30}",30
0.9791666666666667,0.992816091954023,0.9117647058823529,0.8791666666666667,0.9583333333333334,0.8,0.9387755102040817,23,8,2,1,gradient_boosting,12,"{""clf__learning_rate"": 0.08, ""clf__max_depth"": 1, ""clf__n_estimators"": 150, ""select__k"": 50}",50
1.0,1.0,1.0,1.0,1.0,1.0,1.0,24,10,0,0,gradient_boosting,13,"{""clf__learning_rate"": 0.08, ""clf__max_depth"": 1, ""clf__n_estimators"": 80, ""select__k"": 30}",30
1.0,1.0,0.9705882352941176,0.95,1.0,0.9,0.9795918367346939,24,9,1,0,gradient_boosting,14,"{""clf__learning_rate"": 0.08, ""clf__max_depth"": 1, ""clf__n_estimators"": 150, ""select__k"": 50}",50
0.9782608695652173,0.9899355877616747,0.9393939393939394,0.9565217391304348,0.9130434782608695,1.0,0.9545454545454546,21,10,0,2,gradient_boosting,15,"{""clf__learning_rate"": 0.03, ""clf__max_depth"": 1, ""clf__n_estimators"": 80, ""select__k"": 30}",30
1.0,1.0,0.9705882352941176,0.95,1.0,0.9,0.9795918367346939,24,9,1,0,gradient_boosting,16,"{""clf__learning_rate"": 0.08, ""clf__max_depth"": 1, ""clf__n_estimators"": 80, ""select__k"": 30}",30
0.9812500000000001,0.9916666666666667,0.9705882352941176,0.9791666666666667,0.9583333333333334,1.0,0.9787234042553191,23,10,0,1,gradient_boosting,17,"{""clf__learning_rate"": 0.08, ""clf__max_depth"": 1, ""clf__n_estimators"": 80, ""select__k"": 30}",30
1.0,1.0,1.0,1.0,1.0,1.0,1.0,24,10,0,0,gradient_boosting,18,"{""clf__learning_rate"": 0.08, ""clf__max_depth"": 1, ""clf__n_estimators"": 150, ""select__k"": 50}",50
0.9916666666666667,0.9967948717948718,0.8823529411764706,0.8,1.0,0.6,0.9230769230769231,24,6,4,0,gradient_boosting,19,"{""clf__learning_rate"": 0.03, ""clf__max_depth"": 1, ""clf__n_estimators"": 80, ""select__k"": 30}",30
0.9956521739130435,0.9981884057971014,0.9393939393939394,0.9282608695652175,0.9565217391304348,0.9,0.9565217391304348,22,9,1,1,gradient_boosting,20,"{""clf__learning_rate"": 0.08, ""clf__max_depth"": 1, ""clf__n_estimators"": 80, ""select__k"": 50}",50
1.0,1.0,1.0,1.0,1.0,1.0,1.0,24,10,0,0,gradient_boosting,21,"{""clf__learning_rate"": 0.08, ""clf__max_depth"": 1, ""clf__n_estimators"": 150, ""select__k"": 30}",30
0.9833333333333334,0.9940476190476191,0.9411764705882353,0.9291666666666667,0.9583333333333334,0.9,0.9583333333333334,23,9,1,1,gradient_boosting,22,"{""clf__learning_rate"": 0.03, ""clf__max_depth"": 1, ""clf__n_estimators"": 80, ""select__k"": 50}",50
0.9875,0.9950587606837606,0.9411764705882353,0.9,1.0,0.8,0.96,24,8,2,0,gradient_boosting,23,"{""clf__learning_rate"": 0.08, ""clf__max_depth"": 1, ""clf__n_estimators"": 80, ""select__k"": 50}",50
0.9958333333333333,0.9983333333333333,0.9705882352941176,0.95,1.0,0.9,0.9795918367346939,24,9,1,0,gradient_boosting,24,"{""clf__learning_rate"": 0.08, ""clf__max_depth"": 1, ""clf__n_estimators"": 150, ""select__k"": 30}",30
0.9956521739130435,0.9981884057971013,0.9696969696969697,0.9782608695652174,0.9565217391304348,1.0,0.9777777777777777,22,10,0,1,gradient_boosting,25,"{""clf__learning_rate"": 0.08, ""clf__max_depth"": 1, ""clf__n_estimators"": 80, ""select__k"": 30}",30
0.9916666666666667,0.9967948717948718,0.9705882352941176,0.9791666666666667,0.9583333333333334,1.0,0.9787234042553191,23,10,0,1,gradient_boosting,26,"{""clf__learning_rate"": 0.08, ""clf__max_depth"": 1, ""clf__n_estimators"": 150, ""select__k"": 30}",30
0.9708333333333333,0.9866312458517836,0.9705882352941176,0.95,1.0,0.9,0.9795918367346939,24,9,1,0,gradient_boosting,27,"{""clf__learning_rate"": 0.03, ""clf__max_depth"": 1, ""clf__n_estimators"": 150, ""select__k"": 30}",30
1.0,1.0,0.9705882352941176,0.95,1.0,0.9,0.9795918367346939,24,9,1,0,gradient_boosting,28,"{""clf__learning_rate"": 0.08, ""clf__max_depth"": 1, ""clf__n_estimators"": 150, ""select__k"": 50}",50
1.0,1.0,0.9411764705882353,0.9,1.0,0.8,0.96,24,8,2,0,gradient_boosting,29,"{""clf__learning_rate"": 0.08, ""clf__max_depth"": 1, ""clf__n_estimators"": 150, ""select__k"": 30}",30
0.9804347826086957,0.9922360248447205,0.9090909090909091,0.8782608695652174,0.9565217391304348,0.8,0.9361702127659575,22,8,2,1,gradient_boosting,30,"{""clf__learning_rate"": 0.03, ""clf__max_depth"": 1, ""clf__n_estimators"": 80, ""select__k"": 50}",50
0.9958333333333333,0.9983333333333333,0.9705882352941176,0.95,1.0,0.9,0.9795918367346939,24,9,1,0,gradient_boosting,31,"{""clf__learning_rate"": 0.08, ""clf__max_depth"": 1, ""clf__n_estimators"": 150, ""select__k"": 30}",30
1.0,1.0,1.0,1.0,1.0,1.0,1.0,24,10,0,0,gradient_boosting,32,"{""clf__learning_rate"": 0.03, ""clf__max_depth"": 1, ""clf__n_estimators"": 150, ""select__k"": 30}",30
0.9708333333333333,0.9905913978494624,0.9411764705882353,0.9583333333333333,0.9166666666666666,1.0,0.9565217391304348,22,10,0,2,gradient_boosting,33,"{""clf__learning_rate"": 0.08, ""clf__max_depth"": 1, ""clf__n_estimators"": 150, ""select__k"": 50}",50
1.0,1.0,0.9411764705882353,0.9,1.0,0.8,0.96,24,8,2,0,gradient_boosting,34,"{""clf__learning_rate"": 0.08, ""clf__max_depth"": 1, ""clf__n_estimators"": 80, ""select__k"": 30}",30
1.0,1.0,0.9696969696969697,0.95,1.0,0.9,0.9787234042553191,23,9,1,0,gradient_boosting,35,"{""clf__learning_rate"": 0.08, ""clf__max_depth"": 1, ""clf__n_estimators"": 150, ""select__k"": 30}",30
0.9916666666666667,0.9965972222222222,0.9411764705882353,0.9,1.0,0.8,0.96,24,8,2,0,gradient_boosting,36,"{""clf__learning_rate"": 0.08, ""clf__max_depth"": 1, ""clf__n_estimators"": 80, ""select__k"": 30}",30
0.9916666666666667,0.9967948717948718,0.9705882352941176,0.9791666666666667,0.9583333333333334,1.0,0.9787234042553191,23,10,0,1,gradient_boosting,37,"{""clf__learning_rate"": 0.08, ""clf__max_depth"": 1, ""clf__n_estimators"": 150, ""select__k"": 30}",30
0.9958333333333333,0.9983333333333333,0.9705882352941176,0.95,1.0,0.9,0.9795918367346939,24,9,1,0,gradient_boosting,38,"{""clf__learning_rate"": 0.03, ""clf__max_depth"": 1, ""clf__n_estimators"": 150, ""select__k"": 30}",30
0.9833333333333334,0.9940476190476191,0.9411764705882353,0.9291666666666667,0.9583333333333334,0.9,0.9583333333333334,23,9,1,1,gradient_boosting,39,"{""clf__learning_rate"": 0.03, ""clf__max_depth"": 1, ""clf__n_estimators"": 150, ""select__k"": 30}",30
1.0,1.0,1.0,1.0,1.0,1.0,1.0,23,10,0,0,gradient_boosting,40,"{""clf__learning_rate"": 0.08, ""clf__max_depth"": 1, ""clf__n_estimators"": 80, ""select__k"": 30}",30
0.9958333333333333,0.9983333333333333,0.9705882352941176,0.95,1.0,0.9,0.9795918367346939,24,9,1,0,gradient_boosting,41,"{""clf__learning_rate"": 0.08, ""clf__max_depth"": 1, ""clf__n_estimators"": 80, ""select__k"": 50}",50
1.0,1.0,0.9705882352941176,0.95,1.0,0.9,0.9795918367346939,24,9,1,0,gradient_boosting,42,"{""clf__learning_rate"": 0.03, ""clf__max_depth"": 1, ""clf__n_estimators"": 80, ""select__k"": 30}",30
1.0,1.0,0.9705882352941176,0.95,1.0,0.9,0.9795918367346939,24,9,1,0,gradient_boosting,43,"{""clf__learning_rate"": 0.08, ""clf__max_depth"": 1, ""clf__n_estimators"": 80, ""select__k"": 30}",30
0.9833333333333334,0.9940476190476191,0.9411764705882353,0.9583333333333333,0.9166666666666666,1.0,0.9565217391304348,22,10,0,2,gradient_boosting,44,"{""clf__learning_rate"": 0.03, ""clf__max_depth"": 1, ""clf__n_estimators"": 150, ""select__k"": 50}",50
0.9782608695652174,0.9922360248447205,0.9696969696969697,0.9782608695652174,0.9565217391304348,1.0,0.9777777777777777,22,10,0,1,gradient_boosting,45,"{""clf__learning_rate"": 0.03, ""clf__max_depth"": 1, ""clf__n_estimators"": 150, ""select__k"": 30}",30
0.975,0.9916666666666667,0.9705882352941176,0.9791666666666667,0.9583333333333334,1.0,0.9787234042553191,23,10,0,1,gradient_boosting,46,"{""clf__learning_rate"": 0.03, ""clf__max_depth"": 1, ""clf__n_estimators"": 150, ""select__k"": 30}",30
0.9916666666666667,0.9965972222222222,0.9705882352941176,0.95,1.0,0.9,0.9795918367346939,24,9,1,0,gradient_boosting,47,"{""clf__learning_rate"": 0.08, ""clf__max_depth"": 1, ""clf__n_estimators"": 80, ""select__k"": 30}",30
1.0,1.0,1.0,1.0,1.0,1.0,1.0,24,10,0,0,gradient_boosting,48,"{""clf__learning_rate"": 0.08, ""clf__max_depth"": 1, ""clf__n_estimators"": 150, ""select__k"": 50}",50
1.0,1.0,0.9705882352941176,0.95,1.0,0.9,0.9795918367346939,24,9,1,0,gradient_boosting,49,"{""clf__learning_rate"": 0.08, ""clf__max_depth"": 1, ""clf__n_estimators"": 150, ""select__k"": 30}",30
0.9869565217391304,0.9949832775919732,0.9393939393939394,0.9282608695652175,0.9565217391304348,0.9,0.9565217391304348,22,9,1,1,gradient_boosting,50,"{""clf__learning_rate"": 0.08, ""clf__max_depth"": 1, ""clf__n_estimators"": 150, ""select__k"": 50}",50
1.0,1.0,0.9117647058823529,0.9375,0.875,1.0,0.9333333333333333,21,10,0,3,mlp_small,1,"{""clf__alpha"": 0.001, ""clf__hidden_layer_sizes"": [16, 8], ""select__k"": 50}",50
0.9958333333333333,0.9983333333333333,0.8823529411764706,0.9166666666666667,0.8333333333333334,1.0,0.9090909090909091,20,10,0,4,mlp_small,2,"{""clf__alpha"": 0.001, ""clf__hidden_layer_sizes"": [16], ""select__k"": 30}",30
0.9916666666666667,0.9967948717948718,0.9117647058823529,0.9375,0.875,1.0,0.9333333333333333,21,10,0,3,mlp_small,3,"{""clf__alpha"": 0.001, ""clf__hidden_layer_sizes"": [16, 8], ""select__k"": 50}",50
1.0,1.0,0.8823529411764706,0.9166666666666667,0.8333333333333334,1.0,0.9090909090909091,20,10,0,4,mlp_small,4,"{""clf__alpha"": 0.001, ""clf__hidden_layer_sizes"": [16], ""select__k"": 30}",30
0.9869565217391305,0.9946313799621928,0.696969696969697,0.7826086956521738,0.5652173913043478,1.0,0.7222222222222222,13,10,0,10,mlp_small,5,"{""clf__alpha"": 0.001, ""clf__hidden_layer_sizes"": [16], ""select__k"": 30}",30
1.0,1.0,0.8823529411764706,0.9166666666666667,0.8333333333333334,1.0,0.9090909090909091,20,10,0,4,mlp_small,6,"{""clf__alpha"": 0.001, ""clf__hidden_layer_sizes"": [16, 8], ""select__k"": 50}",50
0.9958333333333333,0.9983333333333333,0.7647058823529411,0.8333333333333333,0.6666666666666666,1.0,0.8,16,10,0,8,mlp_small,7,"{""clf__alpha"": 0.001, ""clf__hidden_layer_sizes"": [16, 8], ""select__k"": 50}",50
1.0,1.0,0.9411764705882353,0.9583333333333333,0.9166666666666666,1.0,0.9565217391304348,22,10,0,2,mlp_small,8,"{""clf__alpha"": 0.001, ""clf__hidden_layer_sizes"": [32, 16], ""select__k"": 50}",50
0.9958333333333333,0.9983333333333333,0.9117647058823529,0.9375,0.875,1.0,0.9333333333333333,21,10,0,3,mlp_small,9,"{""clf__alpha"": 0.1, ""clf__hidden_layer_sizes"": [32, 16], ""select__k"": 50}",50
1.0,1.0,1.0,1.0,1.0,1.0,1.0,23,10,0,0,mlp_small,10,"{""clf__alpha"": 0.001, ""clf__hidden_layer_sizes"": [32, 16], ""select__k"": 50}",50
1.0,1.0,0.8529411764705882,0.8958333333333333,0.7916666666666666,1.0,0.8837209302325582,19,10,0,5,mlp_small,11,"{""clf__alpha"": 0.001, ""clf__hidden_layer_sizes"": [32, 16], ""select__k"": 50}",50
0.9833333333333334,0.9934615384615384,0.9411764705882353,0.9583333333333333,0.9166666666666666,1.0,0.9565217391304348,22,10,0,2,mlp_small,12,"{""clf__alpha"": 0.001, ""clf__hidden_layer_sizes"": [32, 16], ""select__k"": 50}",50
1.0,1.0,0.9117647058823529,0.9375,0.875,1.0,0.9333333333333333,21,10,0,3,mlp_small,13,"{""clf__alpha"": 0.001, ""clf__hidden_layer_sizes"": [32, 16], ""select__k"": 50}",50
0.9916666666666667,0.9965972222222221,0.8823529411764706,0.9166666666666667,0.8333333333333334,1.0,0.9090909090909091,20,10,0,4,mlp_small,14,"{""clf__alpha"": 0.001, ""clf__hidden_layer_sizes"": [32, 16], ""select__k"": 50}",50
0.7304347826086957,0.8986704035911974,0.6666666666666666,0.6760869565217391,0.6521739130434783,0.7,0.7317073170731707,15,7,3,8,mlp_small,15,"{""clf__alpha"": 0.001, ""clf__hidden_layer_sizes"": [16, 8], ""select__k"": 30}",30
1.0,1.0,0.8823529411764706,0.9166666666666667,0.8333333333333334,1.0,0.9090909090909091,20,10,0,4,mlp_small,16,"{""clf__alpha"": 0.001, ""clf__hidden_layer_sizes"": [16], ""select__k"": 30}",30
0.9874999999999999,0.9953703703703702,0.9117647058823529,0.9375,0.875,1.0,0.9333333333333333,21,10,0,3,mlp_small,17,"{""clf__alpha"": 0.001, ""clf__hidden_layer_sizes"": [32, 16], ""select__k"": 50}",50
1.0,1.0,0.7941176470588235,0.8541666666666667,0.7083333333333334,1.0,0.8292682926829268,17,10,0,7,mlp_small,18,"{""clf__alpha"": 0.001, ""clf__hidden_layer_sizes"": [16], ""select__k"": 30}",30
0.9916666666666667,0.9965972222222221,0.7647058823529411,0.8333333333333333,0.6666666666666666,1.0,0.8,16,10,0,8,mlp_small,19,"{""clf__alpha"": 0.001, ""clf__hidden_layer_sizes"": [16], ""select__k"": 30}",30
0.991304347826087,0.9965217391304347,0.9393939393939394,0.9565217391304348,0.9130434782608695,1.0,0.9545454545454546,21,10,0,2,mlp_small,20,"{""clf__alpha"": 0.001, ""clf__hidden_layer_sizes"": [16, 8], ""select__k"": 50}",50
1.0,1.0,0.9411764705882353,0.9583333333333333,0.9166666666666666,1.0,0.9565217391304348,22,10,0,2,mlp_small,21,"{""clf__alpha"": 0.001, ""clf__hidden_layer_sizes"": [16, 8], ""select__k"": 50}",50
0.9874999999999999,0.9953703703703702,0.9117647058823529,0.9375,0.875,1.0,0.9333333333333333,21,10,0,3,mlp_small,22,"{""clf__alpha"": 0.001, ""clf__hidden_layer_sizes"": [32, 16], ""select__k"": 50}",50
0.9791666666666667,0.9909075616412573,0.7941176470588235,0.8541666666666667,0.7083333333333334,1.0,0.8292682926829268,17,10,0,7,mlp_small,23,"{""clf__alpha"": 0.001, ""clf__hidden_layer_sizes"": [32, 16], ""select__k"": 50}",50
0.9625,0.9818654506448119,0.7352941176470589,0.7833333333333333,0.6666666666666666,0.9,0.7804878048780488,16,9,1,8,mlp_small,24,"{""clf__alpha"": 0.001, ""clf__hidden_layer_sizes"": [32, 16], ""select__k"": 50}",50
0.9869565217391304,0.9949832775919732,0.9090909090909091,0.9347826086956521,0.8695652173913043,1.0,0.9302325581395349,20,10,0,3,mlp_small,25,"{""clf__alpha"": 0.001, ""clf__hidden_layer_sizes"": [16, 8], ""select__k"": 50}",50
0.9833333333333334,0.9940476190476191,0.8529411764705882,0.8958333333333333,0.7916666666666666,1.0,0.8837209302325582,19,10,0,5,mlp_small,26,"{""clf__alpha"": 0.001, ""clf__hidden_layer_sizes"": [16], ""select__k"": 30}",30
1.0,1.0,0.8823529411764706,0.9166666666666667,0.8333333333333334,1.0,0.9090909090909091,20,10,0,4,mlp_small,27,"{""clf__alpha"": 0.001, ""clf__hidden_layer_sizes"": [16, 8], ""select__k"": 30}",30
0.9833333333333334,0.9932471664808621,0.8823529411764706,0.9166666666666667,0.8333333333333334,1.0,0.9090909090909091,20,10,0,4,mlp_small,28,"{""clf__alpha"": 0.001, ""clf__hidden_layer_sizes"": [16, 8], ""select__k"": 50}",50
1.0,1.0,0.9705882352941176,0.9791666666666667,0.9583333333333334,1.0,0.9787234042553191,23,10,0,1,mlp_small,29,"{""clf__alpha"": 0.001, ""clf__hidden_layer_sizes"": [32, 16], ""select__k"": 50}",50
1.0,1.0,0.8484848484848485,0.8913043478260869,0.782608695652174,1.0,0.8780487804878049,18,10,0,5,mlp_small,30,"{""clf__alpha"": 0.001, ""clf__hidden_layer_sizes"": [16], ""select__k"": 30}",30
0.9625,0.9818654506448119,0.7352941176470589,0.7833333333333333,0.6666666666666666,0.9,0.7804878048780488,16,9,1,8,mlp_small,31,"{""clf__alpha"": 0.001, ""clf__hidden_layer_sizes"": [16, 8], ""select__k"": 50}",50
0.9875,0.9947856280193237,0.8235294117647058,0.875,0.75,1.0,0.8571428571428571,18,10,0,6,mlp_small,32,"{""clf__alpha"": 0.001, ""clf__hidden_layer_sizes"": [32, 16], ""select__k"": 50}",50
0.9791666666666667,0.9916499442586398,0.8529411764705882,0.8958333333333333,0.7916666666666666,1.0,0.8837209302325582,19,10,0,5,mlp_small,33,"{""clf__alpha"": 0.001, ""clf__hidden_layer_sizes"": [16], ""select__k"": 30}",30
1.0,1.0,0.9705882352941176,0.9791666666666667,0.9583333333333334,1.0,0.9787234042553191,23,10,0,1,mlp_small,34,"{""clf__alpha"": 0.001, ""clf__hidden_layer_sizes"": [32, 16], ""select__k"": 50}",50
1.0,1.0,0.9696969696969697,0.9782608695652174,0.9565217391304348,1.0,0.9777777777777777,22,10,0,1,mlp_small,35,"{""clf__alpha"": 0.001, ""clf__hidden_layer_sizes"": [16, 8], ""select__k"": 50}",50
1.0,1.0,0.7058823529411765,0.7916666666666667,0.5833333333333334,1.0,0.7368421052631579,14,10,0,10,mlp_small,36,"{""clf__alpha"": 0.001, ""clf__hidden_layer_sizes"": [16, 8], ""select__k"": 50}",50
1.0,1.0,0.8235294117647058,0.875,0.75,1.0,0.8571428571428571,18,10,0,6,mlp_small,37,"{""clf__alpha"": 0.001, ""clf__hidden_layer_sizes"": [16], ""select__k"": 30}",30
1.0,1.0,0.9117647058823529,0.9375,0.875,1.0,0.9333333333333333,21,10,0,3,mlp_small,38,"{""clf__alpha"": 0.001, ""clf__hidden_layer_sizes"": [32, 16], ""select__k"": 50}",50
0.9708333333333334,0.9872857667694624,0.9117647058823529,0.9083333333333333,0.9166666666666666,0.9,0.9361702127659575,22,9,1,2,mlp_small,39,"{""clf__alpha"": 0.001, ""clf__hidden_layer_sizes"": [16, 8], ""select__k"": 50}",50
1.0,1.0,0.8181818181818182,0.8695652173913043,0.7391304347826086,1.0,0.85,17,10,0,6,mlp_small,40,"{""clf__alpha"": 0.001, ""clf__hidden_layer_sizes"": [16, 8], ""select__k"": 50}",50
1.0,1.0,0.9411764705882353,0.9583333333333333,0.9166666666666666,1.0,0.9565217391304348,22,10,0,2,mlp_small,41,"{""clf__alpha"": 0.001, ""clf__hidden_layer_sizes"": [32, 16], ""select__k"": 30}",30
0.9958333333333333,0.9983333333333333,0.8235294117647058,0.875,0.75,1.0,0.8571428571428571,18,10,0,6,mlp_small,42,"{""clf__alpha"": 0.001, ""clf__hidden_layer_sizes"": [16], ""select__k"": 30}",30
0.9791666666666666,0.9920370370370369,0.6764705882352942,0.7708333333333333,0.5416666666666666,1.0,0.7027027027027027,13,10,0,11,mlp_small,43,"{""clf__alpha"": 0.001, ""clf__hidden_layer_sizes"": [32, 16], ""select__k"": 50}",50
0.9916666666666667,0.9967948717948718,0.7941176470588235,0.8541666666666667,0.7083333333333334,1.0,0.8292682926829268,17,10,0,7,mlp_small,44,"{""clf__alpha"": 0.001, ""clf__hidden_layer_sizes"": [32, 16], ""select__k"": 50}",50
0.9869565217391305,0.9946313799621929,0.9393939393939394,0.9565217391304348,0.9130434782608695,1.0,0.9545454545454546,21,10,0,2,mlp_small,45,"{""clf__alpha"": 0.001, ""clf__hidden_layer_sizes"": [16, 8], ""select__k"": 50}",50
0.9874999999999999,0.9953703703703702,0.9411764705882353,0.9583333333333333,0.9166666666666666,1.0,0.9565217391304348,22,10,0,2,mlp_small,46,"{""clf__alpha"": 0.1, ""clf__hidden_layer_sizes"": [16], ""select__k"": 30}",30
1.0,1.0,0.8529411764705882,0.8958333333333333,0.7916666666666666,1.0,0.8837209302325582,19,10,0,5,mlp_small,47,"{""clf__alpha"": 0.001, ""clf__hidden_layer_sizes"": [16], ""select__k"": 30}",30
0.9958333333333333,0.9983333333333333,0.9117647058823529,0.9375,0.875,1.0,0.9333333333333333,21,10,0,3,mlp_small,48,"{""clf__alpha"": 0.001, ""clf__hidden_layer_sizes"": [32, 16], ""select__k"": 50}",50
1.0,1.0,0.9411764705882353,0.9583333333333333,0.9166666666666666,1.0,0.9565217391304348,22,10,0,2,mlp_small,49,"{""clf__alpha"": 0.001, ""clf__hidden_layer_sizes"": [32, 16], ""select__k"": 30}",30
0.9652173913043479,0.9851652632181933,0.8181818181818182,0.8695652173913043,0.7391304347826086,1.0,0.85,17,10,0,6,mlp_small,50,"{""clf__alpha"": 0.001, ""clf__hidden_layer_sizes"": [16, 8], ""select__k"": 50}",50
