series_id,data_type,dataset_role,method,comparison,feature_id,logFC,AveExpr,t,P.Value,adj.P.Val,B
GSE21394,miRNA,mirna_validation,limma,IPF_vs_Control,A_25_P00012300,-2.16384833494444,7.89569959253333,-10.4698927731756,3.23173070540652e-09,7.85310561413784e-06,11.2051066415798
GSE21394,miRNA,mirna_validation,limma,IPF_vs_Control,A_25_P00012301,-1.70523128511111,8.50757372093333,-9.45681460744315,1.60558987715015e-08,1.95079170073744e-05,9.73525418775039
GSE21394,miRNA,mirna_validation,limma,IPF_vs_Control,A_25_P00010681,-2.04331125177778,10.4362923739333,-8.07769983881015,1.73070844177072e-07,0.000140187383783428,7.50904140963556
GSE21394,miRNA,mirna_validation,limma,IPF_vs_Control,A_25_P00010769,4.13269439883334,8.4675809408,7.38896261013969,6.21839749985199e-07,0.000308721177577418,6.2932758483124
GSE21394,miRNA,mirna_validation,limma,IPF_vs_Control,A_25_P00010548,-2.13752372233333,8.94346650193333,-7.23530867067539,8.34383635404628e-07,0.000308721177577418,6.01233111386153
GSE21394,miRNA,mirna_validation,limma,IPF_vs_Control,A_25_P00014829,3.63331483155556,8.0944724926,7.21864731815204,8.61578381422658e-07,0.000308721177577418,5.98165368635916
GSE21394,miRNA,mirna_validation,limma,IPF_vs_Control,A_25_P00014828,3.21998183466667,7.50419084713333,7.17450217746174,9.38165344263592e-07,0.000308721177577418,5.90017048791003
GSE21394,miRNA,mirna_validation,limma,IPF_vs_Control,A_25_P00013174,-2.43346442488889,8.0955129944,-7.1223346745519,1.03784588892376e-06,0.000308721177577418,5.80350223815997
GSE21394,miRNA,mirna_validation,limma,IPF_vs_Control,A_25_P00013173,-2.37023980977778,7.3201478698,-7.06322503829298,1.16416802838389e-06,0.000308721177577418,5.6934764471087
GSE21394,miRNA,mirna_validation,limma,IPF_vs_Control,A_25_P00010770,3.23118765377778,7.81505229693333,7.01842432284746,1.27045752089472e-06,0.000308721177577418,5.60973621008041
GSE21394,miRNA,mirna_validation,limma,IPF_vs_Control,A_25_P00012139,3.43165191094445,7.7878234234,6.74508719936195,2.17783056809125e-06,0.000406077954083499,5.0923339292475
GSE21394,miRNA,mirna_validation,limma,IPF_vs_Control,A_25_P00012107,1.983851079,7.65954085173333,6.71079717965447,2.33183095224417e-06,0.000406077954083499,5.02664323157547
GSE21394,miRNA,mirna_validation,limma,IPF_vs_Control,A_25_P00010698,2.896331023,7.31800930213333,6.71044560337,2.33346696605436e-06,0.000406077954083499,5.02596880488944
GSE21394,miRNA,mirna_validation,limma,IPF_vs_Control,A_25_P00012698,2.03597667077778,6.5034101508,6.66042079291958,2.57878598292306e-06,0.000406077954083499,4.92982093038773
GSE21394,miRNA,mirna_validation,limma,IPF_vs_Control,A_25_P00012183,1.57825060805556,6.08580113666667,6.65379794759569,2.61320727537073e-06,0.000406077954083499,4.91706420618649
GSE21394,miRNA,mirna_validation,limma,IPF_vs_Control,A_25_P00010469,2.55828891011111,7.07748885906667,6.54661587631428,3.24133963691746e-06,0.000406077954083499,4.7097200396309
GSE21394,miRNA,mirna_validation,limma,IPF_vs_Control,A_25_P00012145,2.89412079772222,8.2764175668,6.54509619506004,3.25129039508924e-06,0.000406077954083499,4.70676815043957
GSE21394,miRNA,mirna_validation,limma,IPF_vs_Control,A_25_P00012083,1.59892262655556,6.0980589216,6.53544413548761,3.31523237555052e-06,0.000406077954083499,4.68801176198336
GSE21394,miRNA,mirna_validation,limma,IPF_vs_Control,A_25_P00012146,3.31576998811111,8.6431587852,6.53113234330799,3.34421506958853e-06,0.000406077954083499,4.67962848301815
GSE21394,miRNA,mirna_validation,limma,IPF_vs_Control,A_25_P00010680,-1.46008471466667,10.7177550862,-6.51187974948348,3.47685412055836e-06,0.000406077954083499,4.64216332776443
GSE21394,miRNA,mirna_validation,limma,IPF_vs_Control,A_25_P00010472,1.95099548733333,7.28777055406667,6.50417189306375,3.5314689607142e-06,0.000406077954083499,4.62714891568172
GSE21394,miRNA,mirna_validation,limma,IPF_vs_Control,A_25_P00012697,1.84002257466667,6.15889201546667,6.48429621532808,3.67642592174361e-06,0.000406077954083499,4.58839263907709
GSE21394,miRNA,mirna_validation,limma,IPF_vs_Control,A_25_P00012106,1.81621978572222,6.96378050026667,6.4578816623401,3.87863802508264e-06,0.000409786539171775,4.53679754149134
GSE21394,miRNA,mirna_validation,limma,IPF_vs_Control,A_25_P00014846,2.13198707888889,7.64490203566667,6.40653988453954,4.30518897665048e-06,0.000425684846051119,4.43622474675671
GSE21394,miRNA,mirna_validation,limma,IPF_vs_Control,A_25_P00013883,2.81816838933334,8.58743585193333,6.39813808457433,4.37947372480575e-06,0.000425684846051119,4.41973049114165
GSE21394,miRNA,mirna_validation,limma,IPF_vs_Control,A_25_P00014818,4.02999372511111,8.7986241114,6.37726475875882,4.56980632299444e-06,0.000427101129418326,4.37870859340001
GSE21394,miRNA,mirna_validation,limma,IPF_vs_Control,A_25_P00010599,3.38275832333333,8.24614768333333,6.33627519808796,4.96880914007738e-06,0.000430041699402847,4.29797153742809
GSE21394,miRNA,mirna_validation,limma,IPF_vs_Control,A_25_P00012184,3.02481953805556,8.247244694,6.3211365397639,5.12511364969427e-06,0.000430041699402847,4.26809243992187
GSE21394,miRNA,mirna_validation,limma,IPF_vs_Control,A_25_P00010699,1.98902851533333,6.62555838086667,6.32046297025824,5.13218488999282e-06,0.000430041699402847,4.26676226233707
GSE21394,miRNA,mirna_validation,limma,IPF_vs_Control,A_25_P00012138,2.40588319522222,7.18466170846667,6.23924659852642,6.06306856938022e-06,0.000491108554119798,4.10590418779613
GSE21394,miRNA,mirna_validation,limma,IPF_vs_Control,A_25_P00010471,2.94998801911111,8.36042801046667,6.19277573608193,6.67239871995508e-06,0.00051014656726953,4.01344623481156
GSE21394,miRNA,mirna_validation,limma,IPF_vs_Control,A_25_P00010470,1.663057272,6.46954173053333,6.18947722563057,6.71797948667693e-06,0.00051014656726953,4.00687208303638
GSE21394,miRNA,mirna_validation,limma,IPF_vs_Control,A_25_P00010547,-1.78511329822222,10.1349630644,-6.12980443192128,7.6003499381409e-06,0.000559662131808557,3.88767920096936
GSE21394,miRNA,mirna_validation,limma,IPF_vs_Control,A_25_P00014847,2.730280548,8.34458894746667,6.10207168078196,8.05025893481922e-06,0.000575356741517962,3.83211713298024
GSE21394,miRNA,mirna_validation,limma,IPF_vs_Control,A_25_P00010474,2.00810640238889,8.8316766406,6.07939264293376,8.43852866450682e-06,0.000585874990135759,3.78660156823471
GSE21394,miRNA,mirna_validation,limma,IPF_vs_Control,A_25_P00010631,1.49593836188889,6.11092962813333,5.92077626526467,1.17527480427616e-05,0.000765456091557719,3.46631816967546
GSE21394,miRNA,mirna_validation,limma,IPF_vs_Control,A_25_P00011985,2.79039943983333,7.40900126873333,5.92021744714391,1.1766539248937e-05,0.000765456091557719,3.46518383034104
GSE21394,miRNA,mirna_validation,limma,IPF_vs_Control,A_25_P00010088,4.50194103733333,9.4354422284,5.91204683993968,1.19700952589273e-05,0.000765456091557719,3.44859367826597
GSE21394,miRNA,mirna_validation,limma,IPF_vs_Control,A_25_P00012376,1.98042250722222,7.20290175233333,5.86628122011513,1.3179157733437e-05,0.000821162904929536,3.35550548317732
GSE21394,miRNA,mirna_validation,limma,IPF_vs_Control,A_25_P00010086,4.084598843,9.49318621346667,5.76387866663414,1.63607619725929e-05,0.000979848962871646,3.1462298360256
GSE21394,miRNA,mirna_validation,limma,IPF_vs_Control,A_25_P00010815,2.17021550138889,7.804030979,5.75830591880167,1.65550496512171e-05,0.000979848962871646,3.13480243438313
GSE21394,miRNA,mirna_validation,limma,IPF_vs_Control,A_25_P00010047,1.57065773188889,6.0738088908,5.74758094727339,1.69356610866704e-05,0.000979848962871646,3.11279885428568
GSE21394,miRNA,mirna_validation,limma,IPF_vs_Control,A_25_P00010630,1.77087054144445,6.68402798353333,5.72915515317294,1.76106804134108e-05,0.000995208218711355,3.07496211148219
GSE21394,miRNA,mirna_validation,limma,IPF_vs_Control,A_25_P00012167,1.02039388155555,5.45704708793333,5.62516949958534,2.19736167620033e-05,0.00121354292571973,2.86063613263414
GSE21394,miRNA,mirna_validation,limma,IPF_vs_Control,A_25_P00013050,-2.35773416911111,11.7505705918667,-5.60234220152654,2.30716277589932e-05,0.00122193665445655,2.81340847383843
GSE21394,miRNA,mirna_validation,limma,IPF_vs_Control,A_25_P00011584,4.11112800666667,10.985303834,5.60113353406502,2.31313111543215e-05,0.00122193665445655,2.81090608588175
GSE21394,miRNA,mirna_validation,limma,IPF_vs_Control,A_25_P00010249,-2.91815929272222,7.48805158053333,-5.57770610075912,2.43199581166489e-05,0.00125739357922249,2.76236783438126
GSE21394,miRNA,mirna_validation,limma,IPF_vs_Control,A_25_P00010248,-2.83339209716667,7.40003438586667,-5.54032026057905,2.63481137700327e-05,0.0013338732596079,2.68477364992903
GSE21394,miRNA,mirna_validation,limma,IPF_vs_Control,A_25_P00014837,3.10220534094445,9.6138539634,5.48678881658321,2.9558443771032e-05,0.00146585751762465,2.5733819794854
GSE21394,miRNA,mirna_validation,limma,IPF_vs_Control,A_25_P00012002,2.77411861116667,6.90401994086667,5.47040267916273,3.06192385704964e-05,0.00148809499452612,2.53921794059438
GSE21394,miRNA,mirna_validation,limma,IPF_vs_Control,A_25_P00010490,1.36558263822222,6.59006056026667,5.45920190164716,3.13667205867553e-05,0.00149453198089834,2.51584724514389
GSE21394,miRNA,mirna_validation,limma,IPF_vs_Control,A_25_P00011980,2.46166647411111,7.21924175213333,5.39512597692105,3.60171511496731e-05,0.00165596854092995,2.38187700582569
GSE21394,miRNA,mirna_validation,limma,IPF_vs_Control,A_25_P00010881,2.84545328344445,10.2280950377333,5.39383435239523,3.61178323741923e-05,0.00165596854092995,2.3791717237364
GSE21394,miRNA,mirna_validation,limma,IPF_vs_Control,A_25_P00014820,2.42488356522222,11.2925154094667,5.35888079642948,3.89546636520042e-05,0.00175295986434019,2.30589202382834
GSE21394,miRNA,mirna_validation,limma,IPF_vs_Control,A_25_P00010070,2.68961433133333,12.8795615241333,5.33445304410292,4.10717379746346e-05,0.00181462405960658,2.2545999673701
GSE21394,miRNA,mirna_validation,limma,IPF_vs_Control,A_25_P00011117,1.56958753722222,7.34269679066667,5.30211143367923,4.40570999873883e-05,0.00191176344588131,2.18659159771921
GSE21394,miRNA,mirna_validation,limma,IPF_vs_Control,A_25_P00011981,3.41223501583333,7.95808562133333,5.27616921971301,4.66116336693526e-05,0.0019832323418705,2.13195938567182
GSE21394,miRNA,mirna_validation,limma,IPF_vs_Control,A_25_P00011984,2.26989844566667,6.9646893684,5.22803283957736,5.17602667516741e-05,0.00209204053896813,2.0304015703805
GSE21394,miRNA,mirna_validation,limma,IPF_vs_Control,A_25_P00013375,1.05730741544444,5.46183718626667,5.20929795327959,5.39180986094769e-05,0.00209204053896813,1.99081043516422
GSE21394,miRNA,mirna_validation,limma,IPF_vs_Control,A_25_P00010975,3.09045111922222,12.3577421378667,5.18592300666556,5.67398069591037e-05,0.00209204053896813,1.94136406552559
GSE21394,miRNA,mirna_validation,limma,IPF_vs_Control,A_25_P00014838,3.01721892077778,9.17402282646667,5.18373994757175,5.70109213658823e-05,0.00209204053896813,1.93674332178202
GSE21394,miRNA,mirna_validation,limma,IPF_vs_Control,A_25_P00012098,1.25115281722222,5.550537597,5.18008456544791,5.7467850043255e-05,0.00209204053896813,1.92900514250479
GSE21394,miRNA,mirna_validation,limma,IPF_vs_Control,A_25_P00010475,1.27711466477778,8.0091192192,5.17913391317678,5.7587294840254e-05,0.00209204053896813,1.92699246287894
GSE21394,miRNA,mirna_validation,limma,IPF_vs_Control,A_25_P00010132,2.27482984433333,7.33369566293333,5.1771669558474,5.78352391073952e-05,0.00209204053896813,1.92282782159823
GSE21394,miRNA,mirna_validation,limma,IPF_vs_Control,A_25_P00013087,-2.436064976,7.8119766634,-5.17282685516033,5.83861936237166e-05,0.00209204053896813,1.91363716440851
GSE21394,miRNA,mirna_validation,limma,IPF_vs_Control,A_25_P00013315,1.13277796161111,5.73219239146667,5.17160162883327,5.85426982098077e-05,0.00209204053896813,1.91104227084558
GSE21394,miRNA,mirna_validation,limma,IPF_vs_Control,A_25_P00014852,2.10096164761111,7.2177406254,5.15718167771991,6.04171527186711e-05,0.00211084637767112,1.88049129759075
GSE21394,miRNA,mirna_validation,limma,IPF_vs_Control,A_25_P00014851,1.8856775865,7.16655814706667,5.1511075409045,6.12249722504227e-05,0.00211084637767112,1.86761616213374
GSE21394,miRNA,mirna_validation,limma,IPF_vs_Control,A_25_P00010979,2.26381743438889,11.1566713551333,5.1414363583253,6.25340014701546e-05,0.00211084637767112,1.84710907485685
GSE21394,miRNA,mirna_validation,limma,IPF_vs_Control,A_25_P00010761,3.00695387333333,8.86395675766667,5.13918580669913,6.28426987218142e-05,0.00211084637767112,1.8423356304288
GSE21394,miRNA,mirna_validation,limma,IPF_vs_Control,A_25_P00014821,2.76960968188889,10.4799985561333,5.12948475357294,6.41912536211443e-05,0.00211084637767112,1.82175399079973
GSE21394,miRNA,mirna_validation,limma,IPF_vs_Control,A_25_P00013450,-1.83305719483333,7.3404975146,-5.1287031657552,6.43011808094473e-05,0.00211084637767112,1.82009538867093
GSE21394,miRNA,mirna_validation,limma,IPF_vs_Control,A_25_P00011109,1.78747502038889,6.26969776373333,5.12271649985291,6.51495795577507e-05,0.00211084637767112,1.8073891815424
GSE21394,miRNA,mirna_validation,limma,IPF_vs_Control,A_25_P00012282,1.54783385661111,6.07543772246667,5.08076741772982,7.14239218812447e-05,0.00228368592330822,1.71826025458742
GSE21394,miRNA,mirna_validation,limma,IPF_vs_Control,A_25_P00011853,-2.34068410305555,7.460527022,-5.04452462660396,7.73399114595455e-05,0.00244072707593111,1.64112357629041
GSE21394,miRNA,mirna_validation,limma,IPF_vs_Control,A_25_P00011004,2.22825912961111,8.7197152266,5.03010206833813,7.98310315735981e-05,0.00246599377992278,1.61039435091438
GSE21394,miRNA,mirna_validation,limma,IPF_vs_Control,A_25_P00013051,-2.31664695433333,11.9865683457333,-5.02363390977556,8.09746642205845e-05,0.00246599377992278,1.59660700038432
GSE21394,miRNA,mirna_validation,limma,IPF_vs_Control,A_25_P00011096,-2.85655865677778,7.99159283593333,-5.02245454758826,8.11849804089804e-05,0.00246599377992278,1.59409270208693
GSE21394,miRNA,mirna_validation,limma,IPF_vs_Control,A_25_P00012418,-2.32528154938889,7.19498613186667,-5.0032926401241,8.46812397382598e-05,0.00254043719214779,1.55322392083708
GSE21394,miRNA,mirna_validation,limma,IPF_vs_Control,A_25_P00012142,3.21506432577778,7.98905441246667,4.98399727339644,8.83570607840435e-05,0.00260779025169977,1.51203800525085
GSE21394,miRNA,mirna_validation,limma,IPF_vs_Control,A_25_P00013086,-1.93920333372222,7.5187888286,-4.97321763934498,9.04809961137796e-05,0.00261748595900577,1.48901489793071
GSE21394,miRNA,mirna_validation,limma,IPF_vs_Control,A_25_P00013922,2.79789232261111,8.5149169994,4.9653400150236,9.2065980335317e-05,0.00263200390840965,1.47218361284947
GSE21394,miRNA,mirna_validation,limma,IPF_vs_Control,A_25_P00010071,2.3206828545,12.0572013215333,4.95921901747589,9.33170371495613e-05,0.00263674884038877,1.45910189045055
GSE21394,miRNA,mirna_validation,limma,IPF_vs_Control,A_25_P00012008,-1.13182632644444,5.4913580298,-4.93468053421042,9.85087753741985e-05,0.00272909730161362,1.40662697655359
GSE21394,miRNA,mirna_validation,limma,IPF_vs_Control,A_25_P00013452,-1.54054023677778,7.02936939626667,-4.92780278153846,0.000100016056062813,0.00272909730161362,1.3919101163166
GSE21394,miRNA,mirna_validation,limma,IPF_vs_Control,A_25_P00011068,2.23096392777778,7.33383735,4.92457040460616,0.000100732532961202,0.00272909730161362,1.38499220756888
GSE21394,miRNA,mirna_validation,limma,IPF_vs_Control,A_25_P00010963,1.82397166094445,6.5428112774,4.92302163268176,0.000101077677837541,0.00272909730161362,1.38167723471686
GSE21394,miRNA,mirna_validation,limma,IPF_vs_Control,A_25_P00013451,-1.63118234138889,7.06823099066667,-4.90437077103944,0.000105329836934263,0.00281265388736548,1.34174185859458
GSE21394,miRNA,mirna_validation,limma,IPF_vs_Control,A_25_P00012375,1.44697182172222,6.4807844192,4.89201087040709,0.000108247647051276,0.00285782553996269,1.31526133824569
GSE21394,miRNA,mirna_validation,limma,IPF_vs_Control,A_25_P00011069,2.78061390244445,8.61941972146667,4.88292177209455,0.000110445700796794,0.00285782553996269,1.2957806299393
GSE21394,miRNA,mirna_validation,limma,IPF_vs_Control,A_25_P00012281,1.49846689416667,5.799657861,4.87771336175205,0.000111725689833932,0.00285782553996269,1.28461449145461
GSE21394,miRNA,mirna_validation,limma,IPF_vs_Control,A_25_P00011102,2.93837361983333,8.45404627573333,4.867673540868,0.00011423577626951,0.00286178284881349,1.26308448277782
GSE21394,miRNA,mirna_validation,limma,IPF_vs_Control,A_25_P00011101,2.31923889355556,9.42776059146667,4.85718638133401,0.000116919014867222,0.00289911434823826,1.24058685362252
GSE21394,miRNA,mirna_validation,limma,IPF_vs_Control,A_25_P00013427,1.19666912561111,6.21790715386667,4.84665950296626,0.000119676922934903,0.00292198798608886,1.21799555966116
GSE21394,miRNA,mirna_validation,limma,IPF_vs_Control,A_25_P00010797,2.38516650261111,10.0044459034,4.84451650382762,0.000120246419180611,0.00292198798608886,1.21339552908058
GSE21394,miRNA,mirna_validation,limma,IPF_vs_Control,A_25_P00012419,-1.91111704027778,7.64461184866667,-4.82061358054028,0.000126788533077207,0.00303820062687257,1.16206367944577
GSE21394,miRNA,mirna_validation,limma,IPF_vs_Control,A_25_P00012216,3.89544336972222,8.997497845,4.80783269938121,0.000130433955640135,0.00303820062687257,1.13459926814061
GSE21394,miRNA,mirna_validation,limma,IPF_vs_Control,A_25_P00012141,2.42906350777778,7.36872449266667,4.80491745488187,0.000131280274000666,0.00303820062687257,1.12833313296204
GSE21394,miRNA,mirna_validation,limma,IPF_vs_Control,A_25_P00010036,-1.04928461244444,5.60781437886667,-4.78850223813414,0.000136151040499486,0.0031211983812618,1.09303826437158
GSE21394,miRNA,mirna_validation,limma,IPF_vs_Control,A_25_P00010980,1.94703995011111,8.73575323473333,4.75557421285897,0.00014648266688279,0.00327828101381065,1.02218157440525
GSE21394,miRNA,mirna_validation,limma,IPF_vs_Control,A_25_P00013453,-1.60559154788889,7.1750773106,-4.7538336183787,0.000147050465228544,0.00327828101381065,1.01843397155767
GSE21394,miRNA,mirna_validation,limma,IPF_vs_Control,A_25_P00014817,2.56887689961111,8.2391640776,4.74161874595007,0.000151098475476477,0.00332559020345261,0.992128876965806
GSE21394,miRNA,mirna_validation,limma,IPF_vs_Control,A_25_P00012447,4.70544407527778,10.514792288,4.73517828721182,0.000153278231599462,0.00332559020345261,0.978255137427143
GSE21394,miRNA,mirna_validation,limma,IPF_vs_Control,A_25_P00014151,-1.42502812977778,6.30918335513333,-4.71889490039809,0.000158932841405757,0.00341775933288486,0.943166031495523
GSE21394,miRNA,mirna_validation,limma,IPF_vs_Control,A_25_P00011854,-2.34051684055555,7.41444350633333,-4.71049002154024,0.000161933962859213,0.00344607696112538,0.925047603077358
GSE21394,miRNA,mirna_validation,limma,IPF_vs_Control,A_25_P00010843,1.5644966005,10.3470586398,4.70730572759074,0.000163085946719925,0.00344607696112538,0.918182026183261
GSE21394,miRNA,mirna_validation,limma,IPF_vs_Control,A_25_P00012134,1.0454939305,5.64669058846667,4.7005258414264,0.000165566501789363,0.00346833275300132,0.903561936162261
GSE21394,miRNA,mirna_validation,limma,IPF_vs_Control,A_25_P00012446,3.95712958938889,9.97089524746667,4.677732400169,0.000174190252703148,0.0036177975561423,0.85438926928493
GSE21394,miRNA,mirna_validation,limma,IPF_vs_Control,A_25_P00011232,-1.1668084585,5.7957642484,-4.67326285324747,0.000175934019393852,0.0036230480265005,0.844743294822304
GSE21394,miRNA,mirna_validation,limma,IPF_vs_Control,A_25_P00011005,1.83373154838889,8.12004129086667,4.64830671587483,0.00018600122673299,0.00377692854678141,0.790862096831622
GSE21394,miRNA,mirna_validation,limma,IPF_vs_Control,A_25_P00012196,1.32657898422222,6.58910774153333,4.64707013251627,0.000186514989964514,0.00377692854678141,0.788191314596517
GSE21394,miRNA,mirna_validation,limma,IPF_vs_Control,A_25_P00013689,-2.40808275194444,8.47087904066667,-4.63814420350184,0.000190266386208306,0.00381105595898433,0.768910402161812
GSE21394,miRNA,mirna_validation,limma,IPF_vs_Control,A_25_P00010072,2.4545527785,11.3978667086,4.63562962399841,0.000191336965842012,0.00381105595898433,0.763477829378456
GSE21394,miRNA,mirna_validation,limma,IPF_vs_Control,A_25_P00014557,1.09261366888889,5.70776841766667,4.62213831702565,0.000197186063575408,0.0038956271096605,0.734324692762639
GSE21394,miRNA,mirna_validation,limma,IPF_vs_Control,A_25_P00012099,1.08372548127778,5.60926844826667,4.61509471289208,0.000200311489204561,0.00392545902231518,0.719100246591617
GSE21394,miRNA,mirna_validation,limma,IPF_vs_Control,A_25_P00011441,-1.83896590772222,6.40582099686667,-4.58964289841529,0.000212029708877952,0.0041007322947998,0.664064755741998
GSE21394,miRNA,mirna_validation,limma,IPF_vs_Control,A_25_P00010131,2.06821400966667,6.87837055346667,4.58837655674096,0.000212630563434063,0.0041007322947998,0.661325592280661
GSE21394,miRNA,mirna_validation,limma,IPF_vs_Control,A_25_P00010089,2.85272037288889,7.7710396464,4.569891521569,0.000221600363298614,0.00416507589434258,0.621332036043969
GSE21394,miRNA,mirna_validation,limma,IPF_vs_Control,A_25_P00010402,-2.80936098316667,10.3080787176,-4.56970627115542,0.000221692169413969,0.00416507589434258,0.620931146495694
GSE21394,miRNA,mirna_validation,limma,IPF_vs_Control,A_25_P00012058,-1.70002094683333,6.0535975554,-4.56764637760475,0.00022271560805374,0.00416507589434258,0.616473335114236
GSE21394,miRNA,mirna_validation,limma,IPF_vs_Control,A_25_P00010467,2.358974419,7.63819326506667,4.5674308035817,0.000222822990232319,0.00416507589434258,0.616006799464873
GSE21394,miRNA,mirna_validation,limma,IPF_vs_Control,A_25_P00010629,1.19806007572222,5.8694506066,4.54978303222782,0.000231793993782374,0.00429969011367304,0.577806450979288
GSE21394,miRNA,mirna_validation,limma,IPF_vs_Control,A_25_P00011118,1.05633715911111,6.81621644013333,4.53343953143908,0.000240428028977651,0.00442606144254312,0.542415846074555
GSE21394,miRNA,mirna_validation,limma,IPF_vs_Control,A_25_P00011342,-2.19595840888889,7.69342337866667,-4.52260279554456,0.000246331762234006,0.00449086522368546,0.518942799778135
GSE21394,miRNA,mirna_validation,limma,IPF_vs_Control,A_25_P00010837,1.21493239555556,6.39816126933333,4.52022905665504,0.000247644419742326,0.00449086522368546,0.513800412351161
GSE21394,miRNA,mirna_validation,limma,IPF_vs_Control,A_25_P00011440,-2.08928378555556,7.41233633333333,-4.46334228417614,0.000281310933508626,0.00487974015937187,0.390489485279814
GSE21394,miRNA,mirna_validation,limma,IPF_vs_Control,A_25_P00010496,-1.36554458672222,6.65725360346667,-4.46044364025733,0.000283145416654911,0.00487974015937187,0.384202644312842
GSE21394,miRNA,mirna_validation,limma,IPF_vs_Control,A_25_P00013825,-1.73780955883333,6.7596444032,-4.44180610566962,0.000295233108269276,0.00505222854291788,0.343772151307319
GSE21394,miRNA,mirna_validation,limma,IPF_vs_Control,A_25_P00012059,-1.83236043927778,6.61411783126667,-4.43374549958134,0.000300621306630199,0.00508262926938861,0.32628221572266
GSE21394,miRNA,mirna_validation,limma,IPF_vs_Control,A_25_P00012213,-2.58649515238889,8.44439404873333,-4.432899072637,0.000301192845593399,0.00508262926938861,0.324445497970924
GSE21394,miRNA,mirna_validation,limma,IPF_vs_Control,A_25_P00010701,2.05739635883333,8.09499688613333,4.42117337607665,0.000309224397042943,0.00513165547995425,0.298998508784555
GSE21394,miRNA,mirna_validation,limma,IPF_vs_Control,A_25_P00012001,2.26110736194445,6.65658017266667,4.41738205144215,0.00031186730849558,0.00513165547995425,0.290769584222534
GSE21394,miRNA,mirna_validation,limma,IPF_vs_Control,A_25_P00011315,1.07920292577778,5.84358124913333,4.41347565906374,0.000314614310302586,0.00513165547995425,0.282290394072631
GSE21394,miRNA,mirna_validation,limma,IPF_vs_Control,A_25_P00013791,-3.03241005455555,7.3148337856,-4.41341513301631,0.000314657064408718,0.00513165547995425,0.28215901254282
GSE21394,miRNA,mirna_validation,limma,IPF_vs_Control,A_25_P00013788,-3.01130162377778,7.23200938706667,-4.40148254105752,0.000323201645925232,0.00523586666398875,0.256255011181945
GSE21394,miRNA,mirna_validation,limma,IPF_vs_Control,A_25_P00013941,-2.55785879633333,8.17628136086667,-4.38317299614099,0.000336770654097584,0.00534783849400189,0.216498602029057
GSE21394,miRNA,mirna_validation,limma,IPF_vs_Control,A_25_P00012540,-1.07940605116667,6.02013043146667,-4.38003678213829,0.000339151932541376,0.00534783849400189,0.209687745732809
GSE21394,miRNA,mirna_validation,limma,IPF_vs_Control,A_25_P00010403,-2.63237433588889,9.51225296613333,-4.37868136985527,0.000340186330895898,0.00534783849400189,0.206744131033479
GSE21394,miRNA,mirna_validation,limma,IPF_vs_Control,A_25_P00012215,3.036988578,8.17500581746667,4.37746507711625,0.000341117270193536,0.00534783849400189,0.204102602273865
GSE21394,miRNA,mirna_validation,limma,IPF_vs_Control,A_25_P00010683,-1.39915257222222,10.7577961683333,-4.34333948577585,0.000368311870203002,0.00573544197969616,0.12997192605031
GSE21394,miRNA,mirna_validation,limma,IPF_vs_Control,A_25_P00010995,-1.03675013377778,7.32187571006667,-4.34063138055915,0.000370561477700534,0.00573544197969616,0.124087791361041
GSE21394,miRNA,mirna_validation,limma,IPF_vs_Control,A_25_P00010882,2.21949341594445,9.72020160806667,4.33495176469657,0.000375324635135937,0.00577239786949574,0.111746595623022
GSE21394,miRNA,mirna_validation,limma,IPF_vs_Control,A_25_P00010386,2.49470613588889,7.50760497386667,4.32903864031443,0.000380349272892164,0.00581288511401231,0.0988971633254057
GSE21394,miRNA,mirna_validation,limma,IPF_vs_Control,A_25_P00013489,-1.47821654688889,6.4565283572,-4.3122577325549,0.000394981391418269,0.00591276375427445,0.0624271530301526
GSE21394,miRNA,mirna_validation,limma,IPF_vs_Control,A_25_P00011724,-1.581281447,7.68681818746667,-4.31211690475209,0.000395106558780282,0.00591276375427445,0.062121064408684
GSE21394,miRNA,mirna_validation,limma,IPF_vs_Control,A_25_P00013790,-2.96058145111111,7.43941555566667,-4.30959045996866,0.000397358863993632,0.00591276375427445,0.0566297737984325
GSE21394,miRNA,mirna_validation,limma,IPF_vs_Control,A_25_P00010073,2.0840838875,9.431658756,4.30595871382497,0.000400619239629722,0.00591276375427445,0.0487358411587593
GSE21394,miRNA,mirna_validation,limma,IPF_vs_Control,A_25_P00012035,1.05753575966667,5.93343560146667,4.30500049974002,0.000401483958623574,0.00591276375427445,0.0466530281849371
GSE21394,miRNA,mirna_validation,limma,IPF_vs_Control,A_25_P00012209,1.47925436572222,6.59365693526667,4.26140017567433,0.000442887032704519,0.00640604458019037,-0.0481372329635663
GSE21394,miRNA,mirna_validation,limma,IPF_vs_Control,A_25_P00014865,-1.84514941644444,10.1683750828,-4.25857637792495,0.00044571238279033,0.00640876384722191,-0.0542775161855653
GSE21394,miRNA,mirna_validation,limma,IPF_vs_Control,A_25_P00012459,-2.32473420238889,8.29963367173333,-4.24343935541047,0.000461170203020004,0.00655347130607375,-0.0871946437677531
GSE21394,miRNA,mirna_validation,limma,IPF_vs_Control,A_25_P00013690,-2.36069110211111,9.3568292894,-4.23240660716098,0.000472775969285724,0.00667933491490878,-0.111188542561744
GSE21394,miRNA,mirna_validation,limma,IPF_vs_Control,A_25_P00010682,-1.28080811166667,10.9347363696667,-4.2209175968448,0.000485174446016259,0.00673699373611149,-0.136176272482707
GSE21394,miRNA,mirna_validation,limma,IPF_vs_Control,A_25_P00012618,-1.11663820933333,5.7607770774,-4.20955157787953,0.000497762311338086,0.0068336859692178,-0.160897880331939
GSE21394,miRNA,mirna_validation,limma,IPF_vs_Control,A_25_P00013824,-1.36728374783333,6.4506490728,-4.18111599986263,0.000530713667625424,0.00720466040407699,-0.222751286927805
GSE21394,miRNA,mirna_validation,limma,IPF_vs_Control,A_25_P00012013,1.41478759372222,11.9232867947333,4.17335507636151,0.000540082421471704,0.00729111268986801,-0.239633821824564
GSE21394,miRNA,mirna_validation,limma,IPF_vs_Control,A_25_P00014861,-2.37636170055556,8.61094291433333,-4.16903055014539,0.000545374845731301,0.00732188328799481,-0.24904119136403
GSE21394,miRNA,mirna_validation,limma,IPF_vs_Control,A_25_P00012208,1.09841023022222,5.87273415713333,4.1472906043373,0.000572781201656015,0.00760578316953069,-0.296334084248289
GSE21394,miRNA,mirna_validation,limma,IPF_vs_Control,A_25_P00010209,1.70364108083334,6.702218559,4.13638226223592,0.000587050198547466,0.00775289120907794,-0.320064233228865
GSE21394,miRNA,mirna_validation,limma,IPF_vs_Control,A_25_P00010387,1.58578411272222,6.47217617846667,4.11500116891016,0.000616063118714069,0.00804856655094187,-0.366576548569423
GSE21394,miRNA,mirna_validation,limma,IPF_vs_Control,A_25_P00011314,1.40301127894444,6.37194808253333,4.10401933514564,0.000631520442457768,0.00820638863728544,-0.390465815414982
GSE21394,miRNA,mirna_validation,limma,IPF_vs_Control,A_25_P00011725,-1.42211215294444,7.44254448206667,-4.09173371072107,0.000649275003723201,0.00838556305274537,-0.417190533158899
GSE21394,miRNA,mirna_validation,limma,IPF_vs_Control,A_25_P00013407,-1.96298997772222,7.13187731353333,-4.08814481125556,0.000654555473485349,0.00838556305274537,-0.424997223724938
GSE21394,miRNA,mirna_validation,limma,IPF_vs_Control,A_25_P00012131,2.89141874144444,8.7332603362,4.08739690630808,0.000655661308650872,0.00838556305274537,-0.426624079109783
GSE21394,miRNA,mirna_validation,limma,IPF_vs_Control,A_25_P00014894,1.47854322277778,6.51707468066667,4.07319312276805,0.000677022374604255,0.0085685644285851,-0.457519526741871
GSE21394,miRNA,mirna_validation,limma,IPF_vs_Control,A_25_P00012265,1.03509443716667,7.87599599213333,4.04731061376374,0.000717759223064383,0.00899048923735284,-0.513812815251591
GSE21394,miRNA,mirna_validation,limma,IPF_vs_Control,A_25_P00012085,1.60896518144445,7.83999370786667,4.02229352545753,0.000759469551754045,0.00941587250388943,-0.568215465448893
GSE21394,miRNA,mirna_validation,limma,IPF_vs_Control,A_25_P00012231,-1.74618670027778,8.146494715,-3.99002799292313,0.000816873301385408,0.00987922983273258,-0.638364797452671
GSE21394,miRNA,mirna_validation,limma,IPF_vs_Control,A_25_P00010053,2.54784231611111,8.639134652,3.98986672866384,0.00081717086270751,0.00987922983273258,-0.63871535376871
GSE21394,miRNA,mirna_validation,limma,IPF_vs_Control,A_25_P00012246,-2.27466433811111,8.8181442438,-3.98524604794687,0.0008257431246123,0.00993344451885093,-0.648759549207299
GSE21394,miRNA,mirna_validation,limma,IPF_vs_Control,A_25_P00013789,-2.67621507794445,6.89274933473333,-3.97879530369982,0.000837861367214784,0.0099804074624114,-0.662781038246138
GSE21394,miRNA,mirna_validation,limma,IPF_vs_Control,A_25_P00012289,1.05310704372222,5.7961984434,3.97574436900843,0.000843654676246704,0.0100003944550219,-0.669412285067971
GSE21394,miRNA,mirna_validation,limma,IPF_vs_Control,A_25_P00010700,2.74828040733333,9.84044583373333,3.97133810892519,0.000852092438307577,0.0100028242757846,-0.678988956646618
GSE21394,miRNA,mirna_validation,limma,IPF_vs_Control,A_25_P00012212,-2.41030438361111,7.65794982933333,-3.95861241832012,0.000876938897043363,0.0101903656734484,-0.706644559925437
GSE21394,miRNA,mirna_validation,limma,IPF_vs_Control,A_25_P00012861,-1.78420831138889,7.563795548,-3.95442514946805,0.000885271960091468,0.0101903656734484,-0.715743454560037
GSE21394,miRNA,mirna_validation,limma,IPF_vs_Control,A_25_P00010344,-1.50757923416667,7.02135205,-3.95312666358064,0.000887872135691263,0.0101903656734484,-0.718564955787512
GSE21394,miRNA,mirna_validation,limma,IPF_vs_Control,A_25_P00012918,-1.56819272194444,6.923862959,-3.9525466723215,0.000889036017601258,0.0101903656734484,-0.719825213426501
GSE21394,miRNA,mirna_validation,limma,IPF_vs_Control,A_25_P00012247,-2.19029177555556,8.80324649,-3.93688385596478,0.000921050950533805,0.0103392001705883,-0.75385521795976
GSE21394,miRNA,mirna_validation,limma,IPF_vs_Control,A_25_P00012150,1.04405927033333,5.8555193362,3.93580658808886,0.000923294830048422,0.0103392001705883,-0.756195494704908
GSE21394,miRNA,mirna_validation,limma,IPF_vs_Control,A_25_P00010153,1.2868868715,6.35040181606667,3.92050003930912,0.000955774641306161,0.0106538182494219,-0.789443871343361
GSE21394,miRNA,mirna_validation,limma,IPF_vs_Control,A_25_P00013406,-1.85953402172222,7.0321813978,-3.9123662081914,0.00097349672779032,0.0108018130069885,-0.807108856445426
GSE21394,miRNA,mirna_validation,limma,IPF_vs_Control,A_25_P00012266,1.32896996561111,9.85216175286667,3.90949002569972,0.0009798417154817,0.0108227971300933,-0.813354796168875
GSE21394,miRNA,mirna_validation,limma,IPF_vs_Control,A_25_P00013020,-1.07960009494444,5.92291911153333,-3.90564788423799,0.000988382209192191,0.0108677319834255,-0.821697978474121
GSE21394,miRNA,mirna_validation,limma,IPF_vs_Control,A_25_P00010808,-2.5708556795,9.05622886846667,-3.8759350019199,0.00105699180672978,0.0115178927818537,-0.886201277885503
GSE21394,miRNA,mirna_validation,limma,IPF_vs_Control,A_25_P00011341,-1.69453247161111,7.0747798302,-3.86743413216191,0.00107748248071365,0.0116887608398847,-0.904649468952932
GSE21394,miRNA,mirna_validation,limma,IPF_vs_Control,A_25_P00013004,-1.74223672438889,6.1353344682,-3.83929306918039,0.00114818680562781,0.0122372541126122,-0.965698252082345
GSE21394,miRNA,mirna_validation,limma,IPF_vs_Control,A_25_P00012230,-1.731999776,8.19129758906667,-3.82792579295692,0.00117804353939197,0.0123924060637337,-0.990348228163589
GSE21394,miRNA,mirna_validation,limma,IPF_vs_Control,A_25_P00013217,1.00532878183333,5.92476128093333,3.82361545415834,0.00118956636000042,0.012459682132763,-0.999693623235384
GSE21394,miRNA,mirna_validation,limma,IPF_vs_Control,A_25_P00013022,-1.00556354783333,6.1577686578,-3.81757905997314,0.0012058926899744,0.0124635326582226,-1.01277983259027
GSE21394,miRNA,mirna_validation,limma,IPF_vs_Control,A_25_P00013320,-1.21421176,5.642711015,-3.81632719842942,0.00120930642090985,0.0124635326582226,-1.01549350165085
GSE21394,miRNA,mirna_validation,limma,IPF_vs_Control,A_25_P00014916,1.11747118477778,5.9242327422,3.81590858933009,0.00121045008532532,0.0124635326582226,-1.01640090629352
GSE21394,miRNA,mirna_validation,limma,IPF_vs_Control,A_25_P00012406,-1.24494168183333,5.80843180106667,-3.80701717893569,0.0012349983712285,0.0125566780003567,-1.03567244720237
GSE21394,miRNA,mirna_validation,limma,IPF_vs_Control,A_25_P00010976,2.1793941865,11.5906376020667,3.78047471520843,0.00131127163660547,0.0131127163660547,-1.09317705201545
GSE21394,miRNA,mirna_validation,limma,IPF_vs_Control,A_25_P00010208,1.31407532827778,6.1561716218,3.75864957827944,0.0013774930486038,0.013662482073907,-1.14043237311974
GSE21394,miRNA,mirna_validation,limma,IPF_vs_Control,A_25_P00012505,-1.63838227244444,10.5772614732,-3.73937482183396,0.00143874013136201,0.0140973327387487,-1.1821422587715
GSE21394,miRNA,mirna_validation,limma,IPF_vs_Control,A_25_P00011999,2.51439877011111,10.6834802530667,3.7190781231841,0.00150616647084986,0.0145816116500604,-1.22603842023885
GSE21394,miRNA,mirna_validation,limma,IPF_vs_Control,A_25_P00014896,-2.550949577,9.17343582113333,-3.7164901275056,0.00151498687666853,0.014608802025018,-1.23163361142274
GSE21394,miRNA,mirna_validation,limma,IPF_vs_Control,A_25_P00012086,1.8561943995,8.41733718953333,3.70790769128331,0.0015446069287005,0.0147325759874466,-1.25018544125479
GSE21394,miRNA,mirna_validation,limma,IPF_vs_Control,A_25_P00012261,-1.72393926683333,8.3789036644,-3.70338931172474,0.00156043167224632,0.0147606574032298,-1.2599503774952
GSE21394,miRNA,mirna_validation,limma,IPF_vs_Control,A_25_P00010640,-1.39419352638889,6.889045223,-3.699869037766,0.00157287240040363,0.0147606574032298,-1.26755727307661
GSE21394,miRNA,mirna_validation,limma,IPF_vs_Control,A_25_P00012919,-1.25708121838889,7.1813620638,-3.698825886309,0.00157657782957546,0.0147606574032298,-1.26981123451527
GSE21394,miRNA,mirna_validation,limma,IPF_vs_Control,A_25_P00010492,1.24108759122222,5.81147388506667,3.69623694963435,0.00158581166437381,0.0147606574032298,-1.27540488090939
GSE21394,miRNA,mirna_validation,limma,IPF_vs_Control,A_25_P00012383,1.18448755388889,5.70891626033333,3.69617407358139,0.00158603658891255,0.0147606574032298,-1.27554072481232
GSE21394,miRNA,mirna_validation,limma,IPF_vs_Control,A_25_P00011097,-1.67287717961111,6.4932485804,-3.69603683427674,0.00158652764097073,0.0147606574032298,-1.27583722978002
GSE21394,miRNA,mirna_validation,limma,IPF_vs_Control,A_25_P00012860,-1.64449042961111,7.30373748306667,-3.69465558121179,0.00159147828792025,0.0147606574032298,-1.27882134762935
GSE21394,miRNA,mirna_validation,limma,IPF_vs_Control,A_25_P00011023,-1.05012704372222,6.19155091193333,-3.68444173787243,0.00162856626011028,0.0150098033226002,-1.30088355645809
GSE21394,miRNA,mirna_validation,limma,IPF_vs_Control,A_25_P00014215,1.13119675061111,6.34532172853333,3.65485579686766,0.00174091478558781,0.0158442806328778,-1.36474672022012
GSE21394,miRNA,mirna_validation,limma,IPF_vs_Control,A_25_P00010642,-1.42659252516667,6.97356526706667,-3.64779702049811,0.001768837468775,0.0159519481848598,-1.37997364887307
GSE21394,miRNA,mirna_validation,limma,IPF_vs_Control,A_25_P00010465,2.25094521655556,7.30409516993333,3.6458913693261,0.00177645166325704,0.0159519481848598,-1.38408377451929
GSE21394,miRNA,mirna_validation,limma,IPF_vs_Control,A_25_P00010154,1.1098534025,6.20348954033333,3.64482810987044,0.00178071414333646,0.0159519481848598,-1.38637689660627
GSE21394,miRNA,mirna_validation,limma,IPF_vs_Control,A_25_P00010504,1.89259225427778,7.62907541306667,3.6436204406255,0.00178556786266743,0.0159519481848598,-1.38898135659285
GSE21394,miRNA,mirna_validation,limma,IPF_vs_Control,A_25_P00012323,-1.23439057988889,6.7467344944,-3.62970470495059,0.00184245280836852,0.0163998546678956,-1.41898353731116
GSE21394,miRNA,mirna_validation,limma,IPF_vs_Control,A_25_P00010459,1.260030403,6.0147163998,3.62551961136823,0.0018599098795264,0.01649482119434,-1.42800344983408
GSE21394,miRNA,mirna_validation,limma,IPF_vs_Control,A_25_P00011025,-1.07618621872222,6.27264551826667,-3.62089926604245,0.0018793731579953,0.0166068246324675,-1.43795974076021
GSE21394,miRNA,mirna_validation,limma,IPF_vs_Control,A_25_P00010390,1.60489073344445,7.26988157973333,3.61857296834233,0.0018892490740179,0.0166336059777663,-1.4429719540947
GSE21394,miRNA,mirna_validation,limma,IPF_vs_Control,A_25_P00010643,-1.49465462255555,6.99704508813333,-3.61451984765334,0.00190657908071831,0.0167255854373483,-1.45170366324363
GSE21394,miRNA,mirna_validation,limma,IPF_vs_Control,A_25_P00010607,1.340420955,6.80385457366667,3.61227536003375,0.00191624362449698,0.0167498993076535,-1.45653839913667
GSE21394,miRNA,mirna_validation,limma,IPF_vs_Control,A_25_P00010641,-1.45395430433333,7.0225216564,-3.59476063459395,0.00199334806582419,0.01729941357126,-1.49425094154514
GSE21394,miRNA,mirna_validation,limma,IPF_vs_Control,A_25_P00010464,2.07812569411111,7.1512921458,3.57190703983837,0.00209859703504882,0.0179846278905455,-1.54341776198025
GSE21394,miRNA,mirna_validation,limma,IPF_vs_Control,A_25_P00010690,1.47944918761111,7.27160569406667,3.54894812470768,0.00220987216450314,0.0187107643196608,-1.59276190429979
GSE21394,miRNA,mirna_validation,limma,IPF_vs_Control,A_25_P00010503,1.81437994683333,7.2243149676,3.52893833736932,0.00231160468231154,0.0194366760485019,-1.63572555667492
GSE21394,miRNA,mirna_validation,limma,IPF_vs_Control,A_25_P00012012,1.3519075895,10.4353912008667,3.50834567686745,0.00242113811065589,0.020286521721702,-1.67989800251242
GSE21394,miRNA,mirna_validation,limma,IPF_vs_Control,A_25_P00013404,-1.68934781077778,6.81843459453333,-3.504104188239,0.00244432825156916,0.0202909309385796,-1.68899070208455
GSE21394,miRNA,mirna_validation,limma,IPF_vs_Control,A_25_P00012193,1.47019635483334,11.7739986747333,3.49722836547576,0.00248238882455765,0.0205177035499153,-1.70372665993493
GSE21394,miRNA,mirna_validation,limma,IPF_vs_Control,A_25_P00010755,1.78671642683333,6.9135003926,3.48379520054472,0.00255844476924634,0.0210034486123939,-1.73250116047234
GSE21394,miRNA,mirna_validation,limma,IPF_vs_Control,A_25_P00013449,-1.05769988238889,6.24750252273333,-3.45208463261059,0.00274723362472368,0.0223270157460821,-1.80034623646848
GSE21394,miRNA,mirna_validation,limma,IPF_vs_Control,A_25_P00013405,-1.67001237416667,6.680824442,-3.44336310254831,0.00280152560311122,0.0226169674935557,-1.81898554923788
GSE21394,miRNA,mirna_validation,limma,IPF_vs_Control,A_25_P00013183,-1.18741004172222,6.4819642558,-3.42107348235942,0.00294513529862156,0.02354170649885,-1.8665803874357
GSE21394,miRNA,mirna_validation,limma,IPF_vs_Control,A_25_P00011998,2.33124228538889,9.5284779234,3.41322870006292,0.00299738584886795,0.0238027699763043,-1.88331671323289
GSE21394,miRNA,mirna_validation,limma,IPF_vs_Control,A_25_P00013448,-1.066795393,5.7743804882,-3.39229006910119,0.003141363366027,0.0246242354175665,-1.92794966354672
GSE21394,miRNA,mirna_validation,limma,IPF_vs_Control,A_25_P00010606,1.18770424227778,6.64616735653333,3.38499374320958,0.00319311758758538,0.0248952180339028,-1.9434892335639
GSE21394,miRNA,mirna_validation,limma,IPF_vs_Control,A_25_P00010211,1.01410128205556,5.93166399173333,3.35364555932057,0.00342519182150736,0.0262562022910501,-2.01017295842958
GSE21394,miRNA,mirna_validation,limma,IPF_vs_Control,A_25_P00012130,2.06773872922222,7.95733209486667,3.34450705265259,0.0034959149905375,0.0267140673805224,-2.02958696675635
GSE21394,miRNA,mirna_validation,limma,IPF_vs_Control,A_25_P00010273,1.03027464127778,6.35094075326667,3.31375502511907,0.00374461061949378,0.028036791831764,-2.09482975943507
GSE21394,miRNA,mirna_validation,limma,IPF_vs_Control,A_25_P00010054,1.65111777322222,6.88251672526667,3.31313772523034,0.00374977668531824,0.028036791831764,-2.0961380004437
GSE21394,miRNA,mirna_validation,limma,IPF_vs_Control,A_25_P00011798,-1.90534028733333,7.39824565093333,-3.30309848079407,0.00383478226564752,0.0284101247119618,-2.11740618300436
GSE21394,miRNA,mirna_validation,limma,IPF_vs_Control,A_25_P00012358,1.57438908616667,8.90441464953333,3.29318229688172,0.00392060198988122,0.0288698873800344,-2.13839881287265
GSE21394,miRNA,mirna_validation,limma,IPF_vs_Control,A_25_P00010756,1.2520998985,6.19037111526667,3.28534081443498,0.00398979812320916,0.029178663680662,-2.15498869100567
GSE21394,miRNA,mirna_validation,limma,IPF_vs_Control,A_25_P00010078,1.28673826488889,7.0708636796,3.28505602527039,0.00399233362679971,0.029178663680662,-2.15559102920798
GSE21394,miRNA,mirna_validation,limma,IPF_vs_Control,A_25_P00013394,-1.64158339622222,6.31754332293333,-3.28435769507266,0.00399855761549812,0.029178663680662,-2.15706796700486
GSE21394,miRNA,mirna_validation,limma,IPF_vs_Control,A_25_P00012667,-1.05027486866667,5.5763939068,-3.28198094920622,0.00401981218356046,0.0292459389402752,-2.16209411603281
GSE21394,miRNA,mirna_validation,limma,IPF_vs_Control,A_25_P00011799,-2.10630118577778,7.75963709353333,-3.26627276692857,0.00416309858775718,0.0300187821016319,-2.1952903616216
GSE21394,miRNA,mirna_validation,limma,IPF_vs_Control,A_25_P00014863,-1.10758619116667,7.30472609513333,-3.24708904992532,0.00434489099154653,0.0311447938332096,-2.2357783621312
GSE21394,miRNA,mirna_validation,limma,IPF_vs_Control,A_25_P00010439,2.18732677477778,8.68581458286667,3.23340788492627,0.00447926683387486,0.0318263696091108,-2.2646164812074
GSE21394,miRNA,mirna_validation,limma,IPF_vs_Control,A_25_P00010977,1.05303871794444,6.91110245393333,3.19218928399946,0.00490917529732546,0.0340837027785739,-2.35130958905206
GSE21394,miRNA,mirna_validation,limma,IPF_vs_Control,A_25_P00014906,-1.38279637361111,7.64588980266667,-3.18427926464647,0.00499617225418771,0.0345888848366841,-2.36791270505209
GSE21394,miRNA,mirna_validation,limma,IPF_vs_Control,A_25_P00010440,2.04306885727778,8.44808432686667,3.16829455944332,0.00517659916056718,0.0354995660767821,-2.4014305122075
GSE21394,miRNA,mirna_validation,limma,IPF_vs_Control,A_25_P00014864,-1.056707964,7.30502006926667,-3.16382042090242,0.00522823047362621,0.0355544142075164,-2.41080392095823
GSE21394,miRNA,mirna_validation,limma,IPF_vs_Control,A_25_P00012031,-1.16027482761111,8.5917283916,-3.15247484743226,0.00536142184855972,0.0361895974777781,-2.43455668314898
GSE21394,miRNA,mirna_validation,limma,IPF_vs_Control,A_25_P00014907,-1.321486911,7.57679491906667,-3.10461815611247,0.00596058889230554,0.0395021307663599,-2.53448123622611
GSE21394,miRNA,mirna_validation,limma,IPF_vs_Control,A_25_P00011796,-1.81545116611111,7.256449432,-3.10096757422182,0.00600888245624341,0.039678218393129,-2.54208544231417
GSE21394,miRNA,mirna_validation,limma,IPF_vs_Control,A_25_P00010210,1.04741820488889,6.0445363046,3.09627755023997,0.00607148620685345,0.0399829579475715,-2.55185094334776
GSE21394,miRNA,mirna_validation,limma,IPF_vs_Control,A_25_P00014866,2.11550013211111,9.05082787026667,3.09381862529418,0.006104561869873,0.0400921225507875,-2.55696913233971
GSE21394,miRNA,mirna_validation,limma,IPF_vs_Control,A_25_P00014908,-1.31761575411111,7.5284429502,-3.08627144736426,0.00620717990754084,0.0404381961804939,-2.57267082709135
GSE21394,miRNA,mirna_validation,limma,IPF_vs_Control,A_25_P00013597,-1.13062388961111,6.4253098084,-3.07246600053489,0.00639925075605368,0.041247160045651,-2.60136286584626
GSE21394,miRNA,mirna_validation,limma,IPF_vs_Control,A_25_P00011797,-1.86676648433333,7.5063581474,-3.06821093811231,0.0064596066929461,0.0413004786875988,-2.61019836290336
GSE21394,miRNA,mirna_validation,limma,IPF_vs_Control,A_25_P00014919,-1.54036245411111,10.6840410588667,-3.06732978831214,0.00647217435814211,0.0413004786875988,-2.61202757529902
GSE21394,miRNA,mirna_validation,limma,IPF_vs_Control,A_25_P00010806,-1.19566596405556,6.64360838573333,-3.04645131866188,0.00677700947295019,0.0427725162997266,-2.65532269086982
GSE21394,miRNA,mirna_validation,limma,IPF_vs_Control,A_25_P00010807,-1.24149651827778,6.5809253462,-3.04411879913057,0.00681191926254905,0.0427725162997266,-2.66015388190071
GSE21394,miRNA,mirna_validation,limma,IPF_vs_Control,A_25_P00014922,-1.561537175,9.99678420933333,-3.02571726382446,0.00709351669629849,0.044311685275078,-2.69822696050069
GSE21394,miRNA,mirna_validation,limma,IPF_vs_Control,A_25_P00010827,1.01978929677778,6.8342012194,3.02374734985114,0.0071243232519741,0.044390014108454,-2.70229841601544
GSE21394,miRNA,mirna_validation,limma,IPF_vs_Control,A_25_P00010345,-1.0448209615,6.8900907016,-3.01354305894057,0.0072859924592251,0.0452812319077161,-2.72337527377342
GSE21394,miRNA,mirna_validation,limma,IPF_vs_Control,A_25_P00013216,1.03963801283334,5.80325166553333,3.0045989607183,0.00743061749206114,0.0459450394547292,-2.74183036063398
GSE21394,miRNA,mirna_validation,limma,IPF_vs_Control,A_25_P00010612,1.30229548061111,6.9423165222,2.99617774989522,0.00756932860288312,0.0465657430506481,-2.75919025619422
GSE21394,miRNA,mirna_validation,limma,IPF_vs_Control,A_25_P00013477,-1.0380400795,5.44708881713333,-2.98087777177501,0.00782779070143952,0.0474352404102195,-2.79068947054979
