sample_id,group,label,ABCA13,ABCA3,ACADL,ACSL1,ACTG2,ACVRL1,ADH7,ADM,AFF3,AGBL2,AGER,AK7,ALOX15,AMPD1,ANK2,ANKRD1,ANKRD36B,APLNR,ARMC2,ARMC3,ARMC4,ASPA,ASPN,BPIFA1,BPIFB1,BTNL9,C11ORF88,C12ORF75,C1ORF194,C1ORF87,C20ORF85,C6,C6ORF118,C9ORF135,CACNA2D2,CAP2,CAPN13,CAPS,CAPS2,CAPSL,CASC1,CASQ2,CBS,CCDC113,CCDC141,CCDC146,CCDC17,CCDC39,CCDC60,CCDC80,CCL13,CCL18,CD163,CD1C,CD24,CD274,CDH2,CDH3,CDHR3,CFH,CHI3L2,CHST9,CLDN1,CLDN8,CLEC4D,CLEC4E,CLIC6,CNTN3,COL14A1,COL15A1,COL17A1,COL1A1,COL1A2,COL3A1,COL6A3,COMP,CP,CRISPLD1,CRTAC1,CSF3R,CTSK,CWH43,CXCL13,CXCL14,CYP24A1,DCDC1,DCLK1,DES,DIO2,DLEC1,DNAAF1,DNAH10,DNAH11,DNAH12,DNAH3,DNAH5,DNAH6,DNAH7,DNAH9,DNAI1,DNAJA4,DNALI1,DSC3,DTHD1,DUOX1,DZIP3,ECM2,EFCAB1,EFHB,EFHC1,EFHC2,ENKUR,EPC1,F2RL3,FAM13C,FAM183A,FAM81B,FAM83D,FANK1,FAP,FASN,FCN3,FGA,FGF14,FGG,FIBIN,FKBP5,FLT1,FMO5,FNDC1,FPR1,FPR2,GEM,GLDN,GLT1D1,GLT8D2,GOLM1,GPR4,GPX3,GPX8,GRASP,GRIA1,GSTA1,GXYLT2,HDC,HECW2,HHIP,HHLA2,HIF3A,HMCN1,HMGCS1,HP,HPGDS,HPSE2,HSD17B13,HSD17B6,HSPA4L,HYDIN,ID1,IGF1,IL13RA2,IL18R1,IL18RAP,IL1R2,IL1RL1,IL5RA,IL7R,INMT,IQCG,IQUB,ITGA10,ITGB8,ITLN2,KCNRG,KIAA1324,KLHL13,KRT15,KRT5,LRP2,LRRC17,LRRC32,LRRC46,LRRC6,LRRIQ1,LRRN1,LRRN4,LTBP1,MAP1A,MDH1B,MFSD2A,MGAM,MME,MMP7,MNS1,MORN5,MS4A15,MS4A2,MSMB,MT1M,MT1X,MUC16,MUC4,MUC5B,MYB,MYH11,MYOCD,NECAB1,NEK10,NEK11,NELL2,NME5,NPR1,NRP2,OGN,ORM1,PACRG,PAMR1,PAPSS2,PCDH7,PDE7B,PDGFRA,PEBP4,PFN2,PGC,PGM5,PIH1D2,PLA2G1B,PLA2G4F,PLLP,POSTN,PPIL6,PROK2,PROM1,PRSS12,PRUNE2,PSD3,PTGFRN,PTPRB,RGS22,ROBO2,ROPN1L,RP1,RPGRIP1L,RSPH1,RSPH4A,RTKN2,RXFP1,S100A8,S1PR1,SCGB1A1,SCGB3A1,SCGB3A2,SCN1A,SDR16C5,SEMA3D,SERPINA3,SERPINE1,SERPINI2,SFRP4,SFTA2,SIX1,SIX4,SLAMF7,SLC11A1,SLC18A2,SLC19A3,SLC27A2,SLC39A8,SLC44A4,SLC6A14,SLC6A4,SLCO2A1,SLCO4A1,SLFN13,SLN,SMAD6,SNTN,SPA17,SPAG17,SPAG6,SPATA17,SPATA18,SPEF2,SPP1,SPRY4,ST6GALNAC1,STK33,STOML3,STOX1,SULF1,SULT1B1,SYNPO2,SYTL2,TDO2,TEKT1,TGFB3,THBS1,THY1,TMEM100,TMEM232,TMEM45A,TMEM67,TMPRSS4,TNC,TNFRSF19,TP63,TPPP3,TRIM2,TRIM29,TSGA10,TSPAN1,TTC25,TTN,VCAM1,VIPR1,VNN2,VSIG1,VTCN1,VWA3A,VWA3B,WDR49,WDR63,WDR66,WDR78,ZBBX,ZBTB16,ZNF385B,ZNF385D,ZNF521
GSM2433098,IPF,1,2362,20154,552,25958,13272,11810,1508,1870,640,1192,3730,1698,1680,268,3028,2506,334,1122,978,2144,1378,328,14918,470,80902,2068,1890,1884,1624,1298,4796,2526,1064,830,3298,888,5594,18300,498,2136,852,740,852,2768,238,3550,4252,1072,592,22660,4310,60102,58466,190,19788,1482,486,5798,6206,38924,1664,2472,7104,552,130,720,8002,442,19356,10144,7974,360124,392150,711996,155240,8902,8676,564,534,3282,9600,358,858,6328,1594,16,2000,23556,1620,2756,3384,2644,1310,2374,3064,3400,2372,1182,3230,1864,5424,3428,3548,1028,10402,3166,2860,3240,882,5652,1196,1866,1588,6730,550,1664,1592,1752,1454,4622,11178,11152,428,1212,2626,2448,47126,4360,1224,2280,4992,1528,3316,4332,92,2084,8554,1474,59400,5446,1874,198,3944,422,1316,2424,440,1404,938,14122,3468,3304,642,1058,1028,746,948,3064,8276,8304,498,3098,666,1412,2754,1572,2474,12962,3024,412,912,2276,30,494,3378,544,9424,47868,616,1784,18226,2426,772,906,1392,226,18884,4590,1064,3904,250,974,11252,1278,1004,672,592,10618,6664,24028,5368,8644,19180,704,47370,384,302,440,1710,780,1258,3150,8088,3810,128,764,1082,9638,2236,558,18918,2492,5724,16082,1890,674,326,1186,2058,36154,1810,98,2952,2274,3326,3446,8034,4514,1248,3438,1458,278,944,2600,2150,284,128,5268,6542,131462,37218,20800,226,2004,598,24234,19316,212,4262,3348,1116,996,3526,7412,1716,720,2718,9168,10296,11184,1406,11798,3154,2330,28,2934,4458,1692,2104,3430,618,3642,1286,17424,4026,5070,1974,1068,856,8302,70,6884,4384,2532,2440,2448,86888,23234,3680,1104,5090,1338,4742,36950,6262,2652,16216,6502,5904,842,26620,1612,2140,4820,4488,374,1280,992,1452,2098,648,990,2556,2454,1820,4160,510,160,1234
GSM2433099,IPF,1,1190,28210,644,17392,15948,9346,138,1488,744,406,8708,576,976,374,2530,1056,400,1014,496,596,502,446,12018,488,18222,1560,614,1382,434,358,1254,1130,302,250,5278,1112,1274,4294,282,448,304,824,474,994,700,1222,1190,724,208,16344,2840,34146,30944,510,12226,1358,1108,3366,1516,26638,2590,642,2720,208,64,532,5700,452,34472,9132,1872,119992,167818,222590,127104,5804,4900,658,1460,3912,8286,130,450,2468,314,28,1968,42912,1386,1010,868,1046,1168,844,962,2884,1120,864,1634,512,2590,1376,550,728,4824,2082,5420,1034,276,2670,416,610,1990,1454,1122,398,506,2156,406,1394,15288,6464,698,774,5586,2194,59228,4060,2320,2082,2028,2014,3292,3780,140,1614,4142,452,34720,3140,2976,764,1162,512,2382,2134,1130,1326,1308,18616,5640,1956,1624,1208,1078,1164,430,1948,3738,9224,1424,2076,236,560,2732,604,3516,28238,1326,224,804,1484,16,164,1580,546,2394,2864,950,1006,4606,686,298,654,754,634,19872,2530,432,4208,342,2226,7114,666,238,374,4076,434,2794,11166,1494,3718,2708,866,95622,1784,502,228,874,768,288,2772,6564,4660,184,212,1416,7922,2770,592,16260,2298,2980,21564,4360,232,216,2442,1308,26380,726,48,1182,1814,4608,3520,6810,9982,722,3618,364,176,592,1134,954,570,310,2414,5874,69556,23346,49892,620,2564,2118,6410,8792,64,2586,2548,336,536,2812,6446,3918,918,430,12098,3776,3774,2166,8656,1352,1406,496,3480,1356,534,806,992,218,2314,790,5966,4318,1960,748,388,270,5572,120,20980,4868,990,700,2968,41678,10162,10648,440,2784,976,1078,29536,5570,604,7054,5998,1190,422,5006,434,3454,1444,3632,452,2038,246,564,632,240,378,692,908,578,10368,1160,218,1774
GSM2433100,IPF,1,1470,21540,860,11880,5240,8714,90,756,944,426,20294,720,1580,58,1402,3166,344,1308,462,762,744,200,7392,1726,16744,3684,550,718,460,476,1202,852,452,198,5918,484,714,5634,256,566,332,462,516,1200,680,1564,1056,710,222,9628,570,5920,17076,224,10462,1974,400,1246,2630,15386,1398,870,1566,190,244,1002,2742,204,10182,2968,722,53906,95332,101262,48966,1536,2166,574,1276,4208,2962,102,728,1126,374,24,914,5940,620,1060,938,1442,1058,1020,1370,3334,998,1040,1930,576,2084,1436,134,922,5182,1828,2640,1292,596,2850,390,732,1424,4466,684,432,524,570,458,1160,7750,8324,954,736,10948,1626,16992,3298,1376,1106,3674,1542,2810,2210,226,920,2528,736,23196,1756,2724,744,1868,204,332,3616,580,328,1428,8628,3744,820,360,602,240,788,270,2082,5124,2280,268,3608,616,386,16772,498,4004,11232,1148,252,822,980,388,178,900,278,728,766,1062,576,2856,1036,400,700,600,574,8598,1442,388,3056,500,2888,1712,518,250,586,476,80,1054,2912,2126,1984,4956,344,28080,266,278,256,712,856,392,2546,3516,2680,84,296,822,9122,1190,280,7166,1404,2216,10998,1098,252,304,2310,1484,11606,858,268,968,1056,1330,2236,3418,7390,576,3002,366,214,576,1282,1002,4064,376,4744,5322,58104,15060,2864,706,2332,526,1692,4264,100,5122,2176,204,414,2884,4664,1180,888,700,13644,3122,2692,6906,10288,1074,1446,44,4774,1416,514,786,1158,206,2336,906,492,4670,1060,758,360,388,5826,130,5478,2824,214,860,1478,36244,6324,12452,450,1320,776,484,8632,3344,352,5870,2700,460,448,4974,506,4202,2130,7686,1102,268,150,498,868,258,450,852,918,724,3180,1014,132,844
GSM2433101,IPF,1,940,19596,544,20342,17042,11926,74,6836,506,300,12832,592,894,154,2858,3310,434,404,434,746,438,332,7342,24,2482,932,682,1646,408,382,1064,1032,322,316,2970,832,708,4286,306,364,254,820,636,946,282,1432,852,786,146,10268,1994,16762,26758,664,8722,2574,1254,3250,1596,26068,3850,504,4614,230,364,1286,3498,232,17960,10536,1244,61490,98316,116858,82332,3016,4608,378,1060,7408,4910,174,5098,3630,398,26,1402,30686,1556,920,766,1126,1124,746,854,3078,830,962,1322,518,3180,1366,308,870,3320,1672,2812,1006,352,2518,496,618,2378,2920,328,410,472,2142,304,1530,7724,10834,1302,620,5522,1084,10176,7652,500,1214,8846,4402,2772,1736,612,1258,4242,1794,30662,2064,1618,512,942,292,2882,2220,762,460,250,13472,6244,2016,1144,866,322,844,478,1706,4480,13878,2684,3570,1464,2600,12286,480,4976,6566,1184,146,758,1582,38,114,1332,454,950,1122,1404,480,7518,766,394,732,804,758,17496,1752,334,3582,1210,3122,7570,602,180,270,1334,54,3104,7390,274,3000,1558,382,57948,2278,518,200,830,914,342,1976,6464,3062,80,230,464,8728,2468,1232,13012,1580,2222,7058,2004,210,248,726,804,26880,700,1176,1256,1114,4476,2538,5808,8136,534,1212,312,88,688,1078,824,812,152,20724,8318,42826,8868,21056,558,3128,750,11824,33820,64,2392,2216,282,420,6176,6614,2168,818,408,19298,2486,10084,1346,10258,1012,1704,252,2070,888,516,1046,1176,232,2362,712,3980,5208,1170,624,190,206,10094,202,19350,6016,1336,660,4210,333912,14630,8528,420,1966,954,630,58478,3484,402,5272,4344,532,414,3938,504,3682,4636,2162,2880,1674,74,420,642,210,438,750,922,702,996,480,718,1274
GSM2433102,IPF,1,1450,17632,298,15724,36662,5332,254,2114,594,678,4442,1086,1166,338,4816,1402,480,2304,602,1148,1080,390,23430,3472,72636,524,1232,2494,502,540,2784,1604,666,446,4328,1238,4514,9278,348,1056,524,1826,1434,1730,180,2312,2160,950,398,63724,2580,16292,26506,364,12856,820,1082,5002,3606,30264,1550,1176,5118,230,156,330,7856,512,58500,27828,3780,900598,785536,1032076,231014,6150,7208,1470,966,4130,40670,222,4202,7084,2410,32,3058,57436,2894,1744,1860,1956,944,1682,1936,3836,1228,1002,2210,1104,3578,2120,1562,878,5820,2694,4574,2358,442,3928,562,1068,2302,718,1252,858,872,3610,906,9428,15360,1486,334,1050,2700,2868,16168,3246,1140,5390,2848,802,5580,962,176,4088,9744,1292,30596,8838,1522,164,3248,1490,764,824,564,326,470,14980,4562,5416,792,1990,834,848,668,1844,2086,22014,982,1864,742,696,730,770,2540,8484,2060,324,704,1828,30,306,3482,986,5658,13062,518,1272,8386,1744,556,728,1662,578,30956,4572,780,3284,274,1054,16418,916,456,416,1316,5644,1728,7250,1470,8742,25096,374,115370,788,602,350,1284,1280,858,2220,8800,5896,120,520,2592,7036,5840,2022,21376,1154,5686,17242,3720,352,102,1314,640,142556,1224,184,2874,1520,6038,4624,15274,5208,1310,1936,728,204,822,2634,1336,314,66,4814,4150,97194,69078,38482,316,2502,1250,20482,10810,110,28658,2720,702,574,5286,5338,2642,460,1006,9656,6150,5664,96,8608,280,2058,214,658,2616,1022,790,2034,342,4688,1122,16602,3376,3298,1382,168,458,54600,140,19568,7732,2344,1546,4852,126410,41874,866,648,8530,1246,2682,43374,6628,1626,9356,6584,2284,612,11742,904,1702,4930,636,650,140,422,916,1254,318,610,2000,1378,1040,2520,726,686,3148
GSM2433103,IPF,1,760,7210,298,4750,10430,3406,112,5228,340,248,4406,480,440,366,6240,84,290,2848,362,494,390,258,9300,306,32340,228,354,1048,368,308,1074,718,192,214,2278,828,2366,4282,120,456,290,530,270,870,214,1028,1040,486,142,24172,1124,13020,7562,604,10104,1016,950,2646,1602,25700,698,710,4104,78,34,94,3600,246,31898,15118,1620,124674,156476,191122,91946,4026,4840,728,556,1586,6834,240,1348,3882,844,18,1664,19044,1976,634,592,960,652,732,892,2020,814,832,1014,394,2622,1506,608,612,2210,1472,3488,894,264,2410,462,540,1424,156,802,404,396,920,396,2080,4278,2788,54,732,650,322,1594,7688,534,2036,1182,172,11834,618,88,1280,3576,964,11526,2444,1818,374,590,348,1816,584,262,356,156,11130,3164,794,840,1284,204,628,516,1330,1272,6958,782,758,218,140,682,508,1594,5036,992,158,374,1700,20,110,730,798,2426,4414,192,1064,7800,470,310,518,866,382,16166,2880,316,1536,70,1196,12282,604,216,492,1846,612,154,840,1224,3108,4044,278,51668,1114,278,170,616,568,374,1288,4232,3810,64,204,1626,4022,1932,782,5182,918,2136,12838,2312,176,134,590,318,39992,588,86,1202,842,2404,2712,7052,3852,510,1972,336,110,582,1056,816,806,150,1598,3618,29570,26796,16206,194,666,1228,3580,35208,68,8020,1410,460,648,2942,2964,2316,248,462,4548,2898,1778,638,8084,636,1420,122,970,1152,396,448,1000,216,1748,622,3792,1952,1166,624,266,222,10448,16,9288,4128,1026,636,3444,81222,18712,2390,290,2760,804,1186,26712,5870,820,9760,5196,808,342,4902,444,2066,5658,762,266,632,274,440,430,174,340,732,770,648,66,442,466,1772
GSM2433104,IPF,1,946,40098,916,25758,12634,12224,68,2684,690,372,14306,710,728,62,2068,2262,430,628,478,920,524,260,12110,62,12180,1302,710,1462,386,348,646,1328,382,276,5164,810,1162,4872,352,622,490,850,820,1242,768,1798,1306,790,166,12292,3314,35804,53340,414,9966,1368,1008,3404,2462,41776,2718,700,4676,206,178,594,3290,404,17632,10844,1396,86312,134134,258492,105442,5140,6652,642,966,3832,6430,186,812,2044,300,18,1580,26864,840,698,884,1144,868,828,1048,3484,776,1078,1332,434,2450,1722,186,744,7970,1986,4632,1468,410,2952,598,786,1998,5474,840,400,682,2012,432,1840,16038,9974,702,628,4316,714,26856,5194,1120,1694,5622,2576,3420,4678,254,1352,5162,512,34956,3578,1498,690,1334,234,2224,3042,670,1652,802,15018,10120,3994,1422,778,108,818,560,1466,4284,14042,1568,1788,714,942,3296,378,3970,14036,1398,224,1018,1808,88,198,822,466,902,874,2020,866,6588,816,456,846,834,996,15254,2032,354,5782,376,3816,6530,660,264,352,752,642,2768,14308,154,1764,2924,384,46180,838,400,200,922,780,532,3518,7788,4538,398,324,1568,9776,1900,680,15476,1538,3240,9980,2344,250,534,3404,1648,28940,944,232,1292,738,3362,3364,6756,11688,802,1282,346,138,708,1186,1018,800,298,11340,7300,83060,17592,8772,1022,5570,1542,8856,12322,72,4440,3688,214,450,1410,10624,2182,806,422,21836,3772,11192,3290,12340,3074,1482,524,4536,1342,812,800,1254,346,2490,902,5434,2550,1460,884,306,344,7396,132,9410,4114,1440,904,2212,38208,10354,20552,548,2608,1098,392,17752,4946,200,8966,6598,462,472,4424,468,3444,2394,5122,790,1376,146,554,656,342,590,1056,1330,892,3552,1206,202,1630
GSM2433105,IPF,1,92,30256,1594,13358,7854,8194,0,1612,1296,86,30410,126,28,136,6126,2660,586,1054,458,34,54,378,3536,0,158,3040,12,616,26,6,24,132,16,8,10092,556,474,500,192,26,78,588,742,198,832,764,156,566,24,5862,4998,54484,21536,272,5886,3016,484,1418,934,14584,3580,14,7544,14,148,430,1308,392,8488,3782,488,28996,57594,69956,48582,816,1186,240,1712,6022,3878,0,652,1394,10,4,1778,19788,580,324,70,290,268,76,32,722,220,154,56,44,1390,1950,18,118,5744,1466,2844,108,26,2122,214,58,1706,658,634,24,154,636,290,1156,7398,10264,392,558,2142,1830,5482,4486,1316,316,2206,1090,7514,2170,280,1082,2324,1066,41998,1220,4316,954,56,140,1136,2446,1476,306,1042,7628,12688,282,1878,516,44,2368,266,290,7296,3324,334,4164,970,176,8108,158,5148,13382,708,26,1016,2384,420,90,486,326,218,12,1702,434,9728,40,214,86,292,1008,9654,822,96,6856,462,6984,3272,234,8,724,1448,12,702,1296,28,168,1516,232,38994,906,578,24,572,626,256,2938,4300,2040,140,60,642,9366,1500,520,7862,4406,1550,40574,3154,106,782,2246,1892,8672,332,396,142,354,2964,2366,4140,7930,274,1816,44,36,260,98,180,6782,560,7894,5766,944,564,8116,1776,4414,1054,9624,14624,50,2072,5066,28,104,1584,7220,3392,1586,166,22532,928,13962,7846,8290,1146,1346,50,3692,66,388,62,62,54,954,656,1432,8052,252,442,10,14,2500,64,9018,3520,1436,18,2250,148054,3410,6532,78,1052,742,26,10606,4012,248,7572,4098,116,190,984,178,8862,4606,5626,808,904,18,238,38,100,70,130,264,36,258,1510,168,948
GSM2433106,IPF,1,7792,25686,754,25244,21984,7210,448,2594,612,2344,4898,4196,6384,32,2684,1234,608,574,1568,5002,3990,458,7692,8166,116560,822,2994,3228,2814,2652,7524,9024,2466,1456,4554,1146,3256,27304,1436,3846,2130,2132,838,7786,414,7280,8062,3196,1076,26444,1462,7162,42634,130,30368,674,812,3040,14978,31250,1892,5066,5186,1082,230,882,11944,806,39558,13864,1868,195394,238960,373354,153706,5226,17454,1192,1012,4068,8522,410,286,1888,1090,220,2596,29310,1944,5716,5530,9814,6268,6326,8482,19948,6408,6288,9054,4174,9938,6016,838,5530,10094,6438,4038,7122,2124,10786,1856,3996,2024,1628,870,2810,3172,594,2118,2066,20228,2642,1146,1594,10506,1566,47032,5512,2814,1598,2716,2448,3394,2224,152,1494,8614,744,31598,4144,2296,134,10838,452,670,716,788,1648,1120,14940,5672,2078,534,1110,164,436,1570,10516,4000,15450,988,2228,540,1830,4056,2346,3102,11124,5508,1338,1474,2824,16,748,3914,946,4104,7260,1504,1184,4332,5732,1550,4334,1278,414,22370,7576,2474,3470,306,2246,13084,2558,1568,118,522,162,2646,15826,3380,15444,32848,1464,107864,1304,662,1796,3102,2334,2212,3814,6450,9372,280,1610,784,7126,2554,984,13426,1020,6886,28076,3168,1362,160,2566,1462,75552,4148,122,7774,3264,8726,4208,9446,12680,4756,1498,2578,1156,2198,7900,5518,236,134,1782,5176,443924,100726,10028,516,3828,1514,16394,13698,388,6120,1962,1326,1828,988,6822,2030,1042,2484,9044,18020,9114,410,13564,1062,4936,58,2724,8130,2798,6148,7776,1396,11984,3980,5552,3116,3926,3868,2108,1740,10392,286,17494,7052,1028,5552,2838,101618,11724,4120,2412,4672,3808,2260,26780,9112,1196,23464,10234,2666,2218,25070,2786,3570,1078,1356,692,740,512,3872,4798,1302,2618,6084,5932,4844,5758,1018,500,1814
GSM2433107,IPF,1,4718,3804,172,2936,12486,2638,308,464,402,1806,872,2156,3982,674,3164,22,742,1480,1178,3194,2438,220,5650,4484,90496,400,2454,2122,1944,1280,6258,2404,1818,1110,1228,1030,6376,23264,754,2414,1444,878,578,4076,180,5330,6240,1796,956,11556,576,2258,3038,286,25192,504,394,1774,9704,17398,894,2978,4252,354,14,68,7014,484,20672,9610,1482,84572,106534,150510,61040,2950,10188,784,324,1262,3484,270,3918,2730,1300,82,1562,21696,1164,5192,4584,5104,3062,4470,6190,8552,3470,3298,7840,2614,6376,3788,870,2514,3658,4764,2274,4362,1254,8248,1014,2868,1426,280,754,1896,2210,1098,1808,862,3796,566,116,1082,802,626,2634,2582,562,1328,388,74,4646,526,30,1064,5918,586,11108,2190,1128,114,4568,230,1370,378,264,558,420,6044,3424,1726,564,742,242,266,624,6354,2142,5392,558,876,150,126,402,2420,850,5534,3660,736,364,1844,10,764,2584,878,2804,7014,174,682,2842,4002,1142,2376,1044,76,12354,4418,1626,1270,146,412,3652,2240,1274,54,1054,7536,186,1082,11222,11370,20516,860,61868,978,286,960,1810,1598,1538,924,3956,3490,26,932,716,1936,1770,782,3352,262,4536,3338,2730,738,38,382,264,20624,2564,44,7732,1958,4334,2240,5738,3404,1984,882,1952,540,1146,6656,3946,220,62,662,1998,168432,28072,2384,200,856,1112,7166,7856,342,2918,406,1386,984,10340,778,1598,100,1768,2626,10568,1384,52,4054,226,3652,568,572,6578,1954,2348,5026,852,6834,2652,3162,994,2598,2066,1006,1018,7190,34,10490,4652,668,3654,2784,28430,8774,676,1436,3884,1954,2614,19494,4662,1070,17514,5460,2344,1472,24332,1884,2194,2352,206,518,54,510,2610,2918,1152,1586,3468,3274,3304,352,226,274,1532
GSM2433108,IPF,1,782,33220,378,28600,9110,6878,284,3136,470,162,2428,188,154,254,4252,1074,348,494,266,196,170,406,5300,9276,63842,632,130,654,58,72,288,454,86,90,5566,578,3974,1528,128,112,110,626,646,362,768,544,320,364,72,23488,2510,31056,49818,212,7328,1992,458,3252,620,32548,3586,314,3702,98,340,872,5376,362,34962,9450,3234,131756,181460,275630,158950,3168,9650,482,1356,5832,9538,28,2544,4266,2084,8,2230,17356,1696,332,662,464,276,230,366,1586,254,332,438,118,1324,768,1644,242,4376,1178,3556,236,116,1322,174,144,1794,1202,594,98,148,1080,158,2146,13406,1772,2520,366,10394,1416,54552,5288,2310,928,4920,2966,5130,3292,210,1734,4940,890,40898,2256,1162,86,354,504,938,1898,1932,236,656,15126,2760,12868,840,686,18,472,384,766,2868,14940,1264,3250,840,2580,8566,402,4056,9836,664,68,656,1608,12,48,1098,302,2504,9142,1158,850,7924,152,190,174,922,418,19154,1654,138,3896,612,1996,18878,296,46,158,1220,596,6988,25956,2206,5454,21312,198,60510,1102,452,90,334,328,186,2052,6018,3884,86,72,622,7338,2204,680,26198,1236,2150,11664,2022,102,66,2546,762,60586,254,108,1636,752,3986,3546,8562,5098,316,2128,126,38,460,278,284,332,54,3718,6888,14366,25338,3782,282,4332,1154,28686,39468,16,2072,1536,324,416,1608,5408,2468,732,524,11706,2596,9280,138,13622,1382,1136,320,496,324,294,130,320,82,1342,314,11230,5902,1536,314,78,124,9732,108,8764,3258,1548,180,2782,205452,13100,1040,116,5026,512,1528,35478,3430,832,2084,4946,1106,162,3788,122,3390,19428,552,624,458,422,186,148,96,168,218,324,144,5228,948,428,1002
GSM2433109,IPF,1,2346,8782,452,11854,2078,2062,1072,658,340,1980,3192,2792,3590,90,1228,428,280,204,1120,4428,2868,134,2664,21528,257634,1008,3282,2392,2450,2176,7488,5656,1488,1530,3572,710,4456,29160,820,3512,1876,398,718,4844,124,6684,6240,2364,1122,4460,1148,22380,44018,108,26738,328,98,2542,15390,17924,402,3862,4614,1078,72,626,10952,534,6390,2694,3904,12146,27132,30984,20920,1808,15064,972,728,1828,2690,1622,722,2278,1058,74,792,6550,646,4294,4944,5714,3194,4082,5536,7766,3250,3088,7980,2820,8874,3542,2970,3078,10064,5024,1314,5682,1208,8910,1486,3798,1386,546,546,2832,3052,384,1952,316,7782,1196,116,938,542,1176,25172,1842,2202,352,2060,400,992,1576,140,778,8594,278,28948,1834,804,88,3906,130,174,228,110,2366,1228,4246,2414,3032,280,344,248,210,1066,7082,4658,1864,312,1110,158,1614,640,2086,1046,5438,4706,898,850,2168,8,856,5970,718,9216,15562,320,318,1566,4130,1436,2542,764,194,6972,4122,1864,1684,314,958,30152,2740,1728,1028,556,7756,938,6162,5788,10926,38572,1320,21530,258,170,1034,2464,2572,2270,1302,6176,1768,28,1392,486,3698,1268,486,6288,1842,4662,29472,1884,1094,74,1036,958,16370,3656,46,5328,3108,3222,2978,3908,3512,2300,734,2284,686,1492,7620,4532,148,52,1382,2474,114636,89116,74034,110,2432,268,14584,1770,314,798,2042,1318,1592,1026,4600,1040,306,2090,3890,13268,1980,46,4868,488,3296,30,550,7948,2670,2570,5910,1150,8586,3272,14946,1268,6772,2990,2256,1530,2098,92,3114,3772,182,5084,630,18610,1834,812,1864,5984,2296,4244,6232,5884,1790,23272,7806,4916,2272,29866,2888,1470,312,720,508,112,864,2470,3652,1074,2096,4214,4238,4182,3628,468,234,870
GSM2433110,IPF,1,2910,22114,1064,9088,4710,6452,482,1200,842,1288,14368,1472,4396,268,2900,3524,562,1454,902,2274,1554,404,7288,4814,58162,2352,2026,1830,626,972,2968,2272,920,778,5368,888,3042,15020,632,1530,812,624,396,2262,500,3460,3400,1572,398,8362,964,6620,7790,560,17744,1612,540,2436,5772,23472,1384,2386,5164,722,78,454,7268,520,18522,4420,2808,38410,76092,90586,45870,3390,8606,784,2006,2798,6158,204,2230,1580,1114,62,1520,13266,1112,1818,2318,3010,2570,2904,2796,6308,2612,1786,3840,1490,5488,3064,1216,1760,6830,3130,4124,2868,1102,5816,786,2270,2094,1862,1024,1298,1368,968,1106,1070,6736,11578,888,1038,3484,1358,14934,3710,2502,1066,1334,538,3860,1130,132,1270,4712,600,24970,1456,2084,760,4234,270,2024,1954,1274,2190,752,12294,3276,844,934,1354,692,1530,792,3884,7600,3900,1102,3292,476,332,7216,1034,2502,11480,2612,486,904,2088,192,476,4298,632,4502,7146,1724,1004,4036,2188,784,1604,804,332,12762,1994,1104,3816,232,2170,25450,1468,696,1048,2734,5310,2532,6712,2690,7526,7498,990,37784,776,584,600,1838,1304,938,2368,5208,4434,40,670,570,7300,1976,816,8996,1234,3602,8266,2664,502,308,1358,1074,25310,1680,70,3170,2944,2892,3098,4128,9062,1244,2678,788,548,848,3094,2260,2054,310,2232,6238,239376,82304,30914,540,2718,1630,4846,3958,236,2902,3058,908,1076,4780,2968,3068,828,1216,12818,5226,4246,3036,9044,928,2202,126,3644,3786,1120,2266,3226,696,4996,2032,4566,3960,3780,1364,482,758,3674,76,9216,4130,760,2056,1694,69086,5634,12238,1086,3734,1746,1238,10088,5224,1864,13744,5088,1888,1090,11202,1246,4094,1816,4442,536,172,772,1470,2172,750,982,1734,2416,2370,3652,982,352,1210
GSM2433111,IPF,1,2684,19784,586,8438,14218,2404,1286,814,578,2586,2468,2174,3322,434,2714,66,788,2166,1456,3142,2118,252,3662,6894,322604,990,2238,2244,2506,1476,6888,3238,1516,1226,5110,792,15806,24044,1046,3060,1176,908,618,3568,234,6110,6488,1826,862,2780,1212,10658,7530,636,22682,684,404,3732,11418,15940,2230,3474,7072,582,32,230,12700,852,8322,4962,2720,30176,57578,74988,36852,1030,14884,768,1830,4254,6006,676,6498,6262,2122,54,1200,23148,806,5922,5284,4024,2274,5110,4062,8202,3728,2508,5070,3350,7268,3548,2342,2008,7058,5658,1586,5640,986,10510,1612,2782,1562,200,492,3002,2476,952,2422,756,4730,3068,660,940,1946,666,2156,2516,1840,1134,748,110,5610,542,90,1014,9068,534,13296,1942,1684,218,4762,124,1336,532,1062,720,566,5342,4168,7846,588,762,126,1308,806,4526,3680,1966,790,1206,360,218,180,1506,734,4952,4874,704,740,2810,16,966,6408,860,9472,15706,804,644,2598,4174,1216,1692,844,268,9982,3206,2076,3468,168,782,39492,2204,1850,244,1266,14300,220,1754,7314,14916,23550,1432,39808,564,526,596,2112,2082,2148,918,4358,1266,96,1126,850,3412,1830,620,2420,2734,5912,14436,2988,822,170,962,754,15020,2700,174,10384,3098,3952,2458,4964,3290,2122,1272,1960,562,1302,8058,3352,634,174,2828,2432,136146,126666,47668,1228,2504,428,6256,2850,604,1388,4004,2042,1598,3702,4488,3334,790,1578,7090,10778,3796,74,3904,192,4448,368,820,8214,2244,3324,5980,1054,7912,2862,8116,1626,3696,3178,1152,968,4306,16,10402,5106,578,3288,2244,34032,3122,1422,1526,10730,2522,4050,11976,9026,2302,25014,10086,2808,1872,29314,2292,3186,2346,694,624,626,1552,3630,2576,1010,1598,3820,3724,3708,134,832,248,1188
GSM2433112,IPF,1,6194,4236,360,9738,22508,2600,826,554,462,2488,1852,4256,5532,410,3578,42,422,782,1822,5722,4316,230,11460,4288,168280,308,4596,3762,3458,2512,9270,7402,2458,1900,1626,1782,7146,23350,1522,4204,2128,2286,424,7612,162,7998,7286,3306,1604,16596,1004,9332,16634,444,27202,468,802,3078,16468,33048,410,5216,4558,1490,142,836,14168,982,23808,10488,2506,55802,97380,102092,65016,2578,28478,1660,824,2494,8362,686,2420,4384,744,150,2216,36864,3832,4304,6224,8150,5056,6698,9976,18366,6642,6006,11700,3726,13434,6490,2172,5002,5366,8480,4626,8930,2760,12644,2242,6076,1858,472,1552,3264,3760,2288,2108,1410,5332,226,72,2278,304,2574,36386,2820,1286,2258,1880,560,2580,392,168,1868,9172,272,14166,2970,1076,218,8402,418,972,416,158,2032,980,14844,5120,4740,586,1908,76,538,1186,11462,2494,4500,662,1146,348,864,518,2636,2172,10576,6138,1186,960,3660,22,1250,6972,1554,4914,11570,404,1056,1900,5344,1876,4430,1562,168,19660,7238,2250,782,346,1502,12976,3648,1934,360,2044,9970,1264,5852,7882,11506,38894,1702,145426,1684,498,1506,3636,5110,2820,1350,6522,4362,18,1628,1266,4272,4160,834,8990,634,7136,5138,5274,1526,40,354,468,54674,4836,54,13064,4566,10684,5224,7196,6234,4134,2012,3224,1252,2312,10614,7466,378,74,1364,3066,206554,79844,32796,602,1436,1906,15018,3830,378,6140,720,1896,2152,2320,2082,2446,138,2482,2772,17354,1274,34,3856,414,4756,324,286,12060,3010,6948,9874,1490,14188,4720,12352,1168,4866,4208,2656,2306,13100,80,20406,5130,380,6006,2910,23636,7596,1064,2956,9200,3628,2450,26566,9086,2206,31770,10308,3348,2744,31214,3210,2120,1016,574,910,38,1736,2914,5248,1568,2918,4242,6542,5006,6060,330,514,1838
GSM2433113,IPF,1,1640,25432,826,17756,4018,7750,224,1254,984,814,16140,1178,1734,140,7198,1620,350,466,646,1326,1090,284,7434,1056,134764,1976,1654,1686,1178,728,3220,1858,616,600,6534,578,2242,14376,232,1320,770,474,714,1924,830,2506,2708,1002,418,12430,2668,65690,69128,328,16892,1320,232,3348,5202,28190,2196,1542,4222,320,208,934,6618,314,17690,6212,2398,145238,172188,300834,97436,4696,10194,642,2034,5858,8796,176,7932,3770,776,36,2110,7376,876,1662,2444,1768,944,1404,1842,4356,1176,1188,2442,1046,3458,2982,374,810,9296,2674,2438,1972,728,4544,684,1420,1770,3016,440,1206,1084,438,844,2024,12448,11036,2988,636,26286,644,17114,4256,1646,928,5180,1582,4564,3282,330,1746,5636,862,40858,3020,2318,548,3502,262,966,1508,312,1300,1148,7250,5316,796,1336,480,866,1326,374,1618,4890,5716,1024,1376,418,620,2696,894,2798,6438,2512,294,880,2080,14,410,3376,484,2412,3834,1704,1492,6580,1874,594,684,1092,740,12952,2100,788,4412,458,3048,11460,1144,666,1036,1442,7180,2764,9636,1602,1820,16498,584,23784,296,302,322,1296,1274,818,3256,7688,3696,254,528,878,8544,1188,694,7622,566,4060,20782,2862,436,796,2482,1240,37012,1392,238,2668,1394,2490,2828,5938,9930,1016,1654,936,214,692,3138,1674,424,310,7250,6366,266724,35484,35906,160,4326,714,13566,11054,136,2616,5976,610,558,7538,8026,2302,492,1176,21532,7162,13042,1290,11332,1502,2348,130,1574,3162,1298,1470,2140,448,2872,1118,26782,3102,3048,1302,722,526,3598,82,3612,3438,2474,1314,2440,52824,10686,4838,628,4024,1192,1610,15232,4940,472,15362,6398,1228,656,12424,1080,2542,3054,1874,1708,4450,444,980,1424,510,700,1658,1492,1308,1696,702,472,1816
GSM2433114,IPF,1,1416,3566,338,6634,18152,3330,824,1126,316,1664,3672,3158,3938,564,3858,46,474,1576,1166,4224,2920,430,13070,1592,220778,628,3500,3036,1142,1770,6130,4374,1780,1546,2184,1368,4514,24560,828,3468,1996,880,614,4458,122,6262,6222,2750,1062,25094,1630,32140,19794,366,20348,574,1092,3508,10410,38350,248,4746,5520,682,26,130,12186,766,25032,7334,3952,52122,91404,112108,52200,1528,23712,1380,414,974,11310,614,1000,2816,334,104,2058,40220,2656,2944,4040,4694,2854,4370,4630,8582,3000,3840,6224,2636,7220,3390,1952,3308,5432,6690,5010,6440,1836,10198,2028,3992,2076,126,1632,2544,2956,2010,1552,1304,2868,1590,16,1296,100,1216,3874,3304,1284,1806,908,128,4154,742,72,2174,8422,356,19736,3274,732,406,4612,398,1450,324,82,3398,616,10604,3148,2048,1524,1724,60,602,1296,5254,2722,4232,436,570,96,158,452,2152,594,5782,5364,1198,610,2596,12,848,7282,1702,10358,9152,194,1802,2952,3686,1604,3164,1120,304,21336,4916,2062,550,182,1602,24116,3396,1592,642,3672,9666,284,1144,6254,5992,17322,1408,92412,1790,402,1082,2558,1978,2302,1306,8152,11942,16,1358,1786,3464,2752,1000,7458,982,5732,5846,5050,1238,18,248,614,37484,2952,44,6040,3468,7004,4412,7866,4600,2484,1452,2076,668,1704,6808,4910,344,234,1446,2302,88408,95098,105748,108,1104,1404,7456,1944,240,3646,1904,2034,1818,4602,3236,3104,162,1844,4316,11364,1196,112,4412,184,3378,256,752,8866,2648,2850,5798,1338,8210,1900,34424,610,6232,2942,1956,1448,7506,30,18494,5472,774,5592,3034,17778,5478,1310,1822,7462,2884,4136,18344,7764,1718,24326,10076,3802,1898,27968,2646,1614,3198,498,574,90,1662,1774,3556,1310,2180,4354,4120,3654,416,224,388,2516
GSM2433115,IPF,1,1514,16026,466,10030,7760,6918,378,940,326,670,7280,710,1792,722,2084,858,404,3290,468,1152,800,196,4798,34,28792,544,850,1248,690,746,1876,1518,542,462,3608,632,2128,9680,298,938,486,276,702,1322,250,2000,2314,908,302,9214,2198,14236,18744,312,9034,942,598,2870,3574,28332,1102,1152,3090,350,106,898,6280,240,20608,4752,1934,67554,96910,145350,69284,1788,6782,520,1236,2720,4720,126,1898,2702,456,30,1374,13946,1298,1648,1628,1794,1104,1214,1326,2608,1430,1498,2102,808,2866,1906,1000,896,5136,2460,2190,2040,376,3350,404,1062,1782,656,830,836,696,1430,638,1058,9252,6034,246,554,1042,944,15348,2616,1248,1406,2412,714,2992,862,96,1130,4500,462,16954,2552,1936,264,3004,262,1320,1582,748,712,350,9506,3502,598,996,522,192,2116,390,2130,4314,6206,826,954,374,388,1414,1026,3454,9372,1834,248,488,1540,48,312,3456,572,5166,6878,686,650,3010,1084,518,670,556,572,11282,2540,692,2714,112,1208,14262,986,530,450,1874,2364,564,2272,1476,5072,7748,588,38924,640,298,278,850,870,642,1678,6998,2122,134,352,1306,4736,1314,560,6208,2052,2846,16212,1928,240,364,1412,1122,30554,1014,52,1994,1736,2064,2456,4904,4418,850,2200,618,220,678,1938,1224,1436,250,2156,3762,144846,46332,32808,608,1840,896,3950,7796,144,2176,2818,664,514,7322,3750,2082,292,1068,9078,4554,1568,2870,6182,464,1844,404,4278,2310,756,1398,1686,414,2704,1344,10080,3556,3094,1156,434,398,4294,42,8360,4156,948,1274,2792,30196,12862,6388,694,3318,960,1324,13264,4840,1644,10352,6316,1544,616,8404,708,2452,3836,3372,576,190,184,854,924,430,582,894,1260,970,798,660,190,1820
GSM2433116,IPF,1,2076,14976,728,13906,7346,4852,584,1588,1140,988,8136,1396,2120,144,2088,972,452,764,740,2040,1290,228,9624,8462,68482,3496,1548,1292,932,794,3196,1742,852,724,6248,754,2102,10466,390,1276,1058,746,506,2492,766,3124,2342,1268,478,12304,1122,20364,20196,254,15342,726,468,1998,4976,23840,1154,1850,3534,310,248,754,4160,628,19110,4214,1538,120994,147222,188970,74136,3936,5148,762,1082,3554,6390,202,1476,1834,382,94,1256,16342,876,1834,2228,2982,2022,2230,3236,5372,2184,1652,4922,1166,3640,2746,728,1970,6526,2810,3352,2250,994,5112,792,1738,1726,2678,728,1198,1412,1618,1008,1326,10204,5514,142,960,2132,1532,22072,2766,1592,2002,2802,1270,3482,1698,248,1388,4894,582,35380,2156,2306,316,2158,308,820,1762,652,982,1564,10034,4130,1154,692,836,706,834,518,3988,3420,2872,402,1550,864,1250,3908,906,3314,9322,2262,732,988,1744,68,404,1698,536,3652,5094,866,708,3746,1868,826,1666,808,562,13428,3102,916,2780,680,1280,2002,1236,728,372,1580,4216,2154,8268,8330,6958,20422,558,44902,534,466,706,1316,1168,988,1632,4108,3770,144,596,1026,6270,2310,618,11128,1576,3016,12294,2208,466,374,1950,1032,34068,1582,268,3312,2018,2952,3130,5462,6646,1020,2504,1042,414,748,3332,2366,1064,230,6190,5180,86006,23896,9020,362,2526,1554,5180,7056,94,4498,1990,672,982,1452,5388,2244,398,1116,6972,5604,3476,3268,8618,1128,2092,78,1724,3754,1028,1248,2324,616,4180,1568,4054,3362,2370,1428,928,734,5792,64,8454,2948,510,1934,1324,63462,5054,5438,996,2540,1160,1144,11940,3766,1132,10380,4622,1986,896,11670,1050,5082,1572,4786,554,456,354,1086,2082,844,1030,2080,2276,1866,4898,1202,204,1352
GSM2433117,IPF,1,698,66026,1320,18110,3912,3678,180,2092,816,318,8020,574,592,350,3874,62,342,1404,414,492,332,142,4710,48,17294,960,636,828,466,312,1196,944,276,298,12048,360,2002,4646,172,456,208,350,906,918,620,1114,900,544,180,11184,998,13662,27982,378,7782,694,174,3494,2078,28316,3382,632,4164,292,302,1088,5454,226,17526,16586,3778,88762,120432,141534,63854,3208,8278,462,6726,6276,10440,140,2526,4246,782,12,1128,7428,1248,1036,1218,996,524,698,724,3744,654,660,1122,462,1964,1584,1156,526,11308,1288,2110,1346,306,2178,418,632,1320,818,620,564,486,474,358,1118,23166,572,13096,330,78796,784,19076,6384,2122,1092,5924,1928,1954,490,262,1272,5326,1846,16210,1924,1502,154,382,186,1412,574,1956,556,270,6696,5084,30962,742,882,218,1338,420,1216,6046,7326,854,1038,576,786,2136,524,1558,3566,1236,140,586,868,44,176,4758,342,4848,10854,4198,668,4228,726,256,380,466,530,12154,1736,446,7582,204,1374,29576,576,264,590,838,380,2018,6072,568,7686,3846,334,25840,400,588,154,670,770,416,5050,9376,3042,604,238,864,4506,1106,910,6986,4284,2280,11920,2016,222,938,1862,694,56198,646,472,752,1320,1662,2358,6640,4228,502,1208,286,190,536,1292,712,614,8,8552,8230,42670,18550,49712,868,7808,286,11394,8438,92,2662,4658,866,638,5016,6470,1788,394,1150,23354,3510,5328,6,6800,900,1346,202,758,1352,666,570,968,210,1742,764,58134,2828,2166,1018,396,286,6522,40,6182,2446,992,868,3236,97624,14062,488,364,2552,794,1412,23042,3362,1304,7526,4270,2008,340,5532,550,2654,2742,622,904,936,248,406,564,262,344,692,854,548,3044,2140,1192,1548
GSM2433118,Control,0,46,17756,2556,8852,104,4682,0,110,1442,110,22254,44,24,74,294,460,384,674,298,46,14,108,224,4,334,10630,28,116,38,12,48,26,14,4,8718,146,298,1338,318,10,94,20,904,68,466,816,300,390,20,130,136,3120,4394,194,3304,936,2,226,222,1262,404,14,712,2,90,196,1944,98,474,194,30,2160,9288,2824,4484,28,326,76,2614,8936,1194,10,0,34,0,4,116,312,2,606,128,124,284,94,64,518,94,92,44,52,1002,590,2,90,15064,910,578,68,30,2098,50,12,628,182,58,40,56,28,330,170,8868,6740,222,266,3456,348,1664,886,3350,12,506,70,212,912,44,282,984,172,16784,210,1318,768,62,42,454,1530,702,16,3428,1950,6982,814,238,92,106,5208,58,182,7282,106,26,728,426,28,182,30,758,6642,436,20,1450,428,818,106,578,14,100,8,826,134,1296,92,208,26,70,254,622,92,56,3678,44,2590,1190,92,8,1908,362,18,152,178,60,1140,512,406,1270,24,1008,6,176,142,192,1962,1426,256,144,14,72,5418,56,62,1208,2508,508,4904,396,44,266,6018,1872,1040,146,16,144,590,114,476,534,6830,64,580,12,34,110,104,116,15986,636,2048,1568,1322,5464,18432,2902,2432,152,198,184,112,172,3584,62,100,786,17832,816,1562,22,14748,788,1086,4398,4294,142,1078,0,2812,54,150,56,60,16,670,578,22,1440,242,558,4,22,340,14,520,954,42,12,366,3294,354,10248,28,178,488,66,778,1324,248,1854,1158,70,180,410,106,6682,88,11276,460,38,10,472,16,40,32,160,132,44,670,3178,2,298
GSM2433119,Control,0,612,14072,5096,7566,3758,15030,30,1704,3040,534,121354,506,900,152,1228,22624,1092,2868,830,816,548,410,3938,2,172,19444,1228,1204,636,532,1296,1056,392,204,10804,882,1116,6092,950,670,514,312,882,810,414,2978,1362,1188,166,1014,74,5482,5324,678,8824,1458,172,158,2614,6122,2588,798,974,328,22,300,3242,326,3180,2138,48,8360,50338,22888,14030,38,944,616,4694,5648,2476,406,20,518,10,18,388,5836,44,1182,1256,1184,848,1208,392,1440,960,662,852,640,2736,2718,28,948,10018,2868,3144,1684,444,6604,490,700,2176,592,610,926,714,324,682,758,6438,4156,1192,1546,10180,2816,2864,6776,4092,96,260,90,4222,1250,40,1186,2950,1110,64446,1726,6832,3870,780,106,2226,7604,2460,490,9822,4610,9068,1152,606,760,1556,3986,226,1174,25680,1454,86,2896,944,80,3436,668,1498,47732,1412,182,4950,1144,4490,338,1270,318,456,162,288,556,6394,906,700,382,140,1068,5842,760,590,6936,70,7080,170,914,276,4552,1084,34,550,938,40,582,1248,888,15440,402,3002,160,1184,1390,684,4442,3716,2568,82,372,616,17338,714,560,8158,4608,3276,5916,2048,234,618,2988,6400,36130,760,22,442,3586,1172,1876,1542,39778,778,3698,498,310,530,1724,1358,73060,3100,828,8204,140562,6678,36292,1350,3566,384,500,3236,164,1344,6840,376,286,1750,4160,3038,5976,356,39486,2068,1808,4974,14000,132,2184,10,5684,2330,672,1086,1660,254,2992,1750,108,7166,632,2110,518,374,1346,104,6458,6136,38,806,1946,18774,3234,18644,420,1586,2052,54,4334,7084,388,8284,5194,588,642,3166,690,5260,1352,15360,582,38,176,1838,512,272,424,856,1358,1196,1812,2326,70,2246
GSM2433120,Control,0,1724,29504,5314,14382,1274,6984,4,3282,3326,1154,76132,1714,5234,322,3074,5700,1142,662,1220,2304,2082,428,1390,4,450,14936,2444,2672,1452,1272,3106,4616,1248,938,13370,904,850,8892,1300,1786,1122,352,644,2462,2120,4144,2438,2300,566,20132,268,3506,14342,858,2920,1528,216,840,6498,15064,4830,1302,13034,1514,138,1480,5614,508,5962,2434,194,12964,39138,21350,16476,38,3920,1120,8648,5700,3620,742,150,494,22,66,2012,5302,100,3674,2906,3476,3188,3024,1684,5658,3644,2620,2458,1518,3952,4632,1820,2594,15832,4134,3550,4752,1066,8166,1550,2164,2598,3020,852,1978,1778,100,886,570,14580,3396,180,692,292,6808,6690,5746,6908,490,2248,2314,3392,2734,184,1754,4720,480,47514,1518,5530,3692,352,206,2586,2186,2490,1058,4772,4082,7538,30812,944,330,2140,6446,442,4382,8012,1238,274,2596,686,298,1474,1442,2986,33146,3286,372,1412,3872,1606,530,3414,780,568,654,3450,870,4896,2012,974,1698,314,1174,6142,1794,1498,7490,118,7556,556,1776,808,2692,2416,12,6712,7624,3680,568,116,1638,13196,250,2742,660,2702,3228,1204,4070,3870,8498,108,910,854,11352,786,958,9838,7276,4498,19870,2862,578,1066,5734,4172,7190,2052,46,470,4378,2004,2542,3934,16252,1966,2200,1204,844,1100,4480,2932,14814,1444,3200,8312,254850,4108,91688,2108,6778,2540,6784,3388,362,2040,7720,642,786,1230,6916,4172,3212,678,28650,5240,3046,1824,6826,1150,3028,116,1910,5230,1516,4048,3836,672,6352,2302,418,7150,1050,3152,1116,826,8074,48,4332,3078,46,2376,2388,65134,952,7374,984,2200,2868,62,5132,8128,672,19692,6950,994,1316,8182,1456,17312,3300,4082,594,42,82,2522,1936,798,1304,2294,3058,2810,1820,3274,122,1416
GSM2433121,Control,0,118,14270,3212,11992,1864,11136,8,908,3152,332,99366,508,230,230,1910,9396,702,1802,696,504,536,388,2622,0,282,18950,896,1054,218,378,836,658,352,160,6910,750,622,2152,482,636,334,924,516,592,618,1526,546,1122,100,1382,574,18390,8298,476,11212,2696,86,216,1750,6374,4702,416,1630,144,140,1246,1750,272,2716,828,26,2910,24716,10480,14374,16,748,482,2808,4210,2798,100,38,106,6,18,624,3594,20,636,740,616,504,706,300,1330,722,426,442,306,1810,2218,36,564,4548,2296,3062,970,410,3182,300,580,1828,338,466,536,638,244,350,330,3014,11288,202,1014,3676,3808,6424,5320,2462,138,1128,580,1708,2046,190,866,2190,564,61718,1054,2412,2008,384,114,1712,4940,2416,260,4080,3850,13468,968,1528,66,180,3056,316,728,5314,1166,38,2476,752,124,7088,708,5240,25324,1406,176,1162,1534,4106,284,666,296,122,84,744,324,5526,592,430,314,156,686,6064,356,402,2582,280,7584,1674,832,208,2836,2602,24,798,794,32,502,98,556,19242,414,1584,114,870,1160,770,2872,2502,1902,80,228,236,23892,690,460,5572,3866,2294,5262,1966,220,360,1786,4552,4206,886,154,142,2410,1714,1396,1272,24586,528,3546,352,248,480,1266,824,54670,2738,5192,10994,53750,3330,31646,1480,5330,874,1040,6056,200,784,7332,358,234,2792,3202,3958,2492,268,50772,1140,2550,15726,13808,278,2492,44,4276,1900,716,732,962,252,2342,1646,1704,4702,576,972,262,244,1520,112,4606,3538,168,610,716,16624,486,35444,462,1206,1568,42,4936,3632,562,5402,3312,438,448,2112,566,3506,2190,14556,752,60,30,760,420,290,428,698,956,684,930,2096,24,1092
GSM2433122,Control,0,222,90514,2994,39574,5268,11692,56,4702,2282,160,39140,196,172,238,8930,1626,748,684,576,114,94,378,3728,152,5496,8496,106,786,58,80,174,226,46,52,17516,678,714,1520,280,100,114,756,868,358,2266,998,440,678,52,5192,902,26826,42598,788,8354,5700,444,1466,2006,15518,7756,162,5540,56,280,2244,2496,314,13894,3594,624,84772,132636,125170,68572,1294,3054,316,9782,11390,5364,22,376,208,72,10,1306,14244,394,656,526,510,680,226,174,1186,482,290,260,114,2404,2370,388,310,11784,1958,3128,228,144,3148,200,110,3204,2484,700,76,162,682,348,1724,20406,18050,2898,450,35522,1682,24090,9322,3266,1036,10276,13980,7374,12692,294,1386,4050,1182,58060,1432,6316,866,418,262,1294,1624,2568,770,2854,11946,14812,7482,1562,1016,934,2792,416,572,9508,1836,510,2750,1208,680,4328,210,7174,18554,1074,72,1672,5760,460,94,1876,244,1022,2172,6374,708,22132,222,274,142,334,1110,9720,828,184,7558,394,17820,4674,320,46,1280,788,28,10186,12760,320,1686,622,434,39908,726,1052,64,702,554,268,5348,11570,2660,184,82,1576,16112,1850,486,7952,3978,2006,25558,3762,80,720,6956,2704,18480,496,174,266,1328,2022,4000,5116,19902,410,3236,62,86,392,388,382,4376,898,7898,10230,15448,25630,38282,3166,9816,1772,8280,36730,150,828,7840,70,206,2136,26758,3586,5290,566,31246,2446,10438,632,6642,3074,1742,268,2566,226,486,248,242,72,1342,628,2512,12964,846,662,66,106,3018,136,6514,5244,1300,110,2184,199228,5482,6808,108,1262,1018,366,17278,3900,878,9056,3268,368,168,1658,256,9706,2966,4128,1338,1664,56,882,98,496,124,248,350,152,4558,4130,110,1502
GSM2433123,Control,0,1250,30930,3054,11478,1514,8968,132,1104,2740,704,85626,1036,1678,322,1994,3356,522,654,720,1152,910,314,2450,130,13086,11092,1214,1116,784,556,1862,1286,490,410,10766,792,1210,9694,656,1012,580,614,534,1216,974,2316,2124,1416,264,2650,468,5184,9198,656,6014,1266,110,606,3798,11970,1120,1288,2714,278,36,568,3120,272,1878,1540,194,6010,22688,17664,17458,218,3668,462,5186,4236,1556,312,30,296,76,18,630,3612,146,1748,1252,1466,1600,1680,1304,2446,1390,1226,1988,732,2370,1948,154,1186,13256,2452,2262,2198,566,4634,640,1208,2316,438,522,896,878,350,730,438,11512,8168,68,696,404,4250,3968,4398,4226,200,634,1156,2018,2338,152,932,3390,580,36220,1026,3506,2908,2326,168,658,3106,1468,314,3696,5516,7156,294,816,238,1330,7414,288,1938,11858,574,20,2582,812,106,3038,1002,3010,14948,1730,264,1348,2504,1454,328,3844,330,1026,1070,1244,264,8562,1036,554,1098,266,856,5808,1046,636,4928,120,8146,1272,918,490,3102,1708,1632,874,1398,1538,1148,1912,794,17062,402,1538,286,1176,992,670,3604,4662,2334,36,318,972,11630,752,324,6028,5242,2956,11652,2638,364,1168,4922,3310,4642,1182,52,2178,2460,2006,2264,1810,15900,960,2832,486,390,470,2098,1330,18490,1168,2306,5412,46474,11236,29988,2204,3946,836,1560,2666,198,1552,7878,518,486,1562,6258,2584,1840,388,33176,3840,3720,6664,8230,626,1856,50,5578,2282,896,1276,2004,358,2524,1540,128,4092,1186,1174,596,374,1170,46,4174,3378,38,1320,1004,30098,586,10782,692,1308,1422,314,3064,4472,472,13426,4102,792,544,6294,718,8752,530,8032,412,412,106,1250,912,444,608,1060,1620,1300,1796,3826,56,970
GSM2433124,Control,0,322,43314,2476,14852,1000,11518,6,1556,4086,146,93598,320,248,260,2304,3466,438,630,476,184,206,364,1454,10,2022,11570,168,442,96,132,366,354,100,56,13792,598,1206,1296,198,122,104,484,760,366,1954,730,398,592,72,4824,614,5360,11508,398,5012,3002,72,286,1212,10542,1210,128,828,66,216,1446,2046,92,2404,1560,138,6330,29532,14864,24176,60,2008,304,5862,12422,1434,52,52,162,10,6,836,3774,124,568,216,606,910,324,226,1572,456,358,322,160,1618,1920,46,328,9114,1532,3376,326,234,2232,184,236,2990,542,926,150,152,148,230,666,21508,8706,1806,386,5296,5986,15890,11272,4456,142,6094,2500,7506,3220,794,846,1874,1306,60262,978,3118,2560,202,324,1230,4820,2334,110,3284,7382,13300,2156,802,282,218,3600,174,906,9798,960,18,2456,1164,500,7942,376,6788,24190,718,78,1394,892,1880,70,2644,138,220,136,3046,260,18232,208,340,276,196,3234,6942,674,136,4308,2284,10956,780,356,66,3148,2314,12,1380,2420,172,502,406,404,27990,754,1230,76,606,636,216,4350,10168,2060,148,72,312,18314,676,296,12002,5302,1396,24334,2440,118,522,4794,3710,2036,576,918,188,1338,1180,1768,2026,24166,268,2286,178,266,314,382,426,15442,1132,9924,12076,16386,1880,10070,1260,4826,836,1994,20956,90,1070,5704,102,148,1664,5384,2496,1396,120,39106,1562,6848,4358,11806,1366,1132,20,3598,364,384,304,350,122,1020,910,70,5846,390,430,66,192,1242,234,4644,2080,172,246,994,77988,464,14858,148,762,984,30,5636,3750,202,6568,3024,502,274,1344,248,10970,2046,7176,3472,674,22,354,254,302,142,360,576,216,4914,2526,46,856
GSM2433125,Control,0,80,46458,1738,13544,1442,14694,4,1754,1380,132,101876,222,182,84,1836,7704,396,910,308,120,136,168,798,16,158,23470,190,378,132,120,322,182,78,60,13058,224,642,2284,178,152,134,430,1232,238,426,578,386,310,78,964,430,25116,19610,336,3356,3968,78,310,766,2850,13024,96,4110,40,146,714,940,70,1428,430,76,6968,13486,6416,7498,72,464,110,6726,9924,1426,14,6,72,24,10,104,6240,60,666,346,360,230,178,142,378,282,150,180,160,1330,1916,8,160,7460,1280,900,282,160,2374,116,178,1064,1516,210,214,178,226,318,310,9168,19382,2664,510,28368,1066,3166,3722,1256,74,2776,1428,1658,3580,144,452,1202,1236,56342,416,7348,2486,80,34,972,1844,1908,64,3160,1300,8658,1672,952,98,134,4614,84,304,11898,1334,24,1548,754,142,1602,212,1624,16252,750,68,700,2090,1828,116,342,98,538,134,1206,158,17952,322,252,70,122,1084,1794,290,134,6322,158,8770,1152,288,74,2870,516,30,4806,2308,26,648,374,312,14312,190,960,28,424,270,252,3728,3260,498,182,94,166,10314,270,192,2280,6760,1220,7436,1384,112,598,2144,3784,480,374,76,78,722,478,922,1226,9308,128,1062,156,88,150,320,320,21130,922,4690,5788,19614,21240,13650,1282,6142,196,1982,24470,78,420,7044,66,80,822,22302,1716,4716,116,29046,1298,11986,4712,6676,2950,1176,6,2888,302,374,122,278,96,674,512,992,10654,402,406,46,56,604,44,2432,1526,76,236,960,48080,476,7816,120,392,720,40,3690,1406,244,9840,942,376,132,1682,268,3274,1858,6678,684,96,8,620,118,162,86,264,328,182,906,1158,20,460
GSM2433126,Control,0,64,34566,2284,17876,466,12086,0,932,2608,48,45054,176,10,442,2860,2524,428,1846,370,4,36,430,3838,4,0,6096,16,478,14,0,12,184,4,4,16130,536,448,528,278,2,176,192,546,124,1164,632,130,484,18,5084,736,37564,26308,580,2934,1440,58,496,1688,17778,3684,2,2116,0,386,1554,2742,180,7180,3230,118,16248,44552,35488,35958,736,618,464,9352,4254,2516,0,340,392,6,4,1480,1634,678,268,62,744,286,30,16,376,258,196,38,6,852,1478,8,88,10486,1618,4522,114,18,1882,66,18,2746,2240,802,18,86,82,184,756,13716,4820,126,208,64,3932,12972,6086,3786,2890,3646,2138,1484,1782,78,1422,2302,476,19722,1028,4188,2404,20,286,550,1974,810,26,1536,7672,6028,1328,740,218,50,5574,120,112,6312,1454,14,1112,658,300,598,176,6180,15906,714,72,920,2852,1400,34,3274,194,52,30,1162,582,5584,30,186,106,374,288,6574,518,94,6260,138,6262,2392,300,0,1996,720,0,6682,10636,16,218,68,380,9816,140,2018,12,612,280,214,5260,4730,4252,210,46,642,10438,550,670,6784,6248,966,35396,2954,84,1576,4530,2054,6282,402,62,24,1076,580,3282,3036,14020,190,1648,28,154,254,76,134,10946,996,3034,7742,98,816,3688,1306,4014,1286,2808,3308,80,3262,6498,14,78,3292,4602,1814,1322,116,28690,958,3584,3222,6130,680,1460,74,2958,26,400,16,38,70,218,596,74,4484,114,472,0,42,1486,44,3438,2082,260,2,1770,40440,2320,6638,80,760,820,6,8548,5010,92,12396,4066,82,138,544,112,11410,1864,3568,592,378,10,192,6,206,46,86,256,4,1744,3134,70,1478
GSM2433127,Control,0,342,24682,3330,16270,4696,15486,28,692,3078,380,132442,492,808,290,1286,4518,528,1298,534,552,540,306,1722,0,1442,20344,690,974,484,418,1126,882,322,290,14618,678,906,5280,452,510,292,1096,904,856,592,1562,1128,880,138,6236,522,6980,17912,650,3814,1738,180,398,2270,6502,562,392,448,292,206,1844,2712,176,3294,1418,28,5366,23932,9986,15082,76,1248,608,3482,6532,2750,116,72,464,14,8,600,12526,126,1394,960,1014,926,864,774,1630,702,566,1000,576,2120,1748,32,592,12370,1948,2954,1244,412,3438,284,692,2196,3520,516,642,444,586,378,296,14124,19042,6,350,58,5038,36400,6018,5522,310,3524,2764,2028,2852,162,806,2470,646,55582,912,9108,2940,486,158,1396,4184,1300,300,8202,2832,4722,98,650,122,470,4530,168,1122,7628,1366,14,6070,804,402,17172,540,3554,34898,1310,114,2830,1254,3508,210,2390,236,398,94,390,498,4426,940,376,388,228,486,5122,952,452,6386,218,6814,858,466,322,4544,1034,26,2530,3212,96,608,354,876,32632,374,1082,116,1028,688,468,6194,4204,3860,86,260,262,14016,688,260,4942,6648,2242,22754,2508,222,792,5940,5394,2634,840,18,284,1796,1274,1846,1660,19384,512,1422,374,254,336,1272,712,18548,1560,3170,7864,67372,21126,52206,890,4062,842,1156,2936,122,3368,7866,146,142,1510,8728,2026,3814,266,30058,2168,1506,9390,18032,1464,1318,150,2864,1402,590,624,918,218,1548,1106,354,6830,826,994,314,256,1552,100,4266,2572,70,864,944,26634,1166,21566,310,808,1184,148,4612,2506,214,9816,2332,662,468,3170,560,4746,598,18286,500,28,74,1100,386,342,328,836,1010,738,8712,2834,64,1134
GSM2433128,Control,0,402,10912,2994,10132,2614,8418,32,374,2094,754,34624,458,422,74,1058,2306,646,764,656,744,468,504,2866,0,462,19606,932,1008,508,370,1014,998,388,230,5820,772,602,2780,606,672,430,882,350,664,220,2056,1122,1230,122,2476,126,1198,7172,414,2602,1548,94,116,2880,4262,460,684,938,374,76,1238,2060,212,3284,1792,46,3780,20984,11326,8704,2,886,282,1334,3510,2892,168,810,74,10,16,504,4098,104,1574,1352,978,1046,1110,582,1618,974,894,826,700,2200,1518,56,842,6666,2424,2692,1696,202,4402,356,662,1412,848,540,464,564,248,526,430,3890,8828,32,706,128,1978,8614,3974,3740,44,1708,1236,1554,4876,136,772,1806,376,39022,860,5546,2006,576,136,3302,3974,1024,388,5770,2610,6022,2516,1106,240,1320,2316,188,940,7952,2288,10,4266,966,72,5658,654,1904,26750,1454,148,2668,1502,1844,260,1118,254,164,78,490,380,3120,696,494,560,116,310,4688,550,548,3520,190,9260,338,806,146,1766,2182,14,1438,808,48,340,120,1272,20150,748,1256,150,1004,778,530,2292,3080,4686,56,194,208,10862,510,424,3252,1884,2460,7724,2206,280,248,2750,2318,6912,778,14,360,2204,1642,1884,1002,20106,566,1396,436,264,496,1324,870,30398,1070,2398,4644,98196,3778,32862,642,2288,692,690,2066,360,1018,3094,434,282,1198,11764,4226,3690,366,16998,1348,2138,10150,10256,590,1864,34,5130,1600,636,986,1370,314,2446,1476,854,3376,464,1154,298,374,1238,154,6276,4340,62,588,1178,15840,1040,25642,370,734,1520,34,2174,2510,208,4156,2560,312,600,1848,550,3312,734,19128,552,28,88,1808,394,470,400,848,1068,1342,1858,1990,54,1060
GSM2433129,Control,0,2072,40970,2472,22142,3602,16622,132,4006,2362,652,74266,1498,1672,102,3866,836,476,2118,774,1442,650,382,2544,28,21382,8340,1398,1688,804,924,1758,1864,684,506,17620,924,952,9254,634,902,836,1500,494,1932,2560,2788,2034,1382,366,7746,914,15202,31504,488,9430,2900,192,688,5522,18250,2382,1656,3168,474,272,1448,4240,408,9156,1996,96,12658,43352,32494,33426,304,9348,754,6422,6824,5310,374,6,892,282,100,1040,8250,270,1576,1748,2688,2330,1786,1950,4772,2494,1560,3560,920,3802,3120,42,1638,11088,3388,4828,1964,620,4592,1126,1492,3224,4400,1190,1002,1038,246,724,928,15784,19932,1204,866,10140,4930,32958,11312,4860,680,3782,3274,3538,3322,306,1366,3498,1108,46110,1096,3814,3438,1934,356,1544,5094,1626,500,3088,8390,7122,2376,1498,636,1642,5264,608,3548,5886,944,40,3388,1078,898,12236,928,7828,17934,2202,464,1578,2574,1078,300,2854,500,562,302,3054,560,18386,1370,624,1616,238,1604,8128,1748,780,5218,844,10462,916,1284,500,1102,1230,1502,7846,13764,2388,2940,7246,586,50458,722,1574,530,1764,1358,768,6230,6136,7264,92,534,746,17544,1258,422,9720,5544,2668,21566,3580,492,894,6402,3384,2602,1750,374,2284,3106,3792,3430,2726,22728,694,2446,586,496,928,2320,1854,9282,1300,10008,17728,73094,25828,12844,896,8212,1924,6768,18962,156,1628,5538,350,452,888,7836,2746,1262,812,45668,5342,6462,6594,15248,3720,2032,20,5746,2638,1056,1888,2236,494,3704,2072,1498,8788,1164,1328,582,500,1772,144,6100,3258,526,1686,1738,57786,1216,23534,640,1524,1932,586,9434,4976,436,15672,4790,864,858,8110,1018,5782,1324,10612,1888,780,286,1060,1518,720,790,1354,2220,1670,8490,3338,112,1386
GSM2433130,Control,0,204,22376,4160,10466,934,15292,26,1478,2982,292,139996,418,374,16,1756,3334,676,2708,576,368,292,394,5352,2,852,11318,432,840,266,206,586,460,196,118,14762,774,912,2982,454,274,224,122,962,526,572,1288,674,924,106,1308,58,6218,9994,670,5088,1508,50,200,1166,7778,3310,346,1396,196,54,726,1974,184,1664,1666,34,9524,47158,21772,20300,36,968,336,7078,3832,2038,160,12,172,24,14,244,2006,26,946,594,1048,570,532,528,890,542,420,482,324,1776,1686,22,424,11018,1746,4808,774,280,3356,244,354,2102,798,764,272,264,128,302,872,6492,12220,386,1512,1888,5532,2304,8126,2674,282,378,436,3618,1952,72,1050,2076,1060,93182,1304,4130,5580,268,176,1274,3608,1348,148,3464,7000,6594,1624,898,288,204,6032,142,780,11398,670,38,3118,562,72,5750,390,3700,35808,872,122,1614,2582,3376,176,1040,208,160,104,514,288,6998,484,362,302,710,844,6544,588,284,4878,80,12796,796,450,152,7034,1452,4,1272,2626,192,432,276,578,10034,138,1724,70,742,812,362,4802,4846,608,210,178,634,18118,636,364,9710,5054,1750,12752,2526,200,1486,3684,5124,19644,596,4,290,1990,1256,2294,1584,22022,454,3584,204,238,396,756,548,36610,1580,1126,10728,35516,8792,11820,990,3544,616,1434,4558,96,1358,8482,186,136,612,7702,3348,4692,152,36766,1608,3186,12496,18780,284,1452,0,7768,740,440,420,694,116,1210,1168,162,6944,572,970,122,130,774,90,2876,3290,46,368,740,25326,2482,27678,234,1282,1180,24,3382,5444,186,7470,3762,446,386,1480,422,6882,914,14566,426,40,98,754,254,208,174,516,682,412,910,2296,44,1756
GSM2433131,Control,0,604,23888,2056,9090,1824,13180,28,434,2516,322,58936,504,460,82,1096,1938,434,2508,418,444,440,368,1690,22,7680,6718,384,832,252,298,576,536,192,156,14210,492,732,3076,326,338,274,594,500,768,798,1062,890,810,106,2882,416,1294,7038,398,2978,2540,54,102,1796,5736,2862,406,788,118,120,806,1552,126,1956,780,40,3968,19754,9386,19060,18,2276,246,5328,5270,966,142,6,160,74,20,256,4766,74,1068,626,1278,948,726,874,1818,730,948,1168,434,1744,960,54,752,7980,1918,3706,886,202,2694,326,560,2178,1320,1090,326,318,358,336,348,9540,12710,20,350,102,9744,4116,6650,4212,150,1820,986,764,1044,150,784,1712,546,49752,806,3016,3396,562,234,516,3472,2426,158,2860,6144,5872,2388,546,232,222,3478,174,1796,3678,960,12,3170,616,136,8426,646,11754,19296,712,140,1118,1112,1806,144,1270,188,164,238,988,172,6358,542,338,474,480,986,4654,966,332,3712,522,15604,492,446,218,4522,1260,132,852,952,248,818,2458,494,29742,892,1824,166,706,630,286,3520,4644,3008,46,192,172,12738,830,440,8258,3936,1460,10846,2108,166,380,3462,2636,1886,724,222,660,1848,1516,1736,1258,24180,520,2084,252,276,436,816,602,23714,1162,2670,10342,37600,10786,6652,804,2896,894,1166,1258,88,856,3778,184,240,960,2790,1246,1672,194,28108,2158,2698,21998,14114,280,1102,8,3500,1210,406,646,820,154,1558,1342,116,4418,446,594,134,122,1226,132,5372,2430,50,566,808,12084,410,23460,314,836,1062,86,3060,4138,226,6508,2660,412,364,2194,358,5246,610,11800,1208,36,84,540,512,256,300,488,744,610,1294,1458,24,1114
GSM2433132,Control,0,4790,27354,2552,6996,5234,13954,178,852,2506,3856,133692,2644,5560,80,1332,1060,742,3298,2174,4396,3182,400,1818,150,67592,16452,5532,2906,4140,2510,11764,3210,2354,1880,10586,1176,2106,51070,1666,3854,1800,552,1066,5026,620,7090,12940,3038,1238,2422,462,1332,4812,428,19718,1556,90,530,19530,8238,1480,4760,3496,1212,20,594,8706,662,1074,1432,144,9068,25224,12212,14044,114,7648,740,3424,6004,1588,1036,20,508,888,128,380,14138,238,15558,9778,7508,4380,7312,8648,10586,5162,3728,7854,5572,12288,8264,220,3448,15894,5610,2282,9564,1928,13836,1434,4554,1760,1258,672,5146,3658,402,3174,354,11812,23428,316,1504,928,4286,1578,3402,2714,276,506,442,6618,1406,84,948,4868,816,89386,1120,8764,2934,8104,120,1250,2740,2368,1162,6092,3748,10320,2056,788,366,1022,3436,594,7936,13742,634,22,1560,716,66,1820,2652,3428,28306,5880,866,2162,2506,1960,1472,3018,856,1290,2236,552,288,11266,8866,1770,2254,368,1382,4236,3776,2782,4944,102,9228,1026,3322,2618,4228,734,13620,1488,1576,6472,4470,15228,2206,18776,424,1262,1012,3284,3704,2662,4118,4594,1340,64,1702,480,13562,792,478,5096,4756,5876,26160,2408,1214,538,3514,4176,2654,3970,22,8542,5050,4050,2166,1746,13404,3164,2142,3036,1084,1490,11272,4864,26018,1390,1428,7436,358162,106262,6150,1374,3658,564,2524,6896,888,936,7160,1558,1644,982,5720,2832,2770,1740,23798,14240,4744,15302,13074,630,5304,10,7686,12304,2530,5668,8220,1140,11028,6332,250,6130,2620,4786,2876,1428,890,24,5790,3770,90,5786,1350,40644,274,20696,2100,2294,4090,932,3824,8088,670,42912,5384,2684,2314,25996,3282,5790,912,21172,608,32,522,7826,4192,1200,2264,5576,5394,5008,970,2016,78,640
GSM2433133,Control,0,38,50860,2594,19318,4194,19144,0,9920,2516,68,127722,82,26,36,6222,8404,406,1630,314,48,66,390,814,8,76,14200,48,530,24,30,120,94,32,14,10324,252,750,1106,166,52,84,424,1044,104,764,534,236,284,24,14416,884,10520,12778,462,1364,6880,18,390,2122,8310,11218,28,4498,24,254,1604,644,136,2776,1106,52,7114,31738,14952,14724,144,436,276,6866,11624,2326,2,104,656,2,4,604,11498,544,292,84,262,122,86,32,1002,214,112,38,54,1538,2218,28,142,11940,950,1398,112,114,1880,56,82,1474,3546,182,60,80,174,182,1296,10860,26478,974,464,1200,2040,20334,7666,2200,68,6360,3264,3814,4572,426,936,2994,3492,85554,546,12512,2218,44,102,808,3838,2548,32,4176,2528,9742,1718,882,118,180,3238,136,216,18150,1606,82,7264,2224,1328,41182,190,2264,30342,582,48,3066,1474,1736,74,228,82,424,26,2842,188,41830,96,186,82,180,1896,4442,400,92,13708,558,6642,298,172,16,3556,516,0,32230,46460,4,470,102,158,15098,132,1564,16,380,136,206,5788,4362,3116,412,56,344,17436,442,274,5200,6548,1236,46160,2308,78,1012,3584,4088,2392,474,424,28,454,878,1052,1424,11478,150,932,66,48,148,176,322,8002,688,16460,16316,11326,5818,7328,1496,19996,436,10020,65946,60,7152,15070,48,48,910,12318,2750,2052,262,31608,1266,29676,12114,17912,9070,862,138,2424,82,450,42,84,58,408,440,94,10628,188,512,4,74,2164,72,2384,1690,194,28,2734,159304,2322,14034,126,596,774,10,10646,1246,106,7638,1890,262,148,784,174,3820,6646,13822,880,76,4,480,20,118,66,168,346,36,1864,2864,62,488
GSM2433134,Control,0,1256,34198,1904,12420,10752,18916,184,894,1716,952,112130,1490,2318,168,1870,17862,650,3002,924,2170,1610,504,8318,172,3560,8514,2364,2826,1278,1144,3300,3114,826,876,10020,1410,1532,15702,756,1932,836,2900,1096,1904,328,3612,2818,1658,438,8720,1172,13340,16532,694,11044,3206,404,708,4014,16134,4534,1494,1458,484,140,848,3906,330,7106,3240,196,13242,40984,33182,18904,384,3644,1180,4642,5610,4914,224,1140,1056,12,56,802,22726,440,1790,2102,2230,1678,3030,1366,3516,2552,1946,2032,1466,4560,2456,112,1636,6326,3894,4798,3160,972,6524,802,2406,3042,2396,1296,1920,1492,1616,1038,766,10306,22376,2838,1096,27240,4242,9478,6396,4776,430,1844,1114,3220,3076,132,1388,3990,882,65336,1938,6704,2310,3468,190,1504,5286,3272,692,4088,7738,10794,5510,1116,776,512,1850,576,2426,18356,1890,200,4334,858,96,13078,1268,6968,32608,2970,572,1606,1698,4898,640,1734,636,890,600,1512,666,6474,2004,908,1450,514,1460,10700,1646,1212,6332,142,12356,2246,1496,852,1708,1578,92,2376,2196,504,1074,8610,1132,55366,804,1088,388,2148,1536,1062,5496,3350,10180,254,684,990,15610,1640,446,7810,2674,4550,5908,3868,588,1622,4478,5980,10988,1722,30,1628,2708,4124,2800,2610,21876,1370,2228,1096,466,918,2714,2324,31444,1066,2272,8926,129820,24430,27686,2192,3660,1252,2342,4244,304,8556,6654,510,652,2134,6546,2738,4114,786,37000,4478,2592,26668,20306,1052,2482,114,12648,4340,1476,2246,2942,656,3990,2202,936,5434,1948,1804,1430,694,3776,86,13798,3926,274,2950,1798,14778,4038,34410,1148,2260,2146,498,8264,5358,672,20248,4070,1168,1004,11796,1234,4074,1694,23806,1050,92,104,1458,1390,770,1188,1696,2656,2258,3930,1796,184,1516
GSM2433135,Control,0,320,34796,2392,10656,2360,20096,22,1406,2536,200,103358,382,308,88,1528,3454,526,6336,438,304,190,552,3264,2,142,6470,274,788,94,168,444,680,204,106,8990,894,714,2144,212,222,170,336,336,512,644,828,420,616,96,8980,210,7476,8314,488,6200,1856,336,328,1100,11384,2142,198,646,126,124,1466,2290,214,6418,2190,124,17096,56490,38166,35082,14,658,230,4648,2916,2216,94,20,244,2,8,654,4186,170,650,356,1174,594,410,290,1088,456,588,758,212,2122,1728,12,428,5948,1804,5094,612,414,2448,248,326,2722,1292,1578,232,192,338,240,468,10184,17090,158,352,1208,5402,9842,9758,2896,884,2558,2246,2946,2536,182,1226,1980,1032,42372,1386,3878,2738,208,290,320,7236,2200,140,3770,9702,6082,1014,434,356,110,6456,168,874,7234,1182,24,1570,436,108,550,542,14698,24390,750,116,1168,1336,2672,118,918,238,132,34,1898,500,7360,302,350,354,502,1418,8484,910,242,3302,154,12158,326,472,92,4954,520,10,1388,2520,10,506,80,326,23214,582,1854,80,830,590,268,5488,7846,7050,60,152,624,17184,766,624,9378,3550,1780,5550,2798,168,508,3878,4072,13968,612,82,182,2118,1576,2010,1928,32724,346,3096,174,160,402,574,342,12914,1990,1990,13488,38066,1664,11000,1030,2516,1210,946,5122,106,6450,4802,116,120,1114,5828,1250,1272,144,47702,1678,1916,29162,25638,378,1370,34,10072,292,356,328,536,106,842,1114,142,4462,512,536,152,172,2558,148,6072,2910,64,358,1490,37050,4254,21836,226,1088,1042,16,6742,4240,132,11302,3496,170,274,2150,306,4374,1508,19292,670,62,22,520,318,286,194,506,596,398,6174,2990,100,1696
GSM2433136,Control,0,2556,42592,1398,13004,3076,8690,796,1432,2466,866,41280,1088,3358,400,1788,1796,750,1528,718,1000,900,288,2204,2786,59516,5906,890,1024,552,570,1802,768,462,342,8420,580,1146,7460,464,704,658,466,1136,1410,714,2110,2228,1234,294,6922,626,26044,21314,648,8858,1920,186,710,3008,9554,3100,1566,2016,206,74,586,3642,276,6646,2412,122,9422,30324,20202,28218,264,5040,396,8436,6786,3300,232,2794,700,72,88,716,7324,106,1752,1498,2192,1482,1496,2116,3780,1458,1476,2658,886,2828,1972,88,1336,8710,2684,3280,1420,512,4118,810,1000,2712,844,682,618,730,686,610,462,22404,11756,4270,734,42272,2368,11248,4366,3416,614,3466,954,2050,2490,182,816,2908,390,49358,1058,1758,1192,2140,290,1382,2912,2316,348,1864,9252,15346,4108,984,332,1010,4766,360,2272,2952,948,108,1442,588,162,3052,890,7470,14478,1636,434,606,1692,1536,266,3796,310,614,844,2730,330,7412,1108,448,992,338,1034,5368,1300,666,3878,180,6088,474,822,394,2344,2308,7330,242,934,3564,3926,7376,820,23086,594,1110,370,1022,1282,564,2882,6474,3178,100,356,1086,12338,728,472,7100,4782,1936,4262,2630,374,304,1916,2622,6576,1002,154,2220,1804,2168,2962,2892,11256,798,1410,484,324,658,2180,1278,16620,644,3812,6464,34954,20990,32292,2162,2660,1478,1498,4016,110,3152,3912,366,564,4732,14172,2158,884,656,35688,4318,2146,8274,8680,488,2064,22,4522,2112,768,1342,1598,342,2682,1382,750,3712,1844,802,584,442,1780,74,6068,3416,228,1118,1028,19434,1712,12438,592,892,1412,622,4692,2692,576,8630,4018,754,698,6926,720,5622,2258,7052,938,500,182,978,1820,512,582,938,1400,1300,3288,3486,106,1444
