gene_set,database,input_entrez_count,ID,Description,GeneRatio,BgRatio,RichFactor,FoldEnrichment,zScore,pvalue,p.adjust,qvalue,geneID,Count,category,subcategory,significant
robust_mrna_strict,GO_BP,251,GO:0003341,cilium movement,27/217,113/7416,0.238938053097345,8.16573549202724,13.325966044143,7.29508290091525e-18,3.04861514429248e-14,3.04861514429248e-14,LRRC46/DNAH9/DRC1/SPAG6/EFHC2/DNAH3/ROPN1L/RSPH1/IQUB/ENKUR/DNAAF1/PACRG/DNAH7/DNAH6/RSPH4A/DNAH5/TEKT1/DNAH12/SPAG17/DNAI1/CCDC146/TMEM232/HYDIN/ARMC3/DNAH10/MNS1/NEK10,27,,,TRUE
robust_mrna_strict,GO_BP,251,GO:0060294,cilium movement involved in cell motility,22/217,98/7416,0.224489795918367,7.67196463838992,11.5430327795742,3.94381036934704e-14,6.45141430251388e-11,6.45141430251388e-11,LRRC46/DNAH9/DRC1/EFHC2/DNAH3/ROPN1L/RSPH1/IQUB/ENKUR/PACRG/DNAH7/DNAH6/RSPH4A/DNAH5/TEKT1/DNAH12/DNAI1/CCDC146/TMEM232/ARMC3/DNAH10/MNS1,22,,,TRUE
robust_mrna_strict,GO_BP,251,GO:0001539,cilium or flagellum-dependent cell motility,22/217,100/7416,0.22,7.51852534562212,11.3936235983071,6.1750794951078e-14,6.45141430251388e-11,6.45141430251388e-11,LRRC46/DNAH9/DRC1/EFHC2/DNAH3/ROPN1L/RSPH1/IQUB/ENKUR/PACRG/DNAH7/DNAH6/RSPH4A/DNAH5/TEKT1/DNAH12/DNAI1/CCDC146/TMEM232/ARMC3/DNAH10/MNS1,22,,,TRUE
robust_mrna_strict,GO_BP,251,GO:0060285,cilium-dependent cell motility,22/217,100/7416,0.22,7.51852534562212,11.3936235983071,6.1750794951078e-14,6.45141430251388e-11,6.45141430251388e-11,LRRC46/DNAH9/DRC1/EFHC2/DNAH3/ROPN1L/RSPH1/IQUB/ENKUR/PACRG/DNAH7/DNAH6/RSPH4A/DNAH5/TEKT1/DNAH12/DNAI1/CCDC146/TMEM232/ARMC3/DNAH10/MNS1,22,,,TRUE
robust_mrna_strict,GO_BP,251,GO:0007018,microtubule-based movement,28/217,215/7416,0.130232558139535,4.45071267816954,8.91417142971538,1.83464922272022e-11,1.53339982034956e-08,1.53339982034956e-08,LRRC46/DNAH9/DRC1/SPAG6/EFHC2/DNAH3/ROPN1L/RSPH1/IQUB/ENKUR/DNAAF1/PACRG/DNAH7/DNAH6/RSPH4A/DNAH5/TEKT1/DNAH12/SPAG17/MAP1A/DNAI1/CCDC146/TMEM232/HYDIN/ARMC3/DNAH10/MNS1/NEK10,28,,,TRUE
robust_mrna_strict,GO_BP,251,GO:0035082,axoneme assembly,13/217,42/7416,0.30952380952381,10.5780118499013,10.8068172266972,9.71859032743388e-11,6.7689981630577e-08,6.7689981630577e-08,DRC1/DNAH3/RSPH1/DNAAF1/DNAH7/RSPH4A/DNAH5/DNAH12/SPAG17/DNAI1/CCDC146/HYDIN/MNS1,13,,,TRUE
robust_mrna_strict,GO_BP,251,GO:0030317,flagellated sperm motility,17/217,86/7416,0.197674418604651,6.75554602936448,9.32036944847474,3.01593659884215e-10,1.57544988082017e-07,1.57544988082017e-07,LRRC46/DRC1/EFHC2/DNAH3/ROPN1L/RSPH1/IQUB/ENKUR/PACRG/DNAH5/TEKT1/DNAH12/DNAI1/CCDC146/TMEM232/ARMC3/MNS1,17,,,TRUE
robust_mrna_strict,GO_BP,251,GO:0097722,sperm motility,17/217,86/7416,0.197674418604651,6.75554602936448,9.32036944847474,3.01593659884215e-10,1.57544988082017e-07,1.57544988082017e-07,LRRC46/DRC1/EFHC2/DNAH3/ROPN1L/RSPH1/IQUB/ENKUR/PACRG/DNAH5/TEKT1/DNAH12/DNAI1/CCDC146/TMEM232/ARMC3/MNS1,17,,,TRUE
robust_mrna_strict,GO_BP,251,GO:0001578,microtubule bundle formation,13/217,54/7416,0.240740740740741,8.2273425499232,9.25394620166047,3.09275456288979e-09,1.43606903536849e-06,1.43606903536849e-06,DRC1/DNAH3/RSPH1/DNAAF1/DNAH7/RSPH4A/DNAH5/DNAH12/SPAG17/DNAI1/CCDC146/HYDIN/MNS1,13,,,TRUE
robust_mrna_strict,GO_BP,251,GO:0007286,spermatid development,11/217,52/7416,0.211538461538462,7.22935129386742,7.82594808515258,2.19917975145656e-07,9.19037218133697e-05,9.19037218133697e-05,LRRC46/DNAH3/ROPN1L/ADGB/RSPH1/PLN/DNAH12/SPAG17/CCDC146/ARMC3/MNS1,11,,,TRUE
robust_mrna_strict,GO_BP,251,GO:0048515,spermatid differentiation,11/217,54/7416,0.203703703703704,6.9615975422427,7.63327634615182,3.31013360424295e-07,0.000125754984837557,0.000125754984837557,LRRC46/DNAH3/ROPN1L/ADGB/RSPH1/PLN/DNAH12/SPAG17/CCDC146/ARMC3/MNS1,11,,,TRUE
robust_mrna_strict,GO_BP,251,GO:0030198,extracellular matrix organization,20/217,186/7416,0.10752688172043,3.6747435706853,6.4138505116558,4.23694756524486e-07,0.000136201568270448,0.000136201568270448,COL14A1/HAS2/CCDC80/SLC39A8/HPSE2/COL17A1/COL1A2/FAP/COL15A1/CTSK/MMP7/HMCN1/MMP1/COL1A1/COL3A1/SULF1/MYH11/MMP13/RGCC/POSTN,20,,,TRUE
robust_mrna_strict,GO_BP,251,GO:0043062,extracellular structure organization,20/217,186/7416,0.10752688172043,3.6747435706853,6.4138505116558,4.23694756524486e-07,0.000136201568270448,0.000136201568270448,COL14A1/HAS2/CCDC80/SLC39A8/HPSE2/COL17A1/COL1A2/FAP/COL15A1/CTSK/MMP7/HMCN1/MMP1/COL1A1/COL3A1/SULF1/MYH11/MMP13/RGCC/POSTN,20,,,TRUE
robust_mrna_strict,GO_BP,251,GO:0045229,external encapsulating structure organization,20/217,187/7416,0.106951871657754,3.65509253554794,6.3842621324311,4.62290897296096e-07,0.000137993832842885,0.000137993832842885,COL14A1/HAS2/CCDC80/SLC39A8/HPSE2/COL17A1/COL1A2/FAP/COL15A1/CTSK/MMP7/HMCN1/MMP1/COL1A1/COL3A1/SULF1/MYH11/MMP13/RGCC/POSTN,20,,,TRUE
robust_mrna_strict,GO_BP,251,GO:0070286,axonemal dynein complex assembly,7/217,19/7416,0.368421052631579,12.5908319185059,8.78239481455717,6.22965893085079e-07,0.000173558297813503,0.000173558297813503,DRC1/DNAH3/DNAAF1/DNAH7/DNAH5/DNAH12/DNAI1,7,,,TRUE
robust_mrna_strict,GO_BP,251,GO:0009887,animal organ morphogenesis,28/217,347/7416,0.0806916426512968,2.75764618388026,5.82192437738061,8.48781460625048e-07,0.000221691107747005,0.000221691107747005,RPGRIP1L/TGFB3/THY1/HAS2/CSF3R/SLC6A4/COMP/SFRP2/HHIP/COL1A2/ASPN/SFRP4/SLC44A4/DNAAF1/PROM1/ACVRL1/S1PR1/ANKRD1/ACTG2/SIX1/COL1A1/COL3A1/SULF1/MFSD2A/MMP13/STOX1/SMAD6/SIX4,28,,,TRUE
robust_mrna_strict,GO_BP,251,GO:0060271,cilium assembly,19/217,197/7416,0.0964467005076142,3.29607710121874,5.67061832989122,4.33614398477317e-06,0.00106592621837453,0.00106592621837453,LRRC46/RPGRIP1L/DRC1/DNAH3/ERICH3/RSPH1/IQUB/DNAAF1/DNAH7/RSPH4A/DNAH5/TEKT1/UBXN10/DNAH12/SPAG17/DNAI1/CCDC146/HYDIN/MNS1,19,,,TRUE
robust_mrna_strict,GO_BP,251,GO:0007017,microtubule-based process,30/217,439/7416,0.0683371298405467,2.33542928524191,5.00804418944964,1.03463324406476e-05,0.00240207351497036,0.00240207351497036,LRRC46/DNAH9/DRC1/SPAG6/EFHC2/CCDC170/DNAH3/ROPN1L/RSPH1/IQUB/ENKUR/DNAAF1/PACRG/DNAH7/DNAH6/RSPH4A/DNAH5/TEKT1/EPHA3/DNAH12/SPAG17/MAP1A/DNAI1/CCDC146/TMEM232/HYDIN/ARMC3/DNAH10/MNS1/NEK10,30,,,TRUE
robust_mrna_strict,GO_BP,251,GO:0007281,germ cell development,12/217,92/7416,0.130434782608696,4.45762372270086,5.79357766106654,1.33891540524341e-05,0.00294490919921695,0.00294490919921695,LRRC46/DNAH3/ROPN1L/ADGB/RSPH1/PLN/DNAH12/SPAG17/CCDC146/IGF1/ARMC3/MNS1,12,,,TRUE
robust_mrna_strict,GO_BP,251,GO:0044782,cilium organization,19/217,215/7416,0.0883720930232558,3.02012646018648,5.21856070188918,1.54582310766558e-05,0.00322999738346723,0.00322999738346723,LRRC46/RPGRIP1L/DRC1/DNAH3/ERICH3/RSPH1/IQUB/DNAAF1/DNAH7/RSPH4A/DNAH5/TEKT1/UBXN10/DNAH12/SPAG17/DNAI1/CCDC146/HYDIN/MNS1,19,,,TRUE
robust_mrna_strict,GO_BP,251,GO:0022412,cellular process involved in reproduction in multicellular organism,12/217,100/7416,0.12,4.10101382488479,5.42021123191813,3.15433473409186e-05,0.00627712612084281,0.00627712612084281,LRRC46/DNAH3/ROPN1L/ADGB/RSPH1/PLN/DNAH12/SPAG17/CCDC146/IGF1/ARMC3/MNS1,12,,,TRUE
robust_mrna_strict,GO_BP,251,GO:0044458,motile cilium assembly,7/217,35/7416,0.2,6.83502304147465,6.00714828692484,5.57621347341846e-05,0.0105922709570072,0.0105922709570072,LRRC46/DNAH3/DNAAF1/DNAH12/SPAG17/CCDC146/MNS1,7,,,TRUE
robust_mrna_strict,GO_BP,251,GO:0071559,response to transforming growth factor beta,14/217,147/7416,0.0952380952380952,3.25477287689269,4.79372915411554,9.44595112101615e-05,0.0171628824933593,0.0171628824933593,TGFB3/MXRA5/ID1/COL1A2/ASPN/LRRC32/CLDN1/ACVRL1/ANKRD1/COL1A1/CDH3/COL3A1/RGCC/SMAD6,14,,,TRUE
robust_mrna_strict,GO_BP,251,GO:0120031,plasma membrane bounded cell projection assembly,21/217,299/7416,0.0702341137123746,2.40025892760816,4.29086468832278,0.000165403420974278,0.0288008706771461,0.0288008706771461,LRRC46/RPGRIP1L/TGFB3/DRC1/DNAH3/ERICH3/RSPH1/IQUB/DNAAF1/DNAH7/RSPH4A/DNAH5/S1PR1/TEKT1/UBXN10/DNAH12/SPAG17/DNAI1/CCDC146/HYDIN/MNS1,21,,,TRUE
robust_mrna_strict,GO_BP,251,GO:0007288,sperm axoneme assembly,4/217,11/7416,0.363636363636364,12.427314620863,6.58456900986282,0.000200186329531135,0.0321761027350236,0.0321761027350236,DNAH3/DNAH12/CCDC146/MNS1,4,,,TRUE
robust_mrna_strict,GO_BP,251,GO:0042447,hormone catabolic process,4/217,11/7416,0.363636363636364,12.427314620863,6.58456900986282,0.000200186329531135,0.0321761027350236,0.0321761027350236,DIO2/SPP1/HSD17B6/MME,4,,,TRUE
robust_mrna_strict,GO_BP,251,GO:0120316,sperm flagellum assembly,5/217,20/7416,0.25,8.54377880184332,5.8648221939027,0.000221727232363058,0.0340255642783792,0.0340255642783792,LRRC46/DNAH3/DNAH12/CCDC146/MNS1,5,,,TRUE
robust_mrna_strict,GO_BP,251,GO:0030031,cell projection assembly,21/217,306/7416,0.0686274509803922,2.34535104364326,4.17263974702611,0.000227976980089643,0.0340255642783792,0.0340255642783792,LRRC46/RPGRIP1L/TGFB3/DRC1/DNAH3/ERICH3/RSPH1/IQUB/DNAAF1/DNAH7/RSPH4A/DNAH5/S1PR1/TEKT1/UBXN10/DNAH12/SPAG17/DNAI1/CCDC146/HYDIN/MNS1,21,,,TRUE
robust_mrna_strict,GO_BP,251,GO:0071560,cellular response to transforming growth factor beta stimulus,13/217,142/7416,0.0915492957746479,3.12870773025248,4.44654732516947,0.000249776571285483,0.0359936652207598,0.0359936652207598,TGFB3/ID1/COL1A2/ASPN/LRRC32/CLDN1/ACVRL1/ANKRD1/COL1A1/CDH3/COL3A1/RGCC/SMAD6,13,,,TRUE
robust_mrna_strict,GO_BP,251,GO:0042104,positive regulation of activated T cell proliferation,4/217,12/7416,0.333333333333333,11.3917050691244,6.25451427649147,0.000293418915995576,0.0408732549981838,0.0408732549981838,HHLA2/CD24/AGER/IGF1,4,,,TRUE
robust_mrna_strict,GO_BP,251,GO:0061844,antimicrobial humoral immune response mediated by antimicrobial peptide,8/217,60/7416,0.133333333333333,4.55668202764977,4.80229863046479,0.000325887197454382,0.0439316967148988,0.0439316967148988,PLA2G1B/CXCL14/BPIFA1/CCL13/CCL18/CXCL13/PGC/S100A12,8,,,TRUE
robust_mrna_strict,GO_CC,251,GO:0097729,9+2 motile cilium,28/240,108/7772,0.259259259259259,8.39567901234568,13.815006799219,7.40518491486146e-19,3.79885986132393e-16,3.79885986132393e-16,LRRC46/DNAH9/DRC1/SPAG6/EFHC2/DNAH3/ROPN1L/NEK5/ADGB/RSPH1/IQUB/ENKUR/PACRG/DNAH7/AK7/DNAH6/MORN5/RSPH4A/DNAH5/TEKT1/DNAH12/DNAI1/CCDC146/TMEM232/HYDIN/DNAH10/RSPH10B2/MNS1,28,,,TRUE
robust_mrna_strict,GO_CC,251,GO:0005930,axoneme,27/240,108/7772,0.25,8.09583333333333,13.254900000728,8.99647783113575e-18,1.53839770912421e-15,1.53839770912421e-15,RPGRIP1L/DNAH9/DRC1/SPAG6/EFHC2/DNAH3/ROPN1L/ERICH3/RSPH1/IQUB/ENKUR/DNAAF1/PACRG/DNAH7/DNAH6/RSPH4A/DNAH5/TEKT1/DNAH12/SPAG17/CCDC17/DNAI1/CCDC146/HYDIN/DNAH10/RSPH10B2/MNS1,27,,,TRUE
robust_mrna_strict,GO_CC,251,GO:0097014,ciliary plasm,27/240,108/7772,0.25,8.09583333333333,13.254900000728,8.99647783113575e-18,1.53839770912421e-15,1.53839770912421e-15,RPGRIP1L/DNAH9/DRC1/SPAG6/EFHC2/DNAH3/ROPN1L/ERICH3/RSPH1/IQUB/ENKUR/DNAAF1/PACRG/DNAH7/DNAH6/RSPH4A/DNAH5/TEKT1/DNAH12/SPAG17/CCDC17/DNAI1/CCDC146/HYDIN/DNAH10/RSPH10B2/MNS1,27,,,TRUE
robust_mrna_strict,GO_CC,251,GO:0036126,sperm flagellum,26/240,102/7772,0.254901960784314,8.25457516339869,13.1644678518953,2.23209525039609e-17,2.86266215863298e-15,2.86266215863298e-15,LRRC46/DNAH9/DRC1/SPAG6/EFHC2/DNAH3/ROPN1L/NEK5/ADGB/RSPH1/IQUB/ENKUR/PACRG/DNAH7/AK7/DNAH6/MORN5/TEKT1/DNAH12/DNAI1/CCDC146/TMEM232/HYDIN/DNAH10/RSPH10B2/MNS1,26,,,TRUE
robust_mrna_strict,GO_CC,251,GO:0031514,motile cilium,28/240,137/7772,0.204379562043796,6.61849148418492,11.8430730884234,6.34544435472421e-16,6.51042590794704e-14,6.51042590794704e-14,LRRC46/DNAH9/DRC1/SPAG6/EFHC2/DNAH3/ROPN1L/NEK5/ADGB/RSPH1/IQUB/ENKUR/PACRG/DNAH7/AK7/DNAH6/MORN5/RSPH4A/DNAH5/TEKT1/DNAH12/DNAI1/CCDC146/TMEM232/HYDIN/DNAH10/RSPH10B2/MNS1,28,,,TRUE
robust_mrna_strict,GO_CC,251,GO:0005929,cilium,43/240,372/7772,0.115591397849462,3.74323476702509,9.67848777900444,2.2378013539584e-14,1.91332015763443e-12,1.91332015763443e-12,LRRC46/RPGRIP1L/DNAH9/DRC1/SPAG6/STOML3/HHIP/EFHC2/CCDC170/DNAH3/ROPN1L/NEK5/ADGB/ERICH3/FANK1/RSPH1/IQUB/ENKUR/DNAAF1/PACRG/SNTN/DNAH7/AK7/PROM1/DNAH6/MORN5/RSPH4A/DNAH5/TEKT1/UBXN10/DNAH12/SPAG17/AGBL2/CCDC17/WDR49/DNAI1/CCDC146/TMEM232/HYDIN/SMAD6/DNAH10/RSPH10B2/MNS1,43,,,TRUE
robust_mrna_strict,GO_CC,251,GO:0005858,axonemal dynein complex,8/240,13/7772,0.615384615384615,19.9282051282051,12.1917810238057,8.29730984950715e-10,6.08074278971024e-08,6.08074278971024e-08,DNAH9/DRC1/DNAH3/DNAH7/DNAH5/DNAH12/DNAI1/DNAH10,8,,,TRUE
robust_mrna_strict,GO_CC,251,GO:0030286,dynein complex,9/240,24/7772,0.375,12.14375,9.75957925060833,1.91868282945086e-08,1.23035536438536e-06,1.23035536438536e-06,DNAH9/DRC1/DNAH3/DNAH7/DNAH6/DNAH5/DNAH12/DNAI1/DNAH10,9,,,TRUE
robust_mrna_strict,GO_CC,251,GO:0030312,external encapsulating structure,30/240,350/7772,0.0857142857142857,2.77571428571429,6.06786004804576,3.05066828214666e-07,1.7388809208236e-05,1.7388809208236e-05,COL14A1/TGFB3/MXRA5/CCDC80/COMP/SPAG6/SFRP2/HPSE2/COL17A1/COL1A2/ASPN/COL15A1/COL6A3/LTBP1/CPA3/MMP7/HMCN1/MMP1/MUC4/COL1A1/CDH2/COL3A1/SULF1/TNC/S100A8/MMP13/POSTN/FCN3/OGN/MUC5B,30,,,TRUE
robust_mrna_strict,GO_CC,251,GO:0031012,extracellular matrix,29/240,347/7772,0.0835734870317003,2.70638808837656,5.80474623978752,8.29663181125452e-07,4.25617211917357e-05,4.25617211917357e-05,COL14A1/TGFB3/MXRA5/CCDC80/COMP/SFRP2/HPSE2/COL17A1/COL1A2/ASPN/COL15A1/COL6A3/LTBP1/CPA3/MMP7/HMCN1/MMP1/MUC4/COL1A1/CDH2/COL3A1/SULF1/TNC/S100A8/MMP13/POSTN/FCN3/OGN/MUC5B,29,,,TRUE
robust_mrna_strict,GO_CC,251,GO:0005614,interstitial matrix,11/240,68/7772,0.161764705882353,5.23848039215686,6.26607252707565,6.26714827210907e-06,0.000292277005781087,0.000292277005781087,COL14A1/CCDC80/COMP/COL1A2/ASPN/COL6A3/LTBP1/COL1A1/COL3A1/TNC/OGN,11,,,TRUE
robust_mrna_strict,GO_CC,251,GO:0005875,microtubule associated complex,10/240,59/7772,0.169491525423729,5.48870056497175,6.17765847279316,1.08555794364459e-05,0.000464076020908062,0.000464076020908062,DNAH9/DRC1/DNAH3/DNAH7/DNAH6/DNAH5/DNAH12/MAP1A/DNAI1/DNAH10,10,,,TRUE
robust_mrna_strict,GO_CC,251,GO:0005788,endoplasmic reticulum lumen,17/240,182/7772,0.0934065934065934,3.02481684981685,4.93389010405489,4.35968359113039e-05,0.0017203982171153,0.0017203982171153,COL14A1/SPP1/COL17A1/SLC27A2/GPX8/UGT1A1/COL1A2/COL15A1/COL6A3/LTBP1/CP/SERPIND1/GOLM1/COL1A1/CDH2/COL3A1/TNC,17,,,TRUE
robust_mrna_strict,GO_CC,251,GO:0097545,axonemal doublet microtubule,5/240,15/7772,0.333333333333333,10.7944444444444,6.77746776499718,6.27647069582918e-05,0.00201239341685023,0.00201239341685023,EFHC2/ENKUR/PACRG/TEKT1/MNS1,5,,,TRUE
robust_mrna_strict,GO_CC,251,GO:0097649,A axonemal microtubule,5/240,15/7772,0.333333333333333,10.7944444444444,6.77746776499718,6.27647069582918e-05,0.00201239341685023,0.00201239341685023,EFHC2/ENKUR/PACRG/TEKT1/MNS1,5,,,TRUE
robust_mrna_strict,GO_CC,251,GO:0160110,axonemal microtubule doublet inner sheath,5/240,15/7772,0.333333333333333,10.7944444444444,6.77746776499718,6.27647069582918e-05,0.00201239341685023,0.00201239341685023,EFHC2/ENKUR/PACRG/TEKT1/MNS1,5,,,TRUE
robust_mrna_strict,GO_CC,251,GO:0005581,collagen trimer,6/240,26/7772,0.230769230769231,7.47307692307692,5.90129894314873,0.000111543425526095,0.00336598689969921,0.00336598689969921,COL14A1/COL1A2/COL15A1/COL6A3/COL1A1/COL3A1,6,,,TRUE
robust_mrna_strict,GO_CC,251,GO:0099081,supramolecular polymer,30/240,485/7772,0.0618556701030928,2.00309278350515,4.07217572061276,0.000191217106801463,0.0051628618836395,0.0051628618836395,DCDC1/DNAH9/SPAG6/DES/SYNPO2/ANK2/KRT15/EFHC2/DNAH3/COL6A3/LTBP1/RSPH1/ENKUR/PACRG/DNAH7/DNAH6/DNAH5/TEKT1/ANKRD1/DNAH12/SPAG17/MAP1A/ACTG2/DNAI1/KRT5/MYH11/TMEM232/SCN1A/DNAH10/MNS1,30,,,TRUE
robust_mrna_strict,GO_CC,251,GO:0099512,supramolecular fiber,30/240,485/7772,0.0618556701030928,2.00309278350515,4.07217572061276,0.000191217106801463,0.0051628618836395,0.0051628618836395,DCDC1/DNAH9/SPAG6/DES/SYNPO2/ANK2/KRT15/EFHC2/DNAH3/COL6A3/LTBP1/RSPH1/ENKUR/PACRG/DNAH7/DNAH6/DNAH5/TEKT1/ANKRD1/DNAH12/SPAG17/MAP1A/ACTG2/DNAI1/KRT5/MYH11/TMEM232/SCN1A/DNAH10/MNS1,30,,,TRUE
robust_mrna_strict,GO_CC,251,GO:0097225,sperm midpiece,6/240,30/7772,0.2,6.47666666666667,5.36462380301504,0.000259367762138692,0.00665278309885744,0.00665278309885744,LRRC46/SPAG6/ADGB/ENKUR/PACRG/DNAH7,6,,,TRUE
robust_mrna_strict,GO_CC,251,GO:0005879,axonemal microtubule,5/240,20/7772,0.25,8.09583333333333,5.67153271717732,0.000285490442558925,0.00697412366822517,0.00697412366822517,EFHC2/ENKUR/PACRG/TEKT1/MNS1,5,,,TRUE
robust_mrna_strict,GO_CC,251,GO:0140152,collagenous component of interstitial matrix,4/240,12/7772,0.333333333333333,10.7944444444444,6.0607795728993,0.000361029571036237,0.00841855317916317,0.00841855317916317,COL14A1/COL1A2/COL1A1/COL3A1,4,,,TRUE
robust_mrna_strict,GO_CC,251,GO:0005874,microtubule,17/240,219/7772,0.0776255707762557,2.51377473363775,4.05613580086946,0.000417905872130751,0.00932111793056849,0.00932111793056849,DCDC1/DNAH9/SPAG6/EFHC2/DNAH3/ENKUR/PACRG/DNAH7/DNAH6/DNAH5/TEKT1/DNAH12/SPAG17/MAP1A/DNAI1/DNAH10/MNS1,17,,,TRUE
robust_mrna_strict,GO_CC,251,GO:0140151,solid phase of interstitial matrix,7/240,47/7772,0.148936170212766,4.82304964539007,4.69243799131019,0.000537156376441589,0.011481717546439,0.011481717546439,COL14A1/COMP/COL1A2/COL6A3/LTBP1/COL1A1/COL3A1,7,,,TRUE
robust_mrna_strict,GO_CC,251,GO:0098644,complex of collagen trimers,5/240,23/7772,0.217391304347826,7.03985507246377,5.17793417340536,0.000574387714721452,0.0117864359060842,0.0117864359060842,COL14A1/COL1A2/COL6A3/COL1A1/COL3A1,5,,,TRUE
robust_mrna_strict,GO_CC,251,GO:0097229,sperm end piece,4/240,16/7772,0.25,8.09583333333333,5.07146481817562,0.00120409070798583,0.0237576358921819,0.0237576358921819,DNAH9/SPAG6/PACRG/MNS1,4,,,TRUE
robust_mrna_strict,GO_CC,251,GO:0099513,polymeric cytoskeletal fiber,22/240,358/7772,0.0614525139664804,1.99003724394786,3.42338445793933,0.00154291188663648,0.0293153258460932,0.0293153258460932,DCDC1/DNAH9/SPAG6/DES/KRT15/EFHC2/DNAH3/RSPH1/ENKUR/PACRG/DNAH7/DNAH6/DNAH5/TEKT1/DNAH12/SPAG17/MAP1A/DNAI1/KRT5/TMEM232/DNAH10/MNS1,22,,,TRUE
robust_mrna_strict,GO_CC,251,GO:0097228,sperm principal piece,5/240,31/7772,0.161290322580645,5.22311827956989,4.2053725735539,0.00237155353098673,0.0434502486212926,0.0434502486212926,SPAG6/ENKUR/PACRG/AK7/DNAH10,5,,,TRUE
robust_mrna_strict,GO_MF,251,GO:0008569,minus-end-directed microtubule motor activity,7/229,13/7472,0.538461538461538,17.5693651326839,10.6312690161476,3.40149837572862e-08,2.68038072007415e-05,2.68038072007415e-05,DNAH9/DNAH3/DNAH7/DNAH6/DNAH5/DNAH12/DNAH10,7,,,TRUE
robust_mrna_strict,GO_MF,251,GO:0005201,extracellular matrix structural constituent,17/229,126/7472,0.134920634920635,4.40230124072919,6.8482631620185,2.43174436481476e-07,9.58107279737015e-05,9.58107279737015e-05,COL14A1/MXRA5/COMP/COL17A1/COL1A2/ASPN/COL15A1/COL6A3/LTBP1/HMCN1/MUC4/COL1A1/COL3A1/TNC/POSTN/OGN/MUC5B,17,,,TRUE
robust_mrna_strict,GO_MF,251,GO:0051959,dynein light intermediate chain binding,7/229,18/7472,0.388888888888889,12.6889859291606,8.82808001787252,5.53095616047771e-07,0.000145279781815215,0.000145279781815215,DNAH9/DNAH3/DNAH7/DNAH6/DNAH5/DNAH12/DNAH10,7,,,TRUE
robust_mrna_strict,GO_MF,251,GO:0045505,dynein intermediate chain binding,7/229,19/7472,0.368421052631579,12.0211445644679,8.55235669333786,8.53026194048183e-07,0.000168046160227492,0.000168046160227492,DNAH9/DNAH3/DNAH7/DNAH6/DNAH5/DNAH12/DNAH10,7,,,TRUE
robust_mrna_strict,GO_MF,251,GO:0005509,calcium ion binding,29/229,368/7472,0.078804347826087,2.57129295614202,5.49638901997571,2.28606910703748e-06,0.000360284491269106,0.000360284491269106,PCDH7/PLA2G1B/COMP/CLEC4E/DUOX1/SPP1/PLA2G4F/CRTAC1/ASPN/EFHC2/LTBP1/SNTN/DSC3/DNAH7/S100A12/CAPS/HMCN1/CDHR3/WDR49/NELL2/NECAB1/CDH3/CDH2/SULF1/CAPSL/S100A8/MMP13/PAMR1/EFCAB10,29,,,TRUE
robust_mrna_strict,GO_MF,251,GO:0030020,extracellular matrix structural constituent conferring tensile strength,7/229,27/7472,0.259259259259259,8.45932395277374,6.90393774336349,1.21876896668884e-05,0.00160064990958467,0.00160064990958467,COL14A1/COL17A1/COL1A2/COL15A1/COL6A3/COL1A1/COL3A1,7,,,TRUE
robust_mrna_strict,GO_MF,251,GO:0005198,structural molecule activity,26/229,350/7472,0.0742857142857143,2.42385527136619,4.85117287950227,2.27600514679603e-05,0.00256213150810753,0.00256213150810753,COL14A1/MXRA5/COMP/DES/COL17A1/ANK2/COL1A2/KRT15/ASPN/COL15A1/COL6A3/LTBP1/CLDN1/HMCN1/MAP1A/ACTG2/MUC4/KRT5/COL1A1/PLLP/COL3A1/TNC/MYH11/POSTN/OGN/MUC5B,26,,,TRUE
robust_mrna_strict,GO_MF,251,GO:0003774,cytoskeletal motor activity,9/229,60/7472,0.15,4.8943231441048,5.38502560092472,7.71610885945898e-05,0.00760036722656709,0.00760036722656709,DNAH9/DNAH3/DNAH7/DNAH6/DNAH5/DNAH12/DNAI1/MYH11/DNAH10,9,,,TRUE
robust_mrna_strict,GO_MF,251,GO:0003777,microtubule motor activity,7/229,37/7472,0.189189189189189,6.17302018175381,5.60857349323664,0.000108787554114917,0.00952495473806162,0.00952495473806162,DNAH9/DNAH3/DNAH7/DNAH6/DNAH5/DNAH12/DNAH10,7,,,TRUE
robust_mrna_strict,GO_MF,251,GO:0005178,integrin binding,11/229,101/7472,0.108910891089109,3.55363396601669,4.59413755395192,0.000246755620405577,0.0194443428879595,0.0194443428879595,THY1/SLC6A4/COMP/SFRP2/SPP1/FAP/ITGB8/VCAM1/COL3A1/TNC/IGF1,11,,,TRUE
robust_mrna_strict,KEGG,251,hsa04974,Protein digestion and absorption,10/131,57/3831,0.175438596491228,5.13057452792286,5.91127433976367,1.70302088324035e-05,0.00567105954119035,0.00567105954119035,7373/1308/1278/1361/1306/1293/1359/4311/1277/1281,10,Organismal Systems,Digestive system,TRUE
robust_mrna_strict,Reactome,251,R-HSA-1442490,Collagen degradation,11/138,44/4964,0.25,8.9927536231884,9.00447164680304,1.80095200050675e-08,2.08370146458631e-05,2.08370146458631e-05,COL14A1/COL17A1/COL1A2/COL15A1/CTSK/COL6A3/MMP7/MMP1/COL1A1/COL3A1/MMP13,11,,,TRUE
robust_mrna_strict,Reactome,251,R-HSA-1474244,Extracellular matrix organization,21/138,232/4964,0.0905172413793103,3.25599700149925,5.95083850641338,1.21256770989617e-06,0.000568809297898744,0.000568809297898744,COL14A1/TGFB3/COMP/SPP1/COL17A1/COL1A2/ASPN/COL15A1/CTSK/COL6A3/LTBP1/ITGB8/MMP7/VCAM1/CAPN13/MMP1/ACTG2/COL1A1/COL3A1/TNC/MMP13,21,,,TRUE
robust_mrna_strict,Reactome,251,R-HSA-1474228,Degradation of the extracellular matrix,13/138,94/4964,0.138297872340426,4.97471477027444,6.57844786019106,1.47487285539865e-06,0.000568809297898744,0.000568809297898744,COL14A1/SPP1/COL17A1/COL1A2/COL15A1/CTSK/COL6A3/MMP7/CAPN13/MMP1/COL1A1/COL3A1/MMP13,13,,,TRUE
robust_mrna_strict,Reactome,251,R-HSA-2022090,Assembly of collagen fibrils and other multimeric structures,9/138,48/4964,0.1875,6.7445652173913,6.76222890681381,5.09825903359394e-06,0.00142234821754062,0.00142234821754062,COL14A1/COL17A1/COL1A2/COL15A1/COL6A3/MMP7/COL1A1/COL3A1/MMP13,9,,,TRUE
robust_mrna_strict,Reactome,251,R-HSA-8948216,Collagen chain trimerization,7/138,27/4964,0.259259259259259,9.32581857219538,7.33491834415957,6.14670794097071e-06,0.00142234821754062,0.00142234821754062,COL14A1/COL17A1/COL1A2/COL15A1/COL6A3/COL1A1/COL3A1,7,,,TRUE
robust_mrna_strict,Reactome,251,R-HSA-216083,Integrin cell surface interactions,9/138,63/4964,0.142857142857143,5.13871635610766,5.58999743811279,5.04861161554757e-05,0.00948370226043289,0.00948370226043289,COMP/SPP1/COL1A2/COL6A3/ITGB8/VCAM1/COL1A1/COL3A1/TNC,9,,,TRUE
robust_mrna_strict,Reactome,251,R-HSA-1474290,Collagen formation,9/138,64/4964,0.140625,5.05842391304348,5.52544648773022,5.73776281962232e-05,0.00948370226043289,0.00948370226043289,COL14A1/COL17A1/COL1A2/COL15A1/COL6A3/MMP7/COL1A1/COL3A1/MMP13,9,,,TRUE
robust_mrna_strict,Reactome,251,R-HSA-9734767,Developmental Cell Lineages,11/138,97/4964,0.11340206185567,4.07918721051845,5.17856355114323,6.62363319822903e-05,0.00957942951293873,0.00957942951293873,PLA2G1B/CD24/COL1A2/KRT15/PROM1/MME/KRT5/COL1A1/COL3A1/MYH11/TP63,11,,,TRUE
robust_mrna_strict,Reactome,251,R-HSA-381426,Regulation of Insulin-like Growth Factor (IGF) transport and uptake by Insulin-like Growth Factor Binding Proteins (IGFBPs),9/138,72/4964,0.125,4.4963768115942,5.05311610763382,0.000146838440016447,0.0176267547980794,0.0176267547980794,SPP1/LTBP1/CP/SERPIND1/GOLM1/MMP1/CDH2/TNC/IGF1,9,,,TRUE
robust_mrna_strict,Reactome,251,R-HSA-3000178,ECM proteoglycans,8/138,57/4964,0.140350877192982,5.04856343757946,5.19814475777778,0.000152348788228863,0.0176267547980794,0.0176267547980794,TGFB3/COMP/COL1A2/ASPN/COL6A3/COL1A1/COL3A1/TNC,8,,,TRUE
robust_mrna_strict,Reactome,251,R-HSA-1650814,Collagen biosynthesis and modifying enzymes,7/138,44/4964,0.159090909090909,5.72266139657444,5.3204530813427,0.000178653923336587,0.0187911444818574,0.0187911444818574,COL14A1/COL17A1/COL1A2/COL15A1/COL6A3/COL1A1/COL3A1,7,,,TRUE
robust_mrna_up,GO_BP,188,GO:0003341,cilium movement,27/158,113/7416,0.238938053097345,11.2149658339868,16.1436275367313,1.40022849559292e-21,5.85155488308283e-18,5.85155488308283e-18,LRRC46/RSPH4A/DNAH9/DRC1/SPAG6/DNAH7/DNAH5/DNAH6/DNAH3/ROPN1L/IQUB/ENKUR/RSPH1/TEKT1/DNAI1/DNAH12/HYDIN/EFHC2/CCDC146/ARMC3/TMEM232/MNS1/NEK10/PACRG/DNAAF1/DNAH10/SPAG17,27,,,TRUE
robust_mrna_up,GO_BP,188,GO:0060294,cilium movement involved in cell motility,22/158,98/7416,0.224489795918367,10.5368121932317,14.0215396602509,4.31110945611356e-17,7.16344311144305e-14,7.16344311144305e-14,LRRC46/RSPH4A/DNAH9/DRC1/DNAH7/DNAH5/DNAH6/DNAH3/ROPN1L/IQUB/ENKUR/RSPH1/TEKT1/DNAI1/DNAH12/EFHC2/CCDC146/ARMC3/TMEM232/MNS1/PACRG/DNAH10,22,,,TRUE
robust_mrna_up,GO_BP,188,GO:0001539,cilium or flagellum-dependent cell motility,22/158,100/7416,0.22,10.3260759493671,13.8528055697966,6.85660982191246e-17,7.16344311144305e-14,7.16344311144305e-14,LRRC46/RSPH4A/DNAH9/DRC1/DNAH7/DNAH5/DNAH6/DNAH3/ROPN1L/IQUB/ENKUR/RSPH1/TEKT1/DNAI1/DNAH12/EFHC2/CCDC146/ARMC3/TMEM232/MNS1/PACRG/DNAH10,22,,,TRUE
robust_mrna_up,GO_BP,188,GO:0060285,cilium-dependent cell motility,22/158,100/7416,0.22,10.3260759493671,13.8528055697966,6.85660982191246e-17,7.16344311144305e-14,7.16344311144305e-14,LRRC46/RSPH4A/DNAH9/DRC1/DNAH7/DNAH5/DNAH6/DNAH3/ROPN1L/IQUB/ENKUR/RSPH1/TEKT1/DNAI1/DNAH12/EFHC2/CCDC146/ARMC3/TMEM232/MNS1/PACRG/DNAH10,22,,,TRUE
robust_mrna_up,GO_BP,188,GO:0007018,microtubule-based movement,28/158,215/7416,0.130232558139535,6.11268766558728,11.2240017616383,5.42613570954063e-15,4.53516422603405e-12,4.53516422603405e-12,LRRC46/RSPH4A/DNAH9/DRC1/SPAG6/DNAH7/DNAH5/DNAH6/DNAH3/ROPN1L/IQUB/ENKUR/RSPH1/TEKT1/DNAI1/MAP1A/DNAH12/HYDIN/EFHC2/CCDC146/ARMC3/TMEM232/MNS1/NEK10/PACRG/DNAAF1/DNAH10/SPAG17,28,,,TRUE
robust_mrna_up,GO_BP,188,GO:0035082,axoneme assembly,13/158,42/7416,0.30952380952381,14.5280289330922,12.9712921575435,1.69906989908364e-12,9.48587426209398e-10,9.48587426209398e-10,RSPH4A/DRC1/DNAH7/DNAH5/DNAH3/RSPH1/DNAI1/DNAH12/HYDIN/CCDC146/MNS1/DNAAF1/SPAG17,13,,,TRUE
robust_mrna_up,GO_BP,188,GO:0030317,flagellated sperm motility,17/158,86/7416,0.197674418604651,9.27818663526641,11.3922128608155,1.81591275656262e-12,9.48587426209398e-10,9.48587426209398e-10,LRRC46/DRC1/DNAH5/DNAH3/ROPN1L/IQUB/ENKUR/RSPH1/TEKT1/DNAI1/DNAH12/EFHC2/CCDC146/ARMC3/TMEM232/MNS1/PACRG,17,,,TRUE
robust_mrna_up,GO_BP,188,GO:0097722,sperm motility,17/158,86/7416,0.197674418604651,9.27818663526641,11.3922128608155,1.81591275656262e-12,9.48587426209398e-10,9.48587426209398e-10,LRRC46/DRC1/DNAH5/DNAH3/ROPN1L/IQUB/ENKUR/RSPH1/TEKT1/DNAI1/DNAH12/EFHC2/CCDC146/ARMC3/TMEM232/MNS1/PACRG,17,,,TRUE
robust_mrna_up,GO_BP,188,GO:0001578,microtubule bundle formation,13/158,54/7416,0.240740740740741,11.2995780590717,11.2071206150181,5.91853366901654e-11,2.74817246698001e-08,2.74817246698001e-08,RSPH4A/DRC1/DNAH7/DNAH5/DNAH3/RSPH1/DNAI1/DNAH12/HYDIN/CCDC146/MNS1/DNAAF1/SPAG17,13,,,TRUE
robust_mrna_up,GO_BP,188,GO:0007286,spermatid development,11/158,52/7416,0.211538461538462,9.92891918208374,9.53277435501364,8.24264840937887e-09,3.29463161244653e-06,3.29463161244653e-06,LRRC46/DNAH3/ROPN1L/ADGB/PLN/RSPH1/DNAH12/CCDC146/ARMC3/MNS1/SPAG17,11,,,TRUE
robust_mrna_up,GO_BP,188,GO:0007017,microtubule-based process,30/158,439/7416,0.0683371298405467,3.20751996770566,7.03522802748286,8.67215786956492e-09,3.29463161244653e-06,3.29463161244653e-06,LRRC46/RSPH4A/DNAH9/DRC1/SPAG6/DNAH7/DNAH5/DNAH6/DNAH3/ROPN1L/IQUB/CCDC170/ENKUR/RSPH1/TEKT1/EPHA3/DNAI1/MAP1A/DNAH12/HYDIN/EFHC2/CCDC146/ARMC3/TMEM232/MNS1/NEK10/PACRG/DNAAF1/DNAH10/SPAG17,30,,,TRUE
robust_mrna_up,GO_BP,188,GO:0048515,spermatid differentiation,11/158,54/7416,0.203703703703704,9.56118143459916,9.31554597618669,1.25914557016768e-08,4.38497444810894e-06,4.38497444810894e-06,LRRC46/DNAH3/ROPN1L/ADGB/PLN/RSPH1/DNAH12/CCDC146/ARMC3/MNS1/SPAG17,11,,,TRUE
robust_mrna_up,GO_BP,188,GO:0060271,cilium assembly,19/158,197/7416,0.0964467005076142,4.52689070230675,7.40222415939418,3.01960202800923e-08,9.70685913465428e-06,9.70685913465428e-06,LRRC46/RPGRIP1L/RSPH4A/DRC1/DNAH7/DNAH5/DNAH3/IQUB/ERICH3/RSPH1/TEKT1/UBXN10/DNAI1/DNAH12/HYDIN/CCDC146/MNS1/DNAAF1/SPAG17,19,,,TRUE
robust_mrna_up,GO_BP,188,GO:0030198,extracellular matrix organization,18/158,186/7416,0.0967741935483871,4.54226214781544,7.21844515381688,6.80308299032072e-08,1.81692116162764e-05,1.81692116162764e-05,COL14A1/HAS2/CCDC80/COL1A2/COL15A1/CTSK/COL1A1/MMP1/COL17A1/HMCN1/MYH11/MMP7/FAP/POSTN/MMP13/COL3A1/SULF1/HPSE2,18,,,TRUE
robust_mrna_up,GO_BP,188,GO:0043062,extracellular structure organization,18/158,186/7416,0.0967741935483871,4.54226214781544,7.21844515381688,6.80308299032072e-08,1.81692116162764e-05,1.81692116162764e-05,COL14A1/HAS2/CCDC80/COL1A2/COL15A1/CTSK/COL1A1/MMP1/COL17A1/HMCN1/MYH11/MMP7/FAP/POSTN/MMP13/COL3A1/SULF1/HPSE2,18,,,TRUE
robust_mrna_up,GO_BP,188,GO:0070286,axonemal dynein complex assembly,7/158,19/7416,0.368421052631579,17.292471685543,10.4908724123069,7.09171699132905e-08,1.81692116162764e-05,1.81692116162764e-05,DRC1/DNAH7/DNAH5/DNAH3/DNAI1/DNAH12/DNAAF1,7,,,TRUE
robust_mrna_up,GO_BP,188,GO:0045229,external encapsulating structure organization,18/158,187/7416,0.0962566844919786,4.51797197590198,7.18868917020777,7.39116050434789e-08,1.81692116162764e-05,1.81692116162764e-05,COL14A1/HAS2/CCDC80/COL1A2/COL15A1/CTSK/COL1A1/MMP1/COL17A1/HMCN1/MYH11/MMP7/FAP/POSTN/MMP13/COL3A1/SULF1/HPSE2,18,,,TRUE
robust_mrna_up,GO_BP,188,GO:0044782,cilium organization,19/158,215/7416,0.0883720930232558,4.14789520164851,6.91064731502568,1.23657893652996e-07,2.87092409764372e-05,2.87092409764372e-05,LRRC46/RPGRIP1L/RSPH4A/DRC1/DNAH7/DNAH5/DNAH3/IQUB/ERICH3/RSPH1/TEKT1/UBXN10/DNAI1/DNAH12/HYDIN/CCDC146/MNS1/DNAAF1/SPAG17,19,,,TRUE
robust_mrna_up,GO_BP,188,GO:0007281,germ cell development,12/158,92/7416,0.130434782608696,6.1221794166208,7.29373821533078,4.79765285978042e-07,0.000105523112110644,0.000105523112110644,LRRC46/DNAH3/ROPN1L/ADGB/PLN/RSPH1/DNAH12/IGF1/CCDC146/ARMC3/MNS1/SPAG17,12,,,TRUE
robust_mrna_up,GO_BP,188,GO:0022412,cellular process involved in reproduction in multicellular organism,12/158,100/7416,0.12,5.63240506329114,6.88090114327973,1.19911578987088e-06,0.00025055524429352,0.00025055524429352,LRRC46/DNAH3/ROPN1L/ADGB/PLN/RSPH1/DNAH12/IGF1/CCDC146/ARMC3/MNS1/SPAG17,12,,,TRUE
robust_mrna_up,GO_BP,188,GO:0120031,plasma membrane bounded cell projection assembly,20/158,299/7416,0.0668896321070234,3.13957918801067,5.57174350234963,4.82721432279495e-06,0.000960615650236195,0.000960615650236195,LRRC46/RPGRIP1L/TGFB3/RSPH4A/DRC1/DNAH7/DNAH5/DNAH3/IQUB/ERICH3/RSPH1/TEKT1/UBXN10/DNAI1/DNAH12/HYDIN/CCDC146/MNS1/DNAAF1/SPAG17,20,,,TRUE
robust_mrna_up,GO_BP,188,GO:0030031,cell projection assembly,20/158,306/7416,0.065359477124183,3.06775874906925,5.45006170306356,6.84879559311109e-06,0.00129073138038371,0.00129073138038371,LRRC46/RPGRIP1L/TGFB3/RSPH4A/DRC1/DNAH7/DNAH5/DNAH3/IQUB/ERICH3/RSPH1/TEKT1/UBXN10/DNAI1/DNAH12/HYDIN/CCDC146/MNS1/DNAAF1/SPAG17,20,,,TRUE
robust_mrna_up,GO_BP,188,GO:0044458,motile cilium assembly,7/158,35/7416,0.2,9.3873417721519,7.33797789238836,7.1038099422889e-06,0.00129073138038371,0.00129073138038371,LRRC46/DNAH3/DNAH12/CCDC146/MNS1/DNAAF1/SPAG17,7,,,TRUE
robust_mrna_up,GO_BP,188,GO:0009887,animal organ morphogenesis,20/158,347/7416,0.0576368876080692,2.70528581330026,4.8001915142589,4.30898042645563e-05,0.00750301216756586,0.00750301216756586,RPGRIP1L/TGFB3/THY1/HAS2/COMP/COL1A2/SLC44A4/SFRP4/COL1A1/SIX4/PROM1/SIX1/ACTG2/STOX1/MMP13/DNAAF1/COL3A1/SULF1/ASPN/SFRP2,20,,,TRUE
robust_mrna_up,GO_BP,188,GO:0120316,sperm flagellum assembly,5/158,20/7416,0.25,11.7341772151899,7.09187295185434,4.93149515621455e-05,0.00824348730312824,0.00824348730312824,LRRC46/DNAH3/DNAH12/CCDC146/MNS1,5,,,TRUE
robust_mrna_up,GO_BP,188,GO:0007288,sperm axoneme assembly,4/158,11/7416,0.363636363636364,17.0678941311853,7.86807356701899,5.82553660653742e-05,0.00936342979950765,0.00936342979950765,DNAH3/DNAH12/CCDC146/MNS1,4,,,TRUE
robust_mrna_up,GO_BP,188,GO:0003351,epithelial cilium movement involved in extracellular fluid movement,4/158,13/7416,0.307692307692308,14.4420642648491,7.15664389873638,0.00012207748004963,0.0182200638974072,0.0182200638974072,ROPN1L/NEK10/DNAAF1/SPAG17,4,,,TRUE
robust_mrna_up,GO_BP,188,GO:0006858,extracellular transport,4/158,13/7416,0.307692307692308,14.4420642648491,7.15664389873638,0.00012207748004963,0.0182200638974072,0.0182200638974072,ROPN1L/NEK10/DNAAF1/SPAG17,4,,,TRUE
robust_mrna_up,GO_BP,188,GO:0070925,organelle assembly,22/158,436/7416,0.0504587155963303,2.36836604343282,4.34503681972563,0.000128467273716754,0.0185125771331833,0.0185125771331833,LRRC46/RPGRIP1L/RSPH4A/DRC1/DNAH7/DNAH5/DNAH3/IQUB/ERICH3/PLN/RSPH1/SIX4/TEKT1/UBXN10/DNAI1/DNAH12/MYH11/HYDIN/CCDC146/MNS1/DNAAF1/SPAG17,22,,,TRUE
robust_mrna_up,GO_BP,188,GO:0048609,multicellular organismal reproductive process,17/158,296/7416,0.0574324324324324,2.69568936024632,4.39266206056362,0.000175214874793783,0.024407432058774,0.024407432058774,LRRC46/TGFB3/HAS2/DNAH3/ROPN1L/ADGB/PLN/RSPH1/DNAH12/IGF1/CCDC146/TP63/ARMC3/TMEM232/MNS1/SPAG17/SPP1,17,,,TRUE
robust_mrna_up,GO_BP,188,GO:0003006,developmental process involved in reproduction,17/158,306/7416,0.0555555555555556,2.60759493670886,4.23719237195327,0.000260405373225282,0.0345404551969523,0.0345404551969523,LRRC46/DNAH3/ROPN1L/ADGB/PLN/RSPH1/SIX4/DNAH12/IGF1/CCDC146/TP63/ARMC3/TMEM232/MNS1/SULF1/SPAG17/SPP1,17,,,TRUE
robust_mrna_up,GO_BP,188,GO:0007283,spermatogenesis,13/158,196/7416,0.0663265306122449,3.11314905709119,4.4234916159832,0.000264487811989106,0.0345404551969523,0.0345404551969523,LRRC46/DNAH3/ROPN1L/ADGB/PLN/RSPH1/DNAH12/CCDC146/TP63/ARMC3/TMEM232/MNS1/SPAG17,13,,,TRUE
robust_mrna_up,GO_BP,188,GO:0030574,collagen catabolic process,5/158,29/7416,0.172413793103448,8.09253601047578,5.646016436997,0.00032350537206111,0.0409675439346478,0.0409675439346478,CTSK/MMP1/MMP7/FAP/MMP13,5,,,TRUE
robust_mrna_up,GO_BP,188,GO:0048232,male gamete generation,13/158,201/7416,0.0646766169154229,3.03570753825808,4.31688903241958,0.000338246238644906,0.0415744420969724,0.0415744420969724,LRRC46/DNAH3/ROPN1L/ADGB/PLN/RSPH1/DNAH12/CCDC146/TP63/ARMC3/TMEM232/MNS1/SPAG17,13,,,TRUE
robust_mrna_up,GO_CC,188,GO:0097729,9+2 motile cilium,28/178,108/7772,0.259259259259259,11.3200166458593,16.5339906133871,1.773485523708e-22,9.09798073662206e-20,9.09798073662206e-20,LRRC46/MORN5/RSPH4A/DNAH9/DRC1/SPAG6/DNAH7/AK7/DNAH5/DNAH6/DNAH3/ROPN1L/IQUB/RSPH10B2/ADGB/ENKUR/NEK5/RSPH1/TEKT1/DNAI1/DNAH12/HYDIN/EFHC2/CCDC146/TMEM232/MNS1/PACRG/DNAH10,28,,,TRUE
robust_mrna_up,GO_CC,188,GO:0005930,axoneme,27/178,108/7772,0.25,10.9157303370787,15.8862720811518,3.06054251690926e-21,5.23352770391483e-19,5.23352770391483e-19,RPGRIP1L/RSPH4A/DNAH9/DRC1/SPAG6/DNAH7/DNAH5/DNAH6/DNAH3/ROPN1L/IQUB/RSPH10B2/ERICH3/ENKUR/RSPH1/TEKT1/DNAI1/DNAH12/CCDC17/HYDIN/EFHC2/CCDC146/MNS1/PACRG/DNAAF1/DNAH10/SPAG17,27,,,TRUE
robust_mrna_up,GO_CC,188,GO:0097014,ciliary plasm,27/178,108/7772,0.25,10.9157303370787,15.8862720811518,3.06054251690926e-21,5.23352770391483e-19,5.23352770391483e-19,RPGRIP1L/RSPH4A/DNAH9/DRC1/SPAG6/DNAH7/DNAH5/DNAH6/DNAH3/ROPN1L/IQUB/RSPH10B2/ERICH3/ENKUR/RSPH1/TEKT1/DNAI1/DNAH12/CCDC17/HYDIN/EFHC2/CCDC146/MNS1/PACRG/DNAAF1/DNAH10/SPAG17,27,,,TRUE
robust_mrna_up,GO_CC,188,GO:0036126,sperm flagellum,26/178,102/7772,0.254901960784314,11.1297642652567,15.7657596683399,1.02649037435274e-20,1.31647390510739e-18,1.31647390510739e-18,LRRC46/MORN5/DNAH9/DRC1/SPAG6/DNAH7/AK7/DNAH6/DNAH3/ROPN1L/IQUB/RSPH10B2/ADGB/ENKUR/NEK5/RSPH1/TEKT1/DNAI1/DNAH12/HYDIN/EFHC2/CCDC146/TMEM232/MNS1/PACRG/DNAH10,26,,,TRUE
robust_mrna_up,GO_CC,188,GO:0031514,motile cilium,28/178,137/7772,0.204379562043796,8.92380874272123,14.3252729788056,1.9140818179859e-19,1.96384794525354e-17,1.96384794525354e-17,LRRC46/MORN5/RSPH4A/DNAH9/DRC1/SPAG6/DNAH7/AK7/DNAH5/DNAH6/DNAH3/ROPN1L/IQUB/RSPH10B2/ADGB/ENKUR/NEK5/RSPH1/TEKT1/DNAI1/DNAH12/HYDIN/EFHC2/CCDC146/TMEM232/MNS1/PACRG/DNAH10,28,,,TRUE
robust_mrna_up,GO_CC,188,GO:0005929,cilium,41/178,372/7772,0.110215053763441,4.81231122387338,11.5360496627098,8.80603093866828e-18,7.52915645256138e-16,7.52915645256138e-16,LRRC46/RPGRIP1L/MORN5/RSPH4A/DNAH9/DRC1/SPAG6/DNAH7/AK7/DNAH5/DNAH6/SNTN/DNAH3/ROPN1L/IQUB/CCDC170/RSPH10B2/ERICH3/ADGB/FANK1/ENKUR/NEK5/RSPH1/TEKT1/UBXN10/PROM1/DNAI1/DNAH12/CCDC17/WDR49/HYDIN/AGBL2/EFHC2/CCDC146/TMEM232/MNS1/PACRG/DNAAF1/STOML3/DNAH10/SPAG17,41,,,TRUE
robust_mrna_up,GO_CC,188,GO:0005858,axonemal dynein complex,8/178,13/7772,0.615384615384615,26.8694900605013,14.2912371972249,7.55573212518546e-11,5.53727225745734e-09,5.53727225745734e-09,DNAH9/DRC1/DNAH7/DNAH5/DNAH3/DNAI1/DNAH12/DNAH10,8,,,TRUE
robust_mrna_up,GO_CC,188,GO:0030286,dynein complex,9/178,24/7772,0.375,16.373595505618,11.5478045373945,1.37831921800295e-09,8.83847198544392e-08,8.83847198544392e-08,DNAH9/DRC1/DNAH7/DNAH5/DNAH6/DNAH3/DNAI1/DNAH12/DNAH10,9,,,TRUE
robust_mrna_up,GO_CC,188,GO:0030312,external encapsulating structure,28/178,350/7772,0.08,3.49303370786517,7.30659199897527,5.12021883612792e-09,2.91852473659291e-07,2.91852473659291e-07,COL14A1/TGFB3/MXRA5/CCDC80/CDH2/COMP/SPAG6/COL1A2/COL15A1/CPA3/COL6A3/COL1A1/MUC4/MMP1/COL17A1/HMCN1/MMP7/LTBP1/POSTN/MMP13/OGN/TNC/COL3A1/SULF1/ASPN/HPSE2/MUC5B/SFRP2,28,,,TRUE
robust_mrna_up,GO_CC,188,GO:0031012,extracellular matrix,27/178,347/7772,0.0778097982708934,3.39740310203024,6.99472638249402,1.80404423601021e-08,9.2547469307324e-07,9.2547469307324e-07,COL14A1/TGFB3/MXRA5/CCDC80/CDH2/COMP/COL1A2/COL15A1/CPA3/COL6A3/COL1A1/MUC4/MMP1/COL17A1/HMCN1/MMP7/LTBP1/POSTN/MMP13/OGN/TNC/COL3A1/SULF1/ASPN/HPSE2/MUC5B/SFRP2,27,,,TRUE
robust_mrna_up,GO_CC,188,GO:0005614,interstitial matrix,11/178,68/7772,0.161764705882353,7.06311962987442,7.68786265177253,3.2941571582196e-07,1.53627511106059e-05,1.53627511106059e-05,COL14A1/CCDC80/COMP/COL1A2/COL6A3/COL1A1/LTBP1/OGN/TNC/COL3A1/ASPN,11,,,TRUE
robust_mrna_up,GO_CC,188,GO:0005875,microtubule associated complex,10/178,59/7772,0.169491525423729,7.40049514378214,7.55511486864142,7.33579414562623e-07,3.08695481257714e-05,3.08695481257714e-05,DNAH9/DRC1/DNAH7/DNAH5/DNAH6/DNAH3/DNAI1/MAP1A/DNAH12/DNAH10,10,,,TRUE
robust_mrna_up,GO_CC,188,GO:0005788,endoplasmic reticulum lumen,17/178,182/7772,0.0934065934065934,4.07840474132609,6.43359450067191,7.82269250750544e-07,3.08695481257714e-05,3.08695481257714e-05,COL14A1/CDH2/COL1A2/GPX8/UGT1A1/COL15A1/COL6A3/CP/SERPIND1/COL1A1/GOLM1/COL17A1/LTBP1/TNC/COL3A1/SLC27A2/SPP1,17,,,TRUE
robust_mrna_up,GO_CC,188,GO:0099081,supramolecular polymer,28/178,485/7772,0.0577319587628866,2.52074597474806,5.29500432741549,4.61320219564294e-06,0.000157771515090989,0.000157771515090989,DCDC1/DNAH9/SPAG6/DNAH7/DNAH5/DNAH6/DNAH3/COL6A3/ANK2/ENKUR/RSPH1/TEKT1/DNAI1/KRT5/MAP1A/DNAH12/ACTG2/MYH11/EFHC2/LTBP1/TMEM232/MNS1/PACRG/SYNPO2/KRT15/DNAH10/SPAG17/DES,28,,,TRUE
robust_mrna_up,GO_CC,188,GO:0099512,supramolecular fiber,28/178,485/7772,0.0577319587628866,2.52074597474806,5.29500432741549,4.61320219564294e-06,0.000157771515090989,0.000157771515090989,DCDC1/DNAH9/SPAG6/DNAH7/DNAH5/DNAH6/DNAH3/COL6A3/ANK2/ENKUR/RSPH1/TEKT1/DNAI1/KRT5/MAP1A/DNAH12/ACTG2/MYH11/EFHC2/LTBP1/TMEM232/MNS1/PACRG/SYNPO2/KRT15/DNAH10/SPAG17/DES,28,,,TRUE
robust_mrna_up,GO_CC,188,GO:0005874,microtubule,17/178,219/7772,0.0776255707762557,3.38935919142168,5.4910691928462,9.92892800525835e-06,0.000318346254168596,0.000318346254168596,DCDC1/DNAH9/SPAG6/DNAH7/DNAH5/DNAH6/DNAH3/ENKUR/TEKT1/DNAI1/MAP1A/DNAH12/EFHC2/MNS1/PACRG/DNAH10/SPAG17,17,,,TRUE
robust_mrna_up,GO_CC,188,GO:0097545,axonemal doublet microtubule,5/178,15/7772,0.333333333333333,14.5543071161049,8.04431771140268,1.48503292893747e-05,0.000400958890813117,0.000400958890813117,ENKUR/TEKT1/EFHC2/MNS1/PACRG,5,,,TRUE
robust_mrna_up,GO_CC,188,GO:0097649,A axonemal microtubule,5/178,15/7772,0.333333333333333,14.5543071161049,8.04431771140268,1.48503292893747e-05,0.000400958890813117,0.000400958890813117,ENKUR/TEKT1/EFHC2/MNS1/PACRG,5,,,TRUE
robust_mrna_up,GO_CC,188,GO:0160110,axonemal microtubule doublet inner sheath,5/178,15/7772,0.333333333333333,14.5543071161049,8.04431771140268,1.48503292893747e-05,0.000400958890813117,0.000400958890813117,ENKUR/TEKT1/EFHC2/MNS1/PACRG,5,,,TRUE
robust_mrna_up,GO_CC,188,GO:0099513,polymeric cytoskeletal fiber,22/178,358/7772,0.0614525139664804,2.68319628397464,4.99186860468548,2.07378017265823e-05,0.000509617854586867,0.000509617854586867,DCDC1/DNAH9/SPAG6/DNAH7/DNAH5/DNAH6/DNAH3/ENKUR/RSPH1/TEKT1/DNAI1/KRT5/MAP1A/DNAH12/EFHC2/TMEM232/MNS1/PACRG/KRT15/DNAH10/SPAG17/DES,22,,,TRUE
robust_mrna_up,GO_CC,188,GO:0005581,collagen trimer,6/178,26/7772,0.230769230769231,10.076058772688,7.09673169800215,2.08615496029712e-05,0.000509617854586867,0.000509617854586867,COL14A1/COL1A2/COL15A1/COL6A3/COL1A1/COL3A1,6,,,TRUE
robust_mrna_up,GO_CC,188,GO:0097225,sperm midpiece,6/178,30/7772,0.2,8.73258426966292,6.49638664296059,4.98579039430518e-05,0.00116259566921752,0.00116259566921753,LRRC46/SPAG6/DNAH7/ADGB/ENKUR/PACRG,6,,,TRUE
robust_mrna_up,GO_CC,188,GO:0005879,axonemal microtubule,5/178,20/7772,0.25,10.9157303370787,6.79744938530539,6.98487572830135e-05,0.00155793097766026,0.00155793097766026,ENKUR/TEKT1/EFHC2/MNS1/PACRG,5,,,TRUE
robust_mrna_up,GO_CC,188,GO:0140151,solid phase of interstitial matrix,7/178,47/7772,0.148936170212766,6.5029882859192,5.79310543133452,8.52156847168821e-05,0.00182148526082335,0.00182148526082335,COL14A1/COMP/COL1A2/COL6A3/COL1A1/LTBP1/COL3A1,7,,,TRUE
robust_mrna_up,GO_CC,188,GO:0140152,collagenous component of interstitial matrix,4/178,12/7772,0.333333333333333,14.5543071161049,7.19366556267224,0.000114044915216251,0.00234020166023747,0.00234020166023747,COL14A1/COL1A2/COL1A1/COL3A1,4,,,TRUE
robust_mrna_up,GO_CC,188,GO:0098644,complex of collagen trimers,5/178,23/7772,0.217391304347826,9.49193942354665,6.24397469464565,0.000143368298895162,0.00282876682050839,0.00282876682050839,COL14A1/COL1A2/COL6A3/COL1A1/COL3A1,5,,,TRUE
robust_mrna_up,GO_CC,188,GO:0097229,sperm end piece,4/178,16/7772,0.25,10.9157303370787,6.07825558450851,0.000390239585984339,0.00741455213370243,0.00741455213370243,DNAH9/SPAG6/MNS1/PACRG,4,,,TRUE
robust_mrna_up,GO_CC,188,GO:0097228,sperm principal piece,5/178,31/7772,0.161290322580645,7.042406669083,5.16066209231228,0.000624094437128577,0.0114343016516771,0.0114343016516771,SPAG6/AK7/ENKUR/PACRG/DNAH10,5,,,TRUE
robust_mrna_up,GO_MF,188,GO:0005201,extracellular matrix structural constituent,17/170,126/7472,0.134920634920635,5.93015873015873,8.51556811335105,2.83648546708967e-09,1.68163194829214e-06,1.68163194829214e-06,COL14A1/MXRA5/COMP/COL1A2/COL15A1/COL6A3/COL1A1/MUC4/COL17A1/HMCN1/LTBP1/POSTN/OGN/TNC/COL3A1/ASPN/MUC5B,17,,,TRUE
robust_mrna_up,GO_MF,188,GO:0008569,minus-end-directed microtubule motor activity,7/170,13/7472,0.538461538461538,23.6669683257919,12.4800902198361,4.26810139160442e-09,1.68163194829214e-06,1.68163194829214e-06,DNAH9/DNAH7/DNAH5/DNAH6/DNAH3/DNAH12/DNAH10,7,,,TRUE
robust_mrna_up,GO_MF,188,GO:0051959,dynein light intermediate chain binding,7/170,18/7472,0.388888888888889,17.0928104575163,10.4295691783703,7.18867581257591e-08,1.88822551343661e-05,1.88822551343661e-05,DNAH9/DNAH7/DNAH5/DNAH6/DNAH3/DNAH12/DNAH10,7,,,TRUE
robust_mrna_up,GO_MF,188,GO:0045505,dynein intermediate chain binding,7/170,19/7472,0.368421052631579,16.1931888544892,10.1170312319373,1.11650762128373e-07,2.19952001392894e-05,2.19952001392894e-05,DNAH9/DNAH7/DNAH5/DNAH6/DNAH3/DNAH12/DNAH10,7,,,TRUE
robust_mrna_up,GO_MF,188,GO:0005198,structural molecule activity,25/170,350/7472,0.0714285714285714,3.13949579831933,6.2551451228189,2.86116107157514e-07,4.50918984880242e-05,4.50918984880242e-05,COL14A1/MXRA5/COMP/COL1A2/COL15A1/COL6A3/ANK2/COL1A1/CLDN1/KRT5/MUC4/MAP1A/COL17A1/HMCN1/ACTG2/MYH11/LTBP1/POSTN/OGN/TNC/COL3A1/ASPN/KRT15/MUC5B/DES,25,,,TRUE
robust_mrna_up,GO_MF,188,GO:0030020,extracellular matrix structural constituent conferring tensile strength,7/170,27/7472,0.259259259259259,11.3952069716776,8.2561121991105,1.68713061062877e-06,0.000221576486862579,0.000221576486862579,COL14A1/COL1A2/COL15A1/COL6A3/COL1A1/COL17A1/COL3A1,7,,,TRUE
robust_mrna_up,GO_MF,188,GO:0003774,cytoskeletal motor activity,9/170,60/7472,0.15,6.59294117647059,6.63653036979065,7.21353034132417e-06,0.000812037415566207,0.000812037415566207,DNAH9/DNAH7/DNAH5/DNAH6/DNAH3/DNAI1/DNAH12/MYH11/DNAH10,9,,,TRUE
robust_mrna_up,GO_MF,188,GO:0003777,microtubule motor activity,7/170,37/7472,0.189189189189189,8.3154213036566,6.80601078411513,1.61441104633641e-05,0.00159019488064136,0.00159019488064136,DNAH9/DNAH7/DNAH5/DNAH6/DNAH3/DNAH12/DNAH10,7,,,TRUE
robust_mrna_up,GO_MF,188,GO:0005509,calcium ion binding,21/170,368/7472,0.0570652173913044,2.50818414322251,4.52709614418379,8.46788874440071e-05,0.00724186611616972,0.00724186611616972,PCDH7/CDH2/COMP/CDH3/DNAH7/SNTN/DSC3/EFCAB10/CAPS/HMCN1/CDHR3/NELL2/WDR49/EFHC2/LTBP1/PAMR1/MMP13/CAPSL/SULF1/ASPN/SPP1,21,,,TRUE
robust_mrna_up,GO_MF,188,GO:0005178,integrin binding,10/170,101/7472,0.099009900990099,4.351776354106,5.17446470156307,9.19018542661133e-05,0.00724186611616972,0.00724186611616972,THY1/COMP/VCAM1/ITGB8/IGF1/FAP/TNC/COL3A1/SPP1/SFRP2,10,,,TRUE
robust_mrna_up,GO_MF,188,GO:0120544,polypeptide conformation or assembly isomerase activity,8/170,65/7472,0.123076923076923,5.409592760181,5.44787210460066,0.000101831859126286,0.00729486409013758,0.00729486409013758,DNAH9/DNAH7/DNAH5/DNAH6/DNAH3/DNAH12/MYH11/DNAH10,8,,,TRUE
robust_mrna_up,GO_MF,188,GO:0043394,proteoglycan binding,5/170,26/7472,0.192307692307692,8.45248868778281,5.80790358414983,0.000256566044658078,0.0168478369325471,0.0168478369325471,COMP/CTSK/CFH/TNC/HPSE2,5,,,TRUE
robust_mrna_up,GO_MF,188,GO:0050839,cell adhesion molecule binding,18/170,332/7472,0.0542168674698795,2.38299078667612,3.9330741793136,0.000519963426688045,0.0315177830946292,0.0315177830946292,PCDH7/THY1/CDH2/COMP/CDH3/VCAM1/ITGB8/PROM1/HMCN1/CDHR3/IGF1/FAP/POSTN/TRIM29/TNC/COL3A1/SPP1/SFRP2,18,,,TRUE
robust_mrna_up,KEGG,188,hsa04814,Motor proteins,10/90,84/3831,0.119047619047619,5.06746031746032,5.84585324663633,2.04747491258098e-05,0.00681809145889468,0.00681809145889468,1770/56171/1767/1768/55567/27019/201625/72/4629/196385,10,Cellular Processes,Cell motility,TRUE
robust_mrna_up,KEGG,188,hsa04974,Protein digestion and absorption,8/90,57/3831,0.140350877192982,5.97426900584795,5.86803283781639,4.36812787480259e-05,0.00727293291154631,0.00727293291154631,7373/1278/1306/1359/1293/1277/1308/1281,8,Organismal Systems,Digestive system,TRUE
robust_mrna_up,KEGG,188,hsa04820,Cytoskeleton in muscle cells,12/90,141/3831,0.0851063829787234,3.62269503546099,4.92119931654961,8.97044874909972e-05,0.00995719811150069,0.00995719811150069,1311/1278/3696/1293/270/287/1277/72/4629/171024/1281/1674,12,Cellular Processes,Cell motility,TRUE
robust_mrna_up,Reactome,188,R-HSA-1442490,Collagen degradation,11/92,44/4964,0.25,13.4891304347826,11.433742301094,2.23993252900466e-10,2.5916019360584e-07,2.5916019360584e-07,COL14A1/COL1A2/COL15A1/CTSK/COL6A3/COL1A1/MMP1/COL17A1/MMP7/MMP13/COL3A1,11,,,TRUE
robust_mrna_up,Reactome,188,R-HSA-1474244,Extracellular matrix organization,21/92,232/4964,0.0905172413793103,4.88399550224888,8.32554656625349,7.00710620430035e-10,4.05361093918775e-07,4.05361093918775e-07,COL14A1/TGFB3/COMP/VCAM1/COL1A2/ITGB8/COL15A1/CTSK/COL6A3/COL1A1/MMP1/COL17A1/ACTG2/MMP7/LTBP1/MMP13/TNC/COL3A1/ASPN/CAPN13/SPP1,21,,,TRUE
robust_mrna_up,Reactome,188,R-HSA-1474228,Degradation of the extracellular matrix,13/92,94/4964,0.138297872340426,7.46207215541166,8.69127838341174,1.13669507377064e-08,4.38385400117544e-06,4.38385400117544e-06,COL14A1/COL1A2/COL15A1/CTSK/COL6A3/COL1A1/MMP1/COL17A1/MMP7/MMP13/COL3A1/CAPN13/SPP1,13,,,TRUE
robust_mrna_up,Reactome,188,R-HSA-2022090,Assembly of collagen fibrils and other multimeric structures,9/92,48/4964,0.1875,10.116847826087,8.72111069396908,1.60873639242219e-07,4.65327001508119e-05,4.65327001508119e-05,COL14A1/COL1A2/COL15A1/COL6A3/COL1A1/COL17A1/MMP7/MMP13/COL3A1,9,,,TRUE
robust_mrna_up,Reactome,188,R-HSA-8948216,Collagen chain trimerization,7/92,27/4964,0.259259259259259,13.9887278582931,9.29885225401113,3.91903859389937e-07,9.06865530628315e-05,9.06865530628315e-05,COL14A1/COL1A2/COL15A1/COL6A3/COL1A1/COL17A1/COL3A1,7,,,TRUE
robust_mrna_up,Reactome,188,R-HSA-216083,Integrin cell surface interactions,9/92,63/4964,0.142857142857143,7.70807453416149,7.36271880585819,1.80734235301919e-06,0.000342365587883228,0.000342365587883228,COMP/VCAM1/COL1A2/ITGB8/COL6A3/COL1A1/TNC/COL3A1/SPP1,9,,,TRUE
robust_mrna_up,Reactome,188,R-HSA-1474290,Collagen formation,9/92,64/4964,0.140625,7.58763586956522,7.28842927811544,2.07135619289766e-06,0.000342365587883228,0.000342365587883228,COL14A1/COL1A2/COL15A1/COL6A3/COL1A1/COL17A1/MMP7/MMP13/COL3A1,9,,,TRUE
robust_mrna_up,Reactome,188,R-HSA-381426,Regulation of Insulin-like Growth Factor (IGF) transport and uptake by Insulin-like Growth Factor Binding Proteins (IGFBPs),9/92,72/4964,0.125,6.74456521739131,6.7467186515391,5.66831447174194e-06,0.000819779980475677,0.000819779980475677,CDH2/CP/SERPIND1/GOLM1/MMP1/IGF1/LTBP1/TNC/SPP1,9,,,TRUE
robust_mrna_up,Reactome,188,R-HSA-3000178,ECM proteoglycans,8/92,57/4964,0.140350877192982,7.57284515636918,6.85796416657066,8.04266638093052e-06,0.00103392944474851,0.00103392944474851,TGFB3/COMP/COL1A2/COL6A3/COL1A1/TNC/COL3A1/ASPN,8,,,TRUE
robust_mrna_up,Reactome,188,R-HSA-1650814,Collagen biosynthesis and modifying enzymes,7/92,44/4964,0.159090909090909,8.58399209486166,6.9431103853862,1.30859039557537e-05,0.00151403908768071,0.00151403908768071,COL14A1/COL1A2/COL15A1/COL6A3/COL1A1/COL17A1/COL3A1,7,,,TRUE
robust_mrna_up,Reactome,188,R-HSA-9734767,Developmental Cell Lineages,9/92,97/4964,0.0927835051546392,5.00627521290901,5.47530587115231,6.50841103501327e-05,0.00684566506137305,0.00684566506137305,COL1A2/COL1A1/PROM1/KRT5/MYH11/TP63/COL3A1/KRT15/CD24,9,,,TRUE
robust_mrna_up,Reactome,188,R-HSA-8957275,Post-translational protein phosphorylation,7/92,60/4964,0.116666666666667,6.29492753623188,5.66986641539108,0.000103639816430551,0.00999260563417898,0.00999260563417898,CDH2/CP/SERPIND1/GOLM1/LTBP1/TNC/SPP1,7,,,TRUE
robust_mrna_down,GO_MF,63,GO:0016799,"hydrolase activity, hydrolyzing N-glycosyl compounds",3/59,11/7472,0.272727272727273,34.5392912172573,9.93047624855509,7.37783573502063e-05,0.0385407583424299,0.0385407583424299,IL1RL1/IL18RAP/IL18R1,3,,,TRUE
robust_mrna_down,GO_MF,63,GO:0070412,R-SMAD binding,3/59,12/7472,0.25,31.6610169491525,9.48257177157081,9.78191836102282e-05,0.0385407583424299,0.0385407583424299,SMAD6/RGCC/ANKRD1,3,,,TRUE
