stringId_A,stringId_B,preferredName_A,preferredName_B,ncbiTaxonId,score,nscore,fscore,pscore,ascore,escore,dscore,tscore,gene_set,score_label,combined_score
9606.ENSP00000225964,9606.ENSP00000297268,COL1A1,COL1A2,9606,0.999,0,0.0,0.061,0.964,0.649,0.9,0.981,robust_mrna_strict,high_confidence,0.999
9606.ENSP00000264260,9606.ENSP00000387211,IL18RAP,IL18R1,9606,0.999,0,0.0,0.0,0.78,0.9,0.9,0.987,robust_mrna_strict,high_confidence,0.999
9606.ENSP00000225964,9606.ENSP00000304408,COL1A1,COL3A1,9606,0.999,0,0.0,0.065,0.958,0.0,0.9,0.965,robust_mrna_strict,high_confidence,0.999
9606.ENSP00000297268,9606.ENSP00000304408,COL1A2,COL3A1,9606,0.999,0,0.0,0.076,0.999,0.229,0.9,0.966,robust_mrna_strict,high_confidence,0.999
9606.ENSP00000357726,9606.ENSP00000364210,S100A12,AGER,9606,0.999,0,0.0,0.0,0.106,0.41,0.5,0.997,robust_mrna_strict,high_confidence,0.999
9606.ENSP00000225844,9606.ENSP00000337065,CCL13,CXCL14,9606,0.996,0,0.0,0.0,0.068,0.994,0.0,0.37,robust_mrna_strict,high_confidence,0.996
9606.ENSP00000265104,9606.ENSP00000480538,DNAH5,DNAI1,9606,0.995,0,0.0,0.231,0.134,0.263,0.54,0.983,robust_mrna_strict,high_confidence,0.995
9606.ENSP00000357721,9606.ENSP00000357726,S100A8,S100A12,9606,0.995,0,0.0,0.0,0.988,0.046,0.0,0.591,robust_mrna_strict,high_confidence,0.995
9606.ENSP00000379616,9606.ENSP00000386857,MYH11,ACTG2,9606,0.993,0,0.0,0.0,0.776,0.238,0.9,0.67,robust_mrna_strict,high_confidence,0.993
9606.ENSP00000229554,9606.ENSP00000291536,RSPH4A,RSPH1,9606,0.99,0,0.0,0.0,0.222,0.828,0.0,0.932,robust_mrna_strict,high_confidence,0.99
9606.ENSP00000350132,9606.ENSP00000435380,PLN,SLN,9606,0.986,0,0.0,0.0,0.179,0.51,0.0,0.969,robust_mrna_strict,high_confidence,0.986
9606.ENSP00000238682,9606.ENSP00000386043,TGFB3,LTBP1,9606,0.984,0,0.0,0.0,0.094,0.045,0.9,0.846,robust_mrna_strict,high_confidence,0.984
9606.ENSP00000312554,9606.ENSP00000374045,DNAH12,DNAH6,9606,0.981,0,0.213,0.0,0.294,0.0,0.36,0.953,robust_mrna_strict,high_confidence,0.981
9606.ENSP00000304408,9606.ENSP00000369071,COL3A1,POSTN,9606,0.976,0,0.0,0.0,0.791,0.076,0.0,0.886,robust_mrna_strict,high_confidence,0.976
9606.ENSP00000225964,9606.ENSP00000295550,COL1A1,COL6A3,9606,0.974,0,0.0,0.0,0.685,0.0,0.4,0.875,robust_mrna_strict,high_confidence,0.974
9606.ENSP00000229554,9606.ENSP00000480538,RSPH4A,DNAI1,9606,0.972,0,0.0,0.0,0.477,0.0,0.0,0.95,robust_mrna_strict,high_confidence,0.972
9606.ENSP00000381008,9606.ENSP00000417498,MUC16,MUC4,9606,0.969,0,0.0,0.0,0.142,0.091,0.5,0.93,robust_mrna_strict,high_confidence,0.969
9606.ENSP00000295550,9606.ENSP00000297268,COL6A3,COL1A2,9606,0.968,0,0.0,0.0,0.789,0.0,0.4,0.772,robust_mrna_strict,high_confidence,0.968
9606.ENSP00000238682,9606.ENSP00000373574,TGFB3,ACVRL1,9606,0.966,0,0.0,0.0,0.084,0.354,0.9,0.503,robust_mrna_strict,high_confidence,0.966
9606.ENSP00000229554,9606.ENSP00000265104,RSPH4A,DNAH5,9606,0.964,0,0.0,0.0,0.247,0.0,0.0,0.955,robust_mrna_strict,high_confidence,0.964
9606.ENSP00000265104,9606.ENSP00000367815,DNAH5,DNAAF1,9606,0.964,0,0.0,0.0,0.08,0.093,0.0,0.96,robust_mrna_strict,high_confidence,0.964
9606.ENSP00000306410,9606.ENSP00000478589,ARMC4,TTC25,9606,0.96,0,0.0,0.32,0.085,0.507,0.0,0.885,robust_mrna_strict,high_confidence,0.96
9606.ENSP00000295550,9606.ENSP00000304408,COL6A3,COL3A1,9606,0.952,0,0.0,0.0,0.613,0.0,0.4,0.812,robust_mrna_strict,high_confidence,0.952
9606.ENSP00000339449,9606.ENSP00000381553,CFAP52,CFAP53,9606,0.947,0,0.0,0.0,0.262,0.821,0.0,0.634,robust_mrna_strict,high_confidence,0.947
9606.ENSP00000265104,9606.ENSP00000312554,DNAH5,DNAH12,9606,0.947,0,0.153,0.0,0.151,0.0,0.54,0.86,robust_mrna_strict,high_confidence,0.947
9606.ENSP00000367815,9606.ENSP00000480538,DNAAF1,DNAI1,9606,0.946,0,0.0,0.0,0.149,0.062,0.0,0.938,robust_mrna_strict,high_confidence,0.946
9606.ENSP00000331044,9606.ENSP00000337946,ENKUR,PACRG,9606,0.945,0,0.0,0.0,0.147,0.88,0.0,0.509,robust_mrna_strict,high_confidence,0.945
9606.ENSP00000337946,9606.ENSP00000404232,PACRG,EFHC2,9606,0.943,0,0.0,0.282,0.121,0.89,0.0,0.279,robust_mrna_strict,high_confidence,0.943
9606.ENSP00000229554,9606.ENSP00000367815,RSPH4A,DNAAF1,9606,0.943,0,0.0,0.0,0.095,0.0,0.0,0.94,robust_mrna_strict,high_confidence,0.943
9606.ENSP00000260227,9606.ENSP00000378517,MMP7,SPP1,9606,0.941,0,0.0,0.0,0.149,0.0,0.75,0.745,robust_mrna_strict,high_confidence,0.941
9606.ENSP00000293761,9606.ENSP00000373477,ALOX15,GPX3,9606,0.933,0,0.0,0.0,0.064,0.045,0.9,0.348,robust_mrna_strict,high_confidence,0.933
9606.ENSP00000262442,9606.ENSP00000480538,DNAH9,DNAI1,9606,0.931,0,0.0,0.211,0.289,0.263,0.36,0.779,robust_mrna_strict,high_confidence,0.931
9606.ENSP00000264731,9606.ENSP00000323588,TP63,SOX2,9606,0.93,0,0.0,0.0,0.072,0.166,0.0,0.918,robust_mrna_strict,high_confidence,0.93
9606.ENSP00000293761,9606.ENSP00000423822,ALOX15,GPX8,9606,0.929,0,0.0,0.0,0.0,0.045,0.9,0.325,robust_mrna_strict,high_confidence,0.929
9606.ENSP00000373477,9606.ENSP00000423822,GPX3,GPX8,9606,0.929,0,0.0,0.192,0.043,0.0,0.9,0.196,robust_mrna_strict,high_confidence,0.929
9606.ENSP00000311273,9606.ENSP00000480538,DNAH7,DNAI1,9606,0.928,0,0.0,0.217,0.386,0.263,0.54,0.626,robust_mrna_strict,high_confidence,0.928
9606.ENSP00000331044,9606.ENSP00000404232,ENKUR,EFHC2,9606,0.926,0,0.0,0.0,0.269,0.88,0.0,0.231,robust_mrna_strict,high_confidence,0.926
9606.ENSP00000337804,9606.ENSP00000365811,SPAG17,SPAG6,9606,0.925,0,0.0,0.0,0.149,0.294,0.0,0.885,robust_mrna_strict,high_confidence,0.925
9606.ENSP00000339449,9606.ENSP00000341346,CFAP52,TEKT1,9606,0.924,0,0.0,0.0,0.566,0.817,0.0,0.115,robust_mrna_strict,high_confidence,0.924
9606.ENSP00000297268,9606.ENSP00000369071,COL1A2,POSTN,9606,0.918,0,0.0,0.0,0.522,0.099,0.0,0.826,robust_mrna_strict,high_confidence,0.918
9606.ENSP00000364694,9606.ENSP00000364711,ASPN,OGN,9606,0.916,0,0.014,0.0,0.791,0.0,0.0,0.614,robust_mrna_strict,high_confidence,0.916
9606.ENSP00000261383,9606.ENSP00000311273,DNAH3,DNAH7,9606,0.909,0,0.0,0.065,0.081,0.0,0.9,0.071,robust_mrna_strict,high_confidence,0.909
9606.ENSP00000311343,9606.ENSP00000481699,WDR49,SERPINI2,9606,0.903,0,0.225,0.0,0.763,0.0,0.0,0.513,robust_mrna_strict,high_confidence,0.903
9606.ENSP00000225964,9606.ENSP00000369071,COL1A1,POSTN,9606,0.903,0,0.0,0.0,0.555,0.076,0.0,0.783,robust_mrna_strict,high_confidence,0.903
9606.ENSP00000260453,9606.ENSP00000381553,MNS1,CFAP53,9606,0.902,0,0.0,0.0,0.076,0.821,0.0,0.455,robust_mrna_strict,high_confidence,0.902
9606.ENSP00000341346,9606.ENSP00000404232,TEKT1,EFHC2,9606,0.897,0,0.0,0.0,0.169,0.817,0.0,0.374,robust_mrna_strict,high_confidence,0.897
9606.ENSP00000331044,9606.ENSP00000339449,ENKUR,CFAP52,9606,0.896,0,0.0,0.0,0.288,0.816,0.0,0.27,robust_mrna_strict,high_confidence,0.896
9606.ENSP00000337946,9606.ENSP00000339449,PACRG,CFAP52,9606,0.893,0,0.0,0.0,0.157,0.824,0.0,0.34,robust_mrna_strict,high_confidence,0.893
9606.ENSP00000426809,9606.ENSP00000481841,PROM1,CD24,9606,0.89,0,0.0,0.0,0.149,0.0,0.0,0.877,robust_mrna_strict,high_confidence,0.89
9606.ENSP00000341346,9606.ENSP00000358965,TEKT1,C1ORF194,9606,0.886,0,0.0,0.0,0.401,0.817,0.0,0.0,robust_mrna_strict,high_confidence,0.886
9606.ENSP00000341346,9606.ENSP00000366402,TEKT1,C9ORF135,9606,0.886,0,0.0,0.0,0.232,0.817,0.0,0.254,robust_mrna_strict,high_confidence,0.886
9606.ENSP00000264012,9606.ENSP00000269141,CDH3,CDH2,9606,0.885,0,0.0,0.06,0.043,0.0,0.54,0.755,robust_mrna_strict,high_confidence,0.885
9606.ENSP00000341346,9606.ENSP00000391504,TEKT1,CCDC173,9606,0.884,0,0.0,0.0,0.393,0.817,0.0,0.0,robust_mrna_strict,high_confidence,0.884
9606.ENSP00000253354,9606.ENSP00000346251,BPIFB1,BPIFA1,9606,0.883,0,0.189,0.0,0.618,0.0,0.4,0.447,robust_mrna_strict,high_confidence,0.883
9606.ENSP00000267845,9606.ENSP00000296046,HDC,CPA3,9606,0.883,0,0.0,0.0,0.782,0.0,0.0,0.487,robust_mrna_strict,high_confidence,0.883
9606.ENSP00000312554,9606.ENSP00000480538,DNAH12,DNAI1,9606,0.883,0,0.0,0.0,0.293,0.263,0.54,0.571,robust_mrna_strict,high_confidence,0.883
9606.ENSP00000381553,9606.ENSP00000404232,CFAP53,EFHC2,9606,0.88,0,0.0,0.0,0.085,0.821,0.0,0.329,robust_mrna_strict,high_confidence,0.88
9606.ENSP00000260227,9606.ENSP00000322788,MMP7,MMP1,9606,0.878,0,0.0,0.079,0.149,0.0,0.5,0.727,robust_mrna_strict,high_confidence,0.878
9606.ENSP00000261383,9606.ENSP00000480538,DNAH3,DNAI1,9606,0.876,0,0.0,0.208,0.283,0.263,0.54,0.455,robust_mrna_strict,high_confidence,0.876
9606.ENSP00000323588,9606.ENSP00000426809,SOX2,PROM1,9606,0.876,0,0.0,0.0,0.078,0.0,0.0,0.871,robust_mrna_strict,high_confidence,0.876
9606.ENSP00000265104,9606.ENSP00000294664,DNAH5,WDR63,9606,0.873,0,0.0,0.0,0.104,0.263,0.72,0.395,robust_mrna_strict,high_confidence,0.873
9606.ENSP00000358965,9606.ENSP00000391504,C1ORF194,CCDC173,9606,0.872,0,0.0,0.0,0.33,0.817,0.0,0.0,robust_mrna_strict,high_confidence,0.872
9606.ENSP00000339449,9606.ENSP00000358965,CFAP52,C1ORF194,9606,0.871,0,0.0,0.0,0.304,0.822,0.0,0.0,robust_mrna_strict,high_confidence,0.871
9606.ENSP00000335620,9606.ENSP00000373477,GSTA1,GPX3,9606,0.871,0,0.0,0.0,0.083,0.0,0.65,0.631,robust_mrna_strict,high_confidence,0.871
9606.ENSP00000225844,9606.ENSP00000286758,CCL13,CXCL13,9606,0.867,0,0.0,0.0,0.124,0.0,0.5,0.721,robust_mrna_strict,high_confidence,0.867
9606.ENSP00000381008,9606.ENSP00000436812,MUC16,MUC5B,9606,0.867,0,0.0,0.0,0.136,0.045,0.5,0.717,robust_mrna_strict,high_confidence,0.867
9606.ENSP00000260453,9606.ENSP00000341346,MNS1,TEKT1,9606,0.866,0,0.0,0.0,0.113,0.817,0.0,0.24,robust_mrna_strict,high_confidence,0.866
9606.ENSP00000260453,9606.ENSP00000404232,MNS1,EFHC2,9606,0.863,0,0.0,0.0,0.061,0.819,0.0,0.257,robust_mrna_strict,high_confidence,0.863
9606.ENSP00000252242,9606.ENSP00000264731,KRT5,TP63,9606,0.861,0,0.0,0.0,0.482,0.292,0.0,0.653,robust_mrna_strict,high_confidence,0.861
9606.ENSP00000265104,9606.ENSP00000306410,DNAH5,ARMC4,9606,0.858,0,0.0,0.0,0.168,0.0,0.0,0.836,robust_mrna_strict,high_confidence,0.858
9606.ENSP00000331044,9606.ENSP00000358965,ENKUR,C1ORF194,9606,0.857,0,0.0,0.0,0.317,0.8,0.0,0.0,robust_mrna_strict,high_confidence,0.857
9606.ENSP00000339449,9606.ENSP00000404232,CFAP52,EFHC2,9606,0.853,0,0.0,0.0,0.17,0.821,0.0,0.09,robust_mrna_strict,high_confidence,0.853
9606.ENSP00000339449,9606.ENSP00000391504,CFAP52,CCDC173,9606,0.852,0,0.0,0.0,0.224,0.817,0.0,0.0,robust_mrna_strict,high_confidence,0.852
9606.ENSP00000381553,9606.ENSP00000391504,CFAP53,CCDC173,9606,0.851,0,0.0,0.0,0.201,0.821,0.0,0.0,robust_mrna_strict,high_confidence,0.851
9606.ENSP00000358965,9606.ENSP00000381553,C1ORF194,CFAP53,9606,0.85,0,0.0,0.0,0.195,0.821,0.0,0.0,robust_mrna_strict,high_confidence,0.85
9606.ENSP00000341346,9606.ENSP00000381553,TEKT1,CFAP53,9606,0.849,0,0.0,0.0,0.139,0.821,0.0,0.1,robust_mrna_strict,high_confidence,0.849
9606.ENSP00000260453,9606.ENSP00000337946,MNS1,PACRG,9606,0.849,0,0.0,0.0,0.064,0.821,0.0,0.171,robust_mrna_strict,high_confidence,0.849
9606.ENSP00000339449,9606.ENSP00000366402,CFAP52,C9ORF135,9606,0.848,0,0.0,0.0,0.179,0.822,0.0,0.0,robust_mrna_strict,high_confidence,0.848
9606.ENSP00000358965,9606.ENSP00000366402,C1ORF194,C9ORF135,9606,0.847,0,0.0,0.0,0.194,0.817,0.0,0.0,robust_mrna_strict,high_confidence,0.847
9606.ENSP00000337946,9606.ENSP00000341346,PACRG,TEKT1,9606,0.846,0,0.0,0.0,0.188,0.817,0.0,0.0,robust_mrna_strict,high_confidence,0.846
9606.ENSP00000294664,9606.ENSP00000311273,WDR63,DNAH7,9606,0.846,0,0.0,0.207,0.09,0.263,0.72,0.128,robust_mrna_strict,high_confidence,0.846
9606.ENSP00000337946,9606.ENSP00000358965,PACRG,C1ORF194,9606,0.846,0,0.0,0.0,0.177,0.821,0.0,0.0,robust_mrna_strict,high_confidence,0.846
9606.ENSP00000374045,9606.ENSP00000480538,DNAH6,DNAI1,9606,0.844,0,0.0,0.0,0.278,0.263,0.36,0.598,robust_mrna_strict,high_confidence,0.844
9606.ENSP00000294664,9606.ENSP00000379310,WDR63,CASC1,9606,0.844,0,0.0,0.0,0.076,0.0,0.72,0.446,robust_mrna_strict,high_confidence,0.844
9606.ENSP00000358965,9606.ENSP00000404232,C1ORF194,EFHC2,9606,0.844,0,0.0,0.0,0.181,0.817,0.0,0.0,robust_mrna_strict,high_confidence,0.844
9606.ENSP00000261383,9606.ENSP00000294664,DNAH3,WDR63,9606,0.843,0,0.0,0.0,0.085,0.263,0.72,0.268,robust_mrna_strict,high_confidence,0.843
9606.ENSP00000331044,9606.ENSP00000381553,ENKUR,CFAP53,9606,0.842,0,0.0,0.0,0.124,0.814,0.0,0.109,robust_mrna_strict,high_confidence,0.842
9606.ENSP00000366402,9606.ENSP00000381553,C9ORF135,CFAP53,9606,0.839,0,0.0,0.0,0.14,0.821,0.0,0.0,robust_mrna_strict,high_confidence,0.839
9606.ENSP00000260453,9606.ENSP00000391504,MNS1,CCDC173,9606,0.838,0,0.0,0.0,0.146,0.817,0.0,0.0,robust_mrna_strict,high_confidence,0.838
9606.ENSP00000262103,9606.ENSP00000306410,EFCAB1,ARMC4,9606,0.838,0,0.0,0.234,0.216,0.507,0.0,0.519,robust_mrna_strict,high_confidence,0.838
9606.ENSP00000265104,9606.ENSP00000311273,DNAH5,DNAH7,9606,0.836,0,0.0,0.084,0.147,0.0,0.72,0.338,robust_mrna_strict,high_confidence,0.836
9606.ENSP00000366402,9606.ENSP00000391504,C9ORF135,CCDC173,9606,0.836,0,0.0,0.0,0.141,0.817,0.0,0.0,robust_mrna_strict,high_confidence,0.836
9606.ENSP00000337946,9606.ENSP00000391504,PACRG,CCDC173,9606,0.836,0,0.0,0.0,0.113,0.821,0.0,0.051,robust_mrna_strict,high_confidence,0.836
9606.ENSP00000260453,9606.ENSP00000358965,MNS1,C1ORF194,9606,0.833,0,0.0,0.0,0.067,0.818,0.0,0.092,robust_mrna_strict,high_confidence,0.833
9606.ENSP00000331044,9606.ENSP00000341346,ENKUR,TEKT1,9606,0.833,0,0.0,0.0,0.192,0.8,0.0,0.05,robust_mrna_strict,high_confidence,0.833
9606.ENSP00000222573,9606.ENSP00000225964,ITGB8,COL1A1,9606,0.832,0,0.0,0.0,0.0,0.045,0.65,0.537,robust_mrna_strict,high_confidence,0.832
9606.ENSP00000337946,9606.ENSP00000381553,PACRG,CFAP53,9606,0.832,0,0.0,0.0,0.074,0.824,0.0,0.051,robust_mrna_strict,high_confidence,0.832
9606.ENSP00000260453,9606.ENSP00000331044,MNS1,ENKUR,9606,0.831,0,0.0,0.0,0.044,0.815,0.0,0.124,robust_mrna_strict,high_confidence,0.831
9606.ENSP00000364694,9606.ENSP00000369071,ASPN,POSTN,9606,0.83,0,0.0,0.0,0.39,0.045,0.0,0.733,robust_mrna_strict,high_confidence,0.83
9606.ENSP00000366402,9606.ENSP00000404232,C9ORF135,EFHC2,9606,0.829,0,0.0,0.0,0.104,0.817,0.0,0.0,robust_mrna_strict,high_confidence,0.829
9606.ENSP00000391504,9606.ENSP00000404232,CCDC173,EFHC2,9606,0.829,0,0.0,0.0,0.101,0.818,0.0,0.0,robust_mrna_strict,high_confidence,0.829
9606.ENSP00000331044,9606.ENSP00000391504,ENKUR,CCDC173,9606,0.828,0,0.0,0.0,0.112,0.814,0.0,0.042,robust_mrna_strict,high_confidence,0.828
9606.ENSP00000288710,9606.ENSP00000480538,DRC1,DNAI1,9606,0.827,0,0.0,0.0,0.221,0.0,0.36,0.681,robust_mrna_strict,high_confidence,0.827
9606.ENSP00000480538,9606.ENSP00000489675,DNAI1,DNAH10,9606,0.826,0,0.0,0.0,0.626,0.263,0.0,0.421,robust_mrna_strict,high_confidence,0.826
9606.ENSP00000260453,9606.ENSP00000366402,MNS1,C9ORF135,9606,0.825,0,0.0,0.0,0.075,0.818,0.0,0.0,robust_mrna_strict,high_confidence,0.825
9606.ENSP00000337946,9606.ENSP00000366402,PACRG,C9ORF135,9606,0.825,0,0.0,0.0,0.062,0.821,0.0,0.0,robust_mrna_strict,high_confidence,0.825
9606.ENSP00000260453,9606.ENSP00000339449,MNS1,CFAP52,9606,0.824,0,0.0,0.0,0.073,0.817,0.0,0.0,robust_mrna_strict,high_confidence,0.824
9606.ENSP00000295550,9606.ENSP00000369071,COL6A3,POSTN,9606,0.819,0,0.0,0.0,0.482,0.076,0.0,0.653,robust_mrna_strict,high_confidence,0.819
9606.ENSP00000238682,9606.ENSP00000384126,TGFB3,LRRC32,9606,0.819,0,0.0,0.0,0.127,0.0,0.0,0.802,robust_mrna_strict,high_confidence,0.819
9606.ENSP00000335620,9606.ENSP00000423822,GSTA1,GPX8,9606,0.817,0,0.0,0.0,0.064,0.0,0.65,0.487,robust_mrna_strict,high_confidence,0.817
9606.ENSP00000331044,9606.ENSP00000366402,ENKUR,C9ORF135,9606,0.817,0,0.0,0.0,0.126,0.8,0.0,0.0,robust_mrna_strict,high_confidence,0.817
9606.ENSP00000304408,9606.ENSP00000364694,COL3A1,ASPN,9606,0.815,0,0.0,0.0,0.483,0.091,0.0,0.638,robust_mrna_strict,high_confidence,0.815
9606.ENSP00000260302,9606.ENSP00000297848,MMP13,COL14A1,9606,0.814,0,0.0,0.0,0.087,0.05,0.75,0.246,robust_mrna_strict,high_confidence,0.814
9606.ENSP00000222573,9606.ENSP00000238682,ITGB8,TGFB3,9606,0.809,0,0.0,0.0,0.055,0.0,0.5,0.628,robust_mrna_strict,high_confidence,0.809
9606.ENSP00000288912,9606.ENSP00000349568,WDR66,CFAP43,9606,0.807,0,0.0,0.0,0.084,0.0,0.0,0.798,robust_mrna_strict,high_confidence,0.807
9606.ENSP00000225964,9606.ENSP00000284240,COL1A1,THY1,9606,0.807,0,0.0,0.0,0.337,0.0,0.0,0.721,robust_mrna_strict,high_confidence,0.807
9606.ENSP00000294664,9606.ENSP00000480538,WDR63,DNAI1,9606,0.805,0,0.0,0.0,0.068,0.0,0.54,0.583,robust_mrna_strict,high_confidence,0.805
9606.ENSP00000252242,9606.ENSP00000343129,KRT5,TRIM29,9606,0.802,0,0.0,0.0,0.507,0.066,0.0,0.606,robust_mrna_strict,high_confidence,0.802
9606.ENSP00000229554,9606.ENSP00000377197,RSPH4A,HYDIN,9606,0.802,0,0.0,0.0,0.186,0.045,0.0,0.765,robust_mrna_strict,high_confidence,0.802
9606.ENSP00000335620,9606.ENSP00000420269,GSTA1,ADH7,9606,0.8,0,0.0,0.0,0.084,0.07,0.65,0.41,robust_mrna_strict,high_confidence,0.8
9606.ENSP00000252242,9606.ENSP00000497653,KRT5,COL17A1,9606,0.799,0,0.0,0.0,0.435,0.095,0.0,0.638,robust_mrna_strict,high_confidence,0.799
9606.ENSP00000262442,9606.ENSP00000312554,DNAH9,DNAH12,9606,0.795,0,0.126,0.0,0.21,0.0,0.36,0.59,robust_mrna_strict,high_confidence,0.795
9606.ENSP00000286758,9606.ENSP00000479955,CXCL13,CCL18,9606,0.795,0,0.0,0.0,0.263,0.0,0.0,0.733,robust_mrna_strict,high_confidence,0.795
9606.ENSP00000304408,9606.ENSP00000364140,COL3A1,COL15A1,9606,0.791,0,0.0,0.117,0.334,0.0,0.4,0.478,robust_mrna_strict,high_confidence,0.791
9606.ENSP00000284240,9606.ENSP00000426809,THY1,PROM1,9606,0.791,0,0.0,0.0,0.0,0.0,0.0,0.791,robust_mrna_strict,high_confidence,0.791
9606.ENSP00000229554,9606.ENSP00000306410,RSPH4A,ARMC4,9606,0.79,0,0.0,0.0,0.167,0.175,0.0,0.718,robust_mrna_strict,high_confidence,0.79
9606.ENSP00000262103,9606.ENSP00000478589,EFCAB1,TTC25,9606,0.789,0,0.0,0.0,0.08,0.507,0.0,0.573,robust_mrna_strict,high_confidence,0.789
9606.ENSP00000265104,9606.ENSP00000288710,DNAH5,DRC1,9606,0.789,0,0.0,0.0,0.088,0.0,0.36,0.668,robust_mrna_strict,high_confidence,0.789
9606.ENSP00000297268,9606.ENSP00000297848,COL1A2,COL14A1,9606,0.788,0,0.0,0.149,0.215,0.0,0.4,0.534,robust_mrna_strict,high_confidence,0.788
9606.ENSP00000229554,9606.ENSP00000358575,RSPH4A,CFAP206,9606,0.787,0,0.0,0.0,0.27,0.0,0.72,0.0,robust_mrna_strict,high_confidence,0.787
9606.ENSP00000229554,9606.ENSP00000288710,RSPH4A,DRC1,9606,0.787,0,0.0,0.0,0.236,0.0,0.0,0.732,robust_mrna_strict,high_confidence,0.787
9606.ENSP00000306410,9606.ENSP00000480538,ARMC4,DNAI1,9606,0.783,0,0.0,0.0,0.199,0.0,0.0,0.74,robust_mrna_strict,high_confidence,0.783
9606.ENSP00000417498,9606.ENSP00000436812,MUC4,MUC5B,9606,0.783,0,0.0,0.0,0.257,0.091,0.5,0.433,robust_mrna_strict,high_confidence,0.783
9606.ENSP00000225964,9606.ENSP00000297848,COL1A1,COL14A1,9606,0.783,0,0.0,0.147,0.207,0.0,0.4,0.529,robust_mrna_strict,high_confidence,0.783
9606.ENSP00000297848,9606.ENSP00000364711,COL14A1,OGN,9606,0.782,0,0.0,0.0,0.415,0.431,0.0,0.399,robust_mrna_strict,high_confidence,0.782
9606.ENSP00000262103,9606.ENSP00000298032,EFCAB1,ARMC3,9606,0.781,0,0.0,0.0,0.3,0.429,0.0,0.496,robust_mrna_strict,high_confidence,0.781
9606.ENSP00000261383,9606.ENSP00000265104,DNAH3,DNAH5,9606,0.781,0,0.0,0.09,0.108,0.0,0.72,0.15,robust_mrna_strict,high_confidence,0.781
9606.ENSP00000262103,9606.ENSP00000404232,EFCAB1,EFHC2,9606,0.78,0,0.0,0.0,0.202,0.507,0.0,0.487,robust_mrna_strict,high_confidence,0.78
9606.ENSP00000297848,9606.ENSP00000364140,COL14A1,COL15A1,9606,0.779,0,0.0,0.0,0.232,0.0,0.4,0.558,robust_mrna_strict,high_confidence,0.779
9606.ENSP00000298032,9606.ENSP00000341346,ARMC3,TEKT1,9606,0.776,0,0.0,0.0,0.443,0.189,0.0,0.545,robust_mrna_strict,high_confidence,0.776
9606.ENSP00000271651,9606.ENSP00000378517,CTSK,SPP1,9606,0.772,0,0.0,0.0,0.106,0.0,0.0,0.756,robust_mrna_strict,high_confidence,0.772
9606.ENSP00000288710,9606.ENSP00000291536,DRC1,RSPH1,9606,0.772,0,0.0,0.0,0.125,0.0,0.0,0.75,robust_mrna_strict,high_confidence,0.772
9606.ENSP00000341442,9606.ENSP00000360210,SNTN,C20ORF85,9606,0.771,0,0.0,0.0,0.771,0.0,0.0,0.0,robust_mrna_strict,high_confidence,0.771
9606.ENSP00000225964,9606.ENSP00000322788,COL1A1,MMP1,9606,0.767,0,0.0,0.0,0.139,0.05,0.0,0.738,robust_mrna_strict,high_confidence,0.767
9606.ENSP00000260302,9606.ENSP00000271651,MMP13,CTSK,9606,0.765,0,0.0,0.0,0.117,0.0,0.4,0.592,robust_mrna_strict,high_confidence,0.765
9606.ENSP00000181383,9606.ENSP00000215727,CPB2,SERPIND1,9606,0.764,0,0.0,0.0,0.511,0.0,0.0,0.537,robust_mrna_strict,high_confidence,0.764
9606.ENSP00000311273,9606.ENSP00000379310,DNAH7,CASC1,9606,0.762,0,0.0,0.0,0.162,0.0,0.72,0.07,robust_mrna_strict,high_confidence,0.762
9606.ENSP00000265104,9606.ENSP00000379310,DNAH5,CASC1,9606,0.761,0,0.0,0.0,0.108,0.0,0.72,0.121,robust_mrna_strict,high_confidence,0.761
9606.ENSP00000377197,9606.ENSP00000480538,HYDIN,DNAI1,9606,0.76,0,0.0,0.0,0.25,0.109,0.0,0.67,robust_mrna_strict,high_confidence,0.76
9606.ENSP00000341346,9606.ENSP00000478589,TEKT1,TTC25,9606,0.759,0,0.0,0.0,0.211,0.507,0.0,0.43,robust_mrna_strict,high_confidence,0.759
9606.ENSP00000265104,9606.ENSP00000291536,DNAH5,RSPH1,9606,0.759,0,0.0,0.0,0.126,0.0,0.0,0.735,robust_mrna_strict,high_confidence,0.759
9606.ENSP00000265104,9606.ENSP00000377197,DNAH5,HYDIN,9606,0.759,0,0.0,0.0,0.164,0.071,0.0,0.715,robust_mrna_strict,high_confidence,0.759
9606.ENSP00000253354,9606.ENSP00000436812,BPIFB1,MUC5B,9606,0.755,0,0.0,0.0,0.438,0.0,0.0,0.581,robust_mrna_strict,high_confidence,0.755
9606.ENSP00000341442,9606.ENSP00000380524,SNTN,CAPSL,9606,0.752,0,0.0,0.0,0.631,0.0,0.0,0.356,robust_mrna_strict,high_confidence,0.752
9606.ENSP00000304845,9606.ENSP00000335620,UGT1A1,GSTA1,9606,0.752,0,0.0,0.0,0.098,0.0,0.0,0.736,robust_mrna_strict,high_confidence,0.752
9606.ENSP00000311343,9606.ENSP00000390232,WDR49,ZBBX,9606,0.751,0,0.032,0.0,0.156,0.0,0.0,0.718,robust_mrna_strict,high_confidence,0.751
9606.ENSP00000261383,9606.ENSP00000379310,DNAH3,CASC1,9606,0.75,0,0.0,0.0,0.084,0.0,0.72,0.106,robust_mrna_strict,high_confidence,0.75
9606.ENSP00000262442,9606.ENSP00000367815,DNAH9,DNAAF1,9606,0.75,0,0.0,0.0,0.115,0.093,0.0,0.713,robust_mrna_strict,high_confidence,0.75
9606.ENSP00000252242,9606.ENSP00000377546,KRT5,KRT15,9606,0.749,0,0.0,0.089,0.634,0.162,0.0,0.209,robust_mrna_strict,high_confidence,0.749
9606.ENSP00000270879,9606.ENSP00000356399,FCN3,CFH,9606,0.749,0,0.0,0.0,0.08,0.0,0.54,0.455,robust_mrna_strict,high_confidence,0.749
9606.ENSP00000229554,9606.ENSP00000267584,RSPH4A,AK7,9606,0.748,0,0.0,0.234,0.564,0.0,0.0,0.304,robust_mrna_strict,high_confidence,0.748
9606.ENSP00000260128,9606.ENSP00000304408,SULF1,COL3A1,9606,0.748,0,0.0,0.0,0.443,0.0,0.0,0.566,robust_mrna_strict,high_confidence,0.748
9606.ENSP00000288710,9606.ENSP00000306410,DRC1,ARMC4,9606,0.747,0,0.0,0.0,0.138,0.0,0.0,0.718,robust_mrna_strict,high_confidence,0.747
9606.ENSP00000225964,9606.ENSP00000378517,COL1A1,SPP1,9606,0.747,0,0.0,0.0,0.061,0.0,0.0,0.742,robust_mrna_strict,high_confidence,0.747
9606.ENSP00000294728,9606.ENSP00000378517,VCAM1,SPP1,9606,0.746,0,0.0,0.0,0.067,0.0,0.0,0.739,robust_mrna_strict,high_confidence,0.746
9606.ENSP00000341346,9606.ENSP00000362869,TEKT1,MORN5,9606,0.745,0,0.0,0.0,0.646,0.0,0.0,0.309,robust_mrna_strict,high_confidence,0.745
9606.ENSP00000323588,9606.ENSP00000481841,SOX2,CD24,9606,0.734,0,0.0,0.0,0.088,0.0,0.0,0.72,robust_mrna_strict,high_confidence,0.734
9606.ENSP00000284240,9606.ENSP00000297268,THY1,COL1A2,9606,0.734,0,0.0,0.0,0.342,0.0,0.0,0.612,robust_mrna_strict,high_confidence,0.734
9606.ENSP00000222573,9606.ENSP00000378517,ITGB8,SPP1,9606,0.732,0,0.0,0.0,0.062,0.0,0.65,0.25,robust_mrna_strict,high_confidence,0.732
9606.ENSP00000333845,9606.ENSP00000360210,C11ORF88,C20ORF85,9606,0.732,0,0.0,0.0,0.625,0.0,0.0,0.316,robust_mrna_strict,high_confidence,0.732
9606.ENSP00000478589,9606.ENSP00000480538,TTC25,DNAI1,9606,0.729,0,0.0,0.0,0.103,0.046,0.0,0.709,robust_mrna_strict,high_confidence,0.729
9606.ENSP00000284240,9606.ENSP00000294728,THY1,VCAM1,9606,0.727,0,0.0,0.0,0.081,0.0,0.0,0.716,robust_mrna_strict,high_confidence,0.727
9606.ENSP00000333845,9606.ENSP00000341346,C11ORF88,TEKT1,9606,0.727,0,0.0,0.0,0.66,0.0,0.0,0.231,robust_mrna_strict,high_confidence,0.727
9606.ENSP00000253354,9606.ENSP00000292641,BPIFB1,SCGB3A1,9606,0.727,0,0.0,0.0,0.432,0.0,0.0,0.539,robust_mrna_strict,high_confidence,0.727
9606.ENSP00000306410,9606.ENSP00000367815,ARMC4,DNAAF1,9606,0.726,0,0.0,0.0,0.074,0.045,0.0,0.715,robust_mrna_strict,high_confidence,0.726
9606.ENSP00000337804,9606.ENSP00000480538,SPAG17,DNAI1,9606,0.724,0,0.0,0.0,0.635,0.0,0.0,0.275,robust_mrna_strict,high_confidence,0.724
9606.ENSP00000252242,9606.ENSP00000264012,KRT5,CDH3,9606,0.724,0,0.0,0.0,0.25,0.0,0.0,0.648,robust_mrna_strict,high_confidence,0.724
9606.ENSP00000222573,9606.ENSP00000297268,ITGB8,COL1A2,9606,0.723,0,0.0,0.0,0.0,0.045,0.65,0.238,robust_mrna_strict,high_confidence,0.723
9606.ENSP00000222573,9606.ENSP00000295550,ITGB8,COL6A3,9606,0.722,0,0.0,0.0,0.0,0.045,0.65,0.236,robust_mrna_strict,high_confidence,0.722
9606.ENSP00000304845,9606.ENSP00000420269,UGT1A1,ADH7,9606,0.722,0,0.0,0.0,0.12,0.0,0.65,0.17,robust_mrna_strict,high_confidence,0.722
9606.ENSP00000267584,9606.ENSP00000430075,AK7,AMPD1,9606,0.721,0,0.0,0.0,0.057,0.0,0.65,0.224,robust_mrna_strict,high_confidence,0.721
9606.ENSP00000260227,9606.ENSP00000269141,MMP7,CDH2,9606,0.72,0,0.0,0.0,0.042,0.06,0.0,0.715,robust_mrna_strict,high_confidence,0.72
9606.ENSP00000291536,9606.ENSP00000377197,RSPH1,HYDIN,9606,0.72,0,0.0,0.0,0.075,0.094,0.0,0.693,robust_mrna_strict,high_confidence,0.72
9606.ENSP00000225964,9606.ENSP00000238682,COL1A1,TGFB3,9606,0.719,0,0.0,0.0,0.179,0.067,0.0,0.663,robust_mrna_strict,high_confidence,0.719
9606.ENSP00000306410,9606.ENSP00000341346,ARMC4,TEKT1,9606,0.719,0,0.0,0.0,0.257,0.507,0.0,0.294,robust_mrna_strict,high_confidence,0.719
9606.ENSP00000225964,9606.ENSP00000364694,COL1A1,ASPN,9606,0.719,0,0.0,0.0,0.265,0.091,0.0,0.613,robust_mrna_strict,high_confidence,0.719
9606.ENSP00000343129,9606.ENSP00000363071,TRIM29,DES,9606,0.715,0,0.0,0.0,0.056,0.0,0.0,0.711,robust_mrna_strict,high_confidence,0.715
9606.ENSP00000225964,9606.ENSP00000376637,COL1A1,IGF1,9606,0.714,0,0.0,0.0,0.097,0.0,0.0,0.697,robust_mrna_strict,high_confidence,0.714
9606.ENSP00000297268,9606.ENSP00000364694,COL1A2,ASPN,9606,0.714,0,0.0,0.0,0.261,0.091,0.0,0.609,robust_mrna_strict,high_confidence,0.714
9606.ENSP00000306410,9606.ENSP00000377197,ARMC4,HYDIN,9606,0.714,0,0.0,0.0,0.143,0.14,0.0,0.644,robust_mrna_strict,high_confidence,0.714
9606.ENSP00000225964,9606.ENSP00000364140,COL1A1,COL15A1,9606,0.713,0,0.0,0.116,0.339,0.0,0.4,0.279,robust_mrna_strict,high_confidence,0.713
9606.ENSP00000291536,9606.ENSP00000480538,RSPH1,DNAI1,9606,0.71,0,0.0,0.0,0.138,0.0,0.0,0.678,robust_mrna_strict,high_confidence,0.71
9606.ENSP00000229554,9606.ENSP00000262442,RSPH4A,DNAH9,9606,0.71,0,0.0,0.0,0.268,0.0,0.0,0.619,robust_mrna_strict,high_confidence,0.71
9606.ENSP00000293761,9606.ENSP00000380442,ALOX15,PLA2G4F,9606,0.71,0,0.0,0.0,0.043,0.045,0.65,0.202,robust_mrna_strict,high_confidence,0.71
9606.ENSP00000284240,9606.ENSP00000323588,THY1,SOX2,9606,0.71,0,0.0,0.0,0.084,0.0,0.0,0.697,robust_mrna_strict,high_confidence,0.71
9606.ENSP00000288710,9606.ENSP00000367815,DRC1,DNAAF1,9606,0.71,0,0.0,0.0,0.084,0.0,0.0,0.697,robust_mrna_strict,high_confidence,0.71
9606.ENSP00000284240,9606.ENSP00000481841,THY1,CD24,9606,0.71,0,0.0,0.0,0.087,0.0,0.0,0.696,robust_mrna_strict,high_confidence,0.71
9606.ENSP00000294664,9606.ENSP00000312554,WDR63,DNAH12,9606,0.708,0,0.0,0.0,0.116,0.263,0.54,0.14,robust_mrna_strict,high_confidence,0.708
9606.ENSP00000219299,9606.ENSP00000358575,CCDC113,CFAP206,9606,0.707,0,0.0,0.297,0.326,0.0,0.0,0.432,robust_mrna_strict,high_confidence,0.707
9606.ENSP00000252242,9606.ENSP00000353608,KRT5,DSC3,9606,0.706,0,0.0,0.0,0.443,0.071,0.0,0.478,robust_mrna_strict,high_confidence,0.706
9606.ENSP00000283357,9606.ENSP00000298032,FAM81B,ARMC3,9606,0.706,0,0.0,0.0,0.469,0.0,0.0,0.469,robust_mrna_strict,high_confidence,0.706
9606.ENSP00000369071,9606.ENSP00000378517,POSTN,SPP1,9606,0.704,0,0.0,0.0,0.062,0.0,0.0,0.697,robust_mrna_strict,high_confidence,0.704
9606.ENSP00000356399,9606.ENSP00000378517,CFH,SPP1,9606,0.703,0,0.0,0.0,0.083,0.0,0.0,0.69,robust_mrna_strict,high_confidence,0.703
9606.ENSP00000298032,9606.ENSP00000358965,ARMC3,C1ORF194,9606,0.703,0,0.0,0.0,0.502,0.429,0.0,0.0,robust_mrna_strict,high_confidence,0.703
9606.ENSP00000291536,9606.ENSP00000306410,RSPH1,ARMC4,9606,0.702,0,0.0,0.0,0.067,0.128,0.0,0.663,robust_mrna_strict,high_confidence,0.702
9606.ENSP00000225964,9606.ENSP00000260302,COL1A1,MMP13,9606,0.702,0,0.0,0.0,0.099,0.05,0.0,0.68,robust_mrna_strict,high_confidence,0.702
9606.ENSP00000297268,9606.ENSP00000364140,COL1A2,COL15A1,9606,0.702,0,0.0,0.143,0.31,0.0,0.4,0.258,robust_mrna_strict,high_confidence,0.702
9606.ENSP00000261383,9606.ENSP00000312554,DNAH3,DNAH12,9606,0.701,0,0.015,0.0,0.193,0.0,0.54,0.261,robust_mrna_strict,high_confidence,0.701
9606.ENSP00000293761,9606.ENSP00000312286,ALOX15,PLA2G1B,9606,0.701,0,0.0,0.0,0.0,0.0,0.65,0.181,robust_mrna_strict,high_confidence,0.701
9606.ENSP00000297848,9606.ENSP00000304408,COL14A1,COL3A1,9606,0.701,0,0.0,0.134,0.27,0.0,0.4,0.306,robust_mrna_strict,high_confidence,0.701
9606.ENSP00000286758,9606.ENSP00000294728,CXCL13,VCAM1,9606,0.7,0,0.0,0.0,0.222,0.0,0.0,0.63,robust_mrna_strict,high_confidence,0.7
9606.ENSP00000362869,9606.ENSP00000366402,MORN5,C9ORF135,9606,0.7,0,0.0,0.0,0.205,0.0,0.0,0.639,robust_mrna_strict,high_confidence,0.7
