gene_symbol,discovery_logFC,discovery_adj_p,same_direction_fdr_sig_count,robust_score,in_ml_panel,ml_selection_frequency,ml_panel_score,ppi_hub_rank,ppi_hub_score,enrichment_gene_set_count,exact_axis_count,arm_agnostic_axis_count,axis_evidence_weight,regulating_mirnas,max_abs_single_cell_delta,single_cell_dataset_count,top_single_cell_context,robust_component,ml_component,ppi_component,enrichment_component,axis_component,single_cell_component,oligo_tractability_component,final_priority_score,direction,suggested_oligonucleotide_strategy,priority_tier
COL14A1,2.06047864033614,1.00895030510561e-38,4.0,29.0,True,1.0,3.730769230769231,,0.0,2,0,0,0.0,,1.337935898214503,2,Myofibroblasts;Fibroblasts;Myofibroblast,2.0,2.0,0.0,0.6666666666666666,0.0,0.9693131591527204,0.5,6.135979825819387,upregulated,siRNA/ASO knockdown candidate,Tier 1
GPX3,-1.41080964201681,2.6086075186579084e-40,3.0,23.0,True,1.0,3.7615384615384615,,0.0,2,0,0,0.0,,1.8644553673969075,2,Myofibroblast;Myofibroblasts;Fibroblast,1.5862068965517242,2.0,0.0,0.6666666666666666,0.0,1.3507680933612252,0.5,6.103641656579616,downregulated,restoration pathway or avoid direct knockdown,Tier 1
ASPN,2.87354942016807,8.212072888495109e-43,4.0,29.0,True,1.0,3.992307692307692,,0.0,2,0,0,0.0,,0.8964159207967182,2,Pericyte;Myofibroblasts;Myofibroblast,2.0,2.0,0.0,0.6666666666666666,0.0,0.6494389972358415,0.5,5.816105663902508,upregulated,siRNA/ASO knockdown candidate,Tier 1
COL1A1,1.77332415462185,8.23473412445262e-27,4.0,29.0,False,0.0,0.0,4.0,3.056530044109598,2,0,0,0.0,,1.916558287995994,2,Myofibroblast;Fibroblast;Mesothelial Cells,2.0,0.0,0.9070584174850356,0.6666666666666666,0.0,1.3885158259950399,0.5,5.4622409101467415,upregulated,siRNA/ASO knockdown candidate,Tier 1
NECAB1,-1.80468093109244,1.40333216811779e-37,4.0,29.0,True,0.9914285714285714,3.736703296703297,,0.0,2,0,0,0.0,,0.343633863700457,1,Mesothelial;ATII_Low-Surfactants,2.0,1.9828571428571429,0.0,0.6666666666666666,0.0,0.24895723813065915,0.5,5.398481047654469,downregulated,restoration pathway or avoid direct knockdown,Tier 1
SPP1,1.92438231764706,3.15819963907801e-09,4.0,29.0,False,0.0,0.0,16.0,2.365617380229134,2,0,0,0.0,,2.0704390819123875,2,Macrophages;Macrophage;Mast Cells,2.0,0.0,0.7020225963166725,0.6666666666666666,0.0,1.5,0.5,5.368689262983339,upregulated,siRNA/ASO knockdown candidate,Tier 1
PTGFRN,1.0884517697479,2.9045336746549e-33,3.0,23.0,True,0.8857142857142857,3.417582417582417,,0.0,3,0,2,0.25,hsa-miR-30a;hsa-miR-92a,0.3529888416711355,2,Myofibroblast;Myofibroblasts,1.5862068965517242,1.7714285714285714,0.0,1.0,0.25,0.25573477004580075,0.5,5.363370238026096,upregulated,siRNA/ASO knockdown candidate,Tier 1
CD24,2.12442620840336,1.0980246443678e-31,4.0,29.0,True,0.8,3.261538461538461,,0.0,2,0,0,0.0,,0.8166523335562045,2,AT2;Transitional AT2;MUC5B+,2.0,1.6,0.0,0.6666666666666666,0.0,0.5916515540282594,0.5,5.358318220694926,upregulated,siRNA/ASO knockdown candidate,Tier 1
POSTN,1.57060251092437,1.7701881526927202e-17,4.0,29.0,False,0.0,0.0,6.0,2.9055936047004125,2,0,0,0.0,,1.8256676866606016,2,Myofibroblast;Vascular-Endothelial_A;Endothelial Cells,2.0,0.0,0.8622663932302226,0.6666666666666666,0.0,1.3226670390424868,0.5,5.351600098939376,upregulated,siRNA/ASO knockdown candidate,Tier 1
CDH3,1.65436129579832,1.50615627213008e-34,4.0,29.0,True,0.9314285714285714,3.609010989010989,,0.0,2,0,0,0.0,,0.3368380350001386,1,Goblet_A,2.0,1.8628571428571428,0.0,0.6666666666666666,0.0,0.24403376893055978,0.5,5.27355757845437,upregulated,siRNA/ASO knockdown candidate,Tier 1
CFH,1.15910980336135,3.03447352362242e-31,4.0,29.0,True,0.7742857142857142,3.225494505494505,,0.0,2,0,0,0.0,,0.734518501193451,2,Myofibroblasts;Fibroblast;Fibroblasts,2.0,1.5485714285714285,0.0,0.6666666666666666,0.0,0.532146906139593,0.5,5.247385001377688,upregulated,siRNA/ASO knockdown candidate,Tier 2
COL3A1,1.61665883193278,8.19109228236334e-25,4.0,29.0,False,0.0,0.0,5.0,2.9096649866580817,2,0,0,0.0,,1.6288083872324068,2,Myofibroblast;Mesothelial Cells;Fibroblasts,2.0,0.0,0.8634746199520954,0.6666666666666666,0.0,1.1800456251974851,0.5,5.210186911816248,upregulated,siRNA/ASO knockdown candidate,Tier 2
LRRC17,1.52447373445378,6.73109134022289e-32,4.0,29.0,True,0.8,3.292307692307692,,0.0,2,0,0,0.0,,0.3692086239703762,1,Myofibroblast;Fibroblast,2.0,1.6,0.0,0.6666666666666666,0.0,0.2674857429005001,0.5,5.034152409567167,upregulated,siRNA/ASO knockdown candidate,Tier 2
FNDC1,1.62903684537815,7.57529850525603e-37,3.0,23.0,True,0.9942857142857144,3.888571428571428,,0.0,2,0,0,0.0,,0.3681530668252135,1,ATI,1.5862068965517242,1.9885714285714289,0.0,0.6666666666666666,0.0,0.2667210086315345,0.5,5.008166000421354,upregulated,siRNA/ASO knockdown candidate,Tier 2
COL1A2,1.06647727394958,1.7067498260278602e-20,4.0,29.0,False,0.0,0.0,11.0,2.659088829063514,2,0,0,0.0,,1.4391623158351528,2,Myofibroblast;Mesothelial Cells;Smooth Muscle Cells,2.0,0.0,0.7891134294232385,0.6666666666666666,0.0,1.0426500796916847,0.5,4.99843017578159,upregulated,siRNA/ASO knockdown candidate,Tier 2
CLDN1,1.51826676470589,9.19195196331401e-21,4.0,29.0,False,0.0,0.0,,0.0,3,1,1,1.0,hsa-miR-375;hsa-miR-141,0.5306784787472145,2,Mesothelial;Goblet_A;cDCs,2.0,0.0,0.0,1.0,1.0,0.3844680701185228,0.5,4.884468070118523,upregulated,siRNA/ASO knockdown candidate,Tier 2
HMCN1,1.42244628571429,7.57529850525603e-37,2.0,17.0,True,0.9771428571428572,3.7542857142857136,,0.0,2,0,0,0.0,,0.7299692492418355,2,Club;Myofibroblast;Myofibroblasts,1.1724137931034482,1.9542857142857144,0.0,0.6666666666666666,0.0,0.5288510458619169,0.5,4.822217219917746,upregulated,siRNA/ASO knockdown candidate,Tier 2
PSD3,1.07706565210084,1.10219057522338e-39,2.0,17.0,True,1.0,3.684615384615385,,0.0,2,0,0,0.0,,0.6298131986288308,1,ATII_Low-Surfactants;Dendritic_C;Pericyte,1.1724137931034482,2.0,0.0,0.6666666666666666,0.0,0.45628958910041617,0.5,4.795370048870531,upregulated,siRNA/ASO knockdown candidate,Tier 2
IGF1,1.03803355798319,3.0388510088254605e-09,4.0,29.0,False,0.0,0.0,15.0,2.378766849029868,2,0,0,0.0,,1.267410711605708,2,Fibroblasts;Myofibroblasts;Mesothelial Cells,2.0,0.0,0.7059248436981922,0.6666666666666666,0.0,0.9182187894427554,0.5,4.790810299807614,upregulated,siRNA/ASO knockdown candidate,Tier 2
SYTL2,1.10353269411765,4.22440831693152e-37,2.0,17.0,True,1.0,3.7,,0.0,2,0,0,0.0,,0.5822123062573806,1,Innate_lymphoid_B;T;Pericyte,1.1724137931034482,2.0,0.0,0.6666666666666666,0.0,0.4218035039115564,0.5,4.760883963681671,upregulated,siRNA/ASO knockdown candidate,Tier 2
KLHL13,1.39818914621849,2.4522472193758997e-35,3.0,23.0,True,0.9714285714285714,3.573626373626374,,0.0,2,0,0,0.0,,0.0,0,,1.5862068965517242,1.9428571428571428,0.0,0.6666666666666666,0.0,0.0,0.5,4.695730706075534,upregulated,siRNA/ASO knockdown candidate,Tier 2
SLCO4A1,-2.04902995126051,2.28290405220667e-37,2.0,13.75,True,1.0,3.715384615384616,,0.0,2,0,0,0.0,,0.6872541263450316,2,Endothelial Cells;Vascular-Endothelial_D,0.9482758620689655,2.0,0.0,0.6666666666666666,0.0,0.4979046225138683,0.5,4.6128471512495,downregulated,restoration pathway or avoid direct knockdown,Tier 2
COL6A3,1.01074870252101,8.25780964147234e-17,4.0,29.0,False,0.0,0.0,10.0,2.699871902173172,2,0,0,0.0,,0.8869793966672739,2,Myofibroblast;Myofibroblasts;Pericyte,2.0,0.0,0.80121624837845,0.6666666666666666,0.0,0.6426023864329329,0.5,4.610485301478049,upregulated,siRNA/ASO knockdown candidate,Tier 2
VCAM1,1.47585871596639,6.77721998893507e-15,4.0,29.0,False,0.0,0.0,12.0,2.644410984658016,2,0,0,0.0,,0.8623372248814605,1,Vascular-Endothelial_A;Mesothelial,2.0,0.0,0.784757620016359,0.6666666666666666,0.0,0.624749527103897,0.5,4.576173813786923,upregulated,siRNA/ASO knockdown candidate,Tier 2
PDE7B,1.17829101176471,1.39218738439736e-32,2.0,17.0,True,0.8428571428571429,3.354945054945055,,0.0,2,0,0,0.0,,0.7255087637943166,1,T_Regulatory_A;Pericyte;Lymphatic-Endothelial,1.1724137931034482,1.6857142857142857,0.0,0.6666666666666666,0.0,0.5256194954967169,0.5,4.550414240981118,upregulated,siRNA/ASO knockdown candidate,Tier 2
KRT5,2.55156716470589,7.48343597922729e-21,4.0,29.0,False,0.0,0.0,19.0,2.2358816862029003,2,0,0,0.0,,0.960586266917452,2,Proliferating Epithelial Cells;Basal;Mesothelial Cells,2.0,0.0,0.6635221230294751,0.6666666666666666,0.0,0.6959293866522706,0.5,4.526118176348412,upregulated,siRNA/ASO knockdown candidate,Tier 2
CSF3R,-1.44233322857143,1.68114777017015e-34,2.0,17.0,True,0.9,3.569230769230769,,0.0,2,0,0,0.0,,0.530962428922066,1,Proliferating Epithelial Cells,1.1724137931034482,1.8,0.0,0.6666666666666666,0.0,0.3846737874786703,0.5,4.523754247248785,downregulated,restoration pathway or avoid direct knockdown,Tier 2
GRASP,-1.30432183529412,2.99463067673726e-32,2.0,17.0,True,0.8342857142857143,3.4608791208791208,,0.0,2,0,0,0.0,,0.7065255058834639,2,Dendritic_Plasmacytoid;Endothelial Cells,1.1724137931034482,1.6685714285714286,0.0,0.6666666666666666,0.0,0.5118664287607578,0.5,4.519518317102301,downregulated,restoration pathway or avoid direct knockdown,Tier 2
TP63,1.4472136907563,3.98086233811967e-22,4.0,29.0,False,0.0,0.0,,0.0,3,0,1,0.5,hsa-miR-92a,0.6350401180828489,1,T_Regulatory_B;T_Regulatory_A,2.0,0.0,0.0,1.0,0.5,0.4600764086448894,0.5,4.460076408644889,upregulated,siRNA/ASO knockdown candidate,Tier 2
LTBP1,1.04178810588236,2.99045371844606e-25,4.0,29.0,False,0.0,0.0,,0.0,3,0,1,0.25,hsa-miR-92a,0.927981809855874,2,Myofibroblasts;Vascular-Endothelial_C;Myofibroblast,2.0,0.0,0.0,1.0,0.25,0.6723079789906679,0.5,4.422307978990668,upregulated,siRNA/ASO knockdown candidate,Tier 2
THY1,1.71080506386555,1.3830059423566499e-30,3.0,23.0,False,0.0,0.0,20.0,2.2285072901876744,2,0,0,0.0,,1.281884717257724,2,Pericyte;Myofibroblasts;Smooth Muscle Cells,1.5862068965517242,0.0,0.661333691087715,0.6666666666666666,0.0,0.9287049750386966,0.5,4.342912229344803,upregulated,siRNA/ASO knockdown candidate,Tier 3
RSPH4A,1.63461870252101,1.7651779894856499e-12,3.0,23.0,False,0.0,0.0,7.0,2.8150920115351683,3,0,1,0.25,hsa-miR-141,0.0,0,,1.5862068965517242,0.0,0.8354090645955699,1.0,0.25,0.0,0.5,4.171615961147294,upregulated,siRNA/ASO knockdown candidate,Tier 3
CDH2,1.27819726386555,2.7680820186093e-25,4.0,29.0,False,0.0,0.0,,0.0,3,0,1,0.25,hsa-miR-30a,0.5395067940958939,1,Mesothelial,2.0,0.0,0.0,1.0,0.25,0.3908640433875298,0.5,4.14086404338753,upregulated,siRNA/ASO knockdown candidate,Tier 3
NPR1,-1.21791951764706,1.83361261671366e-29,3.0,23.0,True,0.6571428571428571,3.2219780219780216,,0.0,2,0,0,0.0,,0.0,0,,1.5862068965517242,1.3142857142857143,0.0,0.6666666666666666,0.0,0.0,0.5,4.067159277504105,downregulated,restoration pathway or avoid direct knockdown,Tier 3
GOLM1,1.1600600605042,2.18997308189993e-25,4.0,29.0,False,0.0,0.0,,0.0,3,0,1,0.25,hsa-miR-92a,0.3995838320752686,1,Goblet_B;Goblet_A,2.0,0.0,0.0,1.0,0.25,0.28949209534785336,0.5,4.039492095347853,upregulated,siRNA/ASO knockdown candidate,Tier 3
DNAH5,1.09358799495799,1.59512036318277e-07,3.0,25.0,False,0.0,0.0,18.0,2.2865727315254234,2,0,0,0.0,,0.5483958559711395,1,ATII_High-Surfactants;ATI;ATII_Low-Surfactants,1.7241379310344827,0.0,0.6785652401221796,0.6666666666666666,0.0,0.39730402654344704,0.5,3.9666738643667756,upregulated,siRNA/ASO knockdown candidate,Tier 3
DNAI1,1.33538996134454,5.83163168477794e-12,3.0,23.0,False,0.0,0.0,1.0,3.369716861880094,2,0,0,0.0,,0.0,0,,1.5862068965517242,0.0,1.0,0.6666666666666666,0.0,0.0,0.5,3.7528735632183907,upregulated,siRNA/ASO knockdown candidate,Tier 3
LRRN1,1.37045431596639,4.0012819453557297e-26,4.0,29.0,False,0.0,0.0,,0.0,3,0,1,0.25,hsa-miR-30a,0.0,0,,2.0,0.0,0.0,1.0,0.25,0.0,0.5,3.75,upregulated,siRNA/ASO knockdown candidate,Tier 3
MNS1,1.47724088739496,5.3951314288224405e-17,2.0,17.0,False,0.0,0.0,,0.0,3,1,0,1.0,hsa-miR-375,0.0,0,,1.1724137931034482,0.0,0.0,1.0,1.0,0.0,0.5,3.6724137931034484,upregulated,siRNA/ASO knockdown candidate,Tier 3
RPGRIP1L,1.11256908067227,1.8487546666404002e-16,2.0,17.0,False,0.0,0.0,,0.0,3,1,0,1.0,hsa-miR-375,0.0,0,,1.1724137931034482,0.0,0.0,1.0,1.0,0.0,0.5,3.6724137931034484,upregulated,siRNA/ASO knockdown candidate,Tier 3
CHST9,1.45305389243698,1.52095943912624e-14,3.0,23.0,False,0.0,0.0,,0.0,3,0,1,0.25,hsa-miR-92a,0.4245917420359508,1,Basal;Proliferating Epithelial Cells,1.5862068965517242,0.0,0.0,1.0,0.25,0.3076099261349225,0.5,3.6438168226866465,upregulated,siRNA/ASO knockdown candidate,Tier 3
ARMC4,1.49394695126051,2.3568475894949997e-13,3.0,23.0,False,0.0,0.0,13.0,2.432047472012608,2,0,0,0.0,,0.0,0,,1.5862068965517242,0.0,0.7217364460275976,0.6666666666666666,0.0,0.0,0.5,3.474610009245988,upregulated,siRNA/ASO knockdown candidate,Tier 3
FAM81B,1.47641071260504,3.74401570202458e-14,3.0,25.0,False,0.0,0.0,,0.0,3,0,2,0.25,hsa-miR-30a;hsa-miR-30d,0.0,0,,1.7241379310344827,0.0,0.0,1.0,0.25,0.0,0.5,3.4741379310344827,upregulated,siRNA/ASO knockdown candidate,Tier 3
SIX4,1.11329933781513,5.9952076516592e-19,3.0,23.0,False,0.0,0.0,,0.0,3,0,2,0.25,hsa-miR-30a;hsa-miR-30d,0.0,0,,1.5862068965517242,0.0,0.0,1.0,0.25,0.0,0.5,3.336206896551724,upregulated,siRNA/ASO knockdown candidate,Tier 3
CCDC113,1.3936058,1.24546610564172e-13,3.0,23.0,False,0.0,0.0,,0.0,3,0,1,0.25,hsa-miR-92a,0.0,0,,1.5862068965517242,0.0,0.0,1.0,0.25,0.0,0.5,3.336206896551724,upregulated,siRNA/ASO knockdown candidate,Tier 3
C6,1.46683573277311,1.88197807814472e-12,3.0,23.0,False,0.0,0.0,,0.0,3,0,2,0.25,hsa-miR-30a;hsa-miR-30d,0.0,0,,1.5862068965517242,0.0,0.0,1.0,0.25,0.0,0.5,3.336206896551724,upregulated,siRNA/ASO knockdown candidate,Tier 3
TEKT1,1.5222934,1.9490547501439698e-12,2.0,17.0,False,0.0,0.0,2.0,3.326875285281732,2,0,0,0.0,,0.0,0,,1.1724137931034482,0.0,0.9872862978243047,0.6666666666666666,0.0,0.0,0.5,3.3263667575944194,upregulated,siRNA/ASO knockdown candidate,Tier 3
SPAG17,1.66616369243698,3.02941385946368e-14,2.0,19.0,False,0.0,0.0,8.0,2.747517089866853,2,0,0,0.0,,0.0,0,,1.3103448275862069,0.0,0.8153554742085684,0.6666666666666666,0.0,0.0,0.5,3.2923669684614416,upregulated,siRNA/ASO knockdown candidate,Tier 3
SERPINB5,1.08300585378151,5.28896489014213e-12,2.0,16.0,False,0.0,0.0,,0.0,3,0,2,0.25,hsa-miR-30a;hsa-miR-141,0.562799475200958,2,Basal,1.103448275862069,0.0,0.0,1.0,0.25,0.4077392183022751,0.5,3.261187494164344,upregulated,siRNA/ASO knockdown candidate,Tier 3
SULF1,1.4188341092437,6.4883608864242e-25,4.0,29.0,False,0.0,0.0,,0.0,2,0,0,0.0,,0.0,0,,2.0,0.0,0.0,0.6666666666666666,0.0,0.0,0.5,3.1666666666666665,upregulated,siRNA/ASO knockdown candidate,Exploratory
SYNPO2,1.58025794621849,1.63359860152541e-21,4.0,29.0,False,0.0,0.0,,0.0,2,0,0,0.0,,0.0,0,,2.0,0.0,0.0,0.6666666666666666,0.0,0.0,0.5,3.1666666666666665,upregulated,siRNA/ASO knockdown candidate,Exploratory
PROM1,2.15991941344538,2.0457290190744799e-13,4.0,29.0,False,0.0,0.0,,0.0,2,0,0,0.0,,0.0,0,,2.0,0.0,0.0,0.6666666666666666,0.0,0.0,0.5,3.1666666666666665,upregulated,siRNA/ASO knockdown candidate,Exploratory
RTKN2,-1.24558287226891,2.66378197549658e-06,4.0,29.0,False,0.0,0.0,,0.0,2,0,0,0.0,,0.0,0,,2.0,0.0,0.0,0.6666666666666666,0.0,0.0,0.5,3.1666666666666665,downregulated,restoration pathway or avoid direct knockdown,Exploratory
CCDC80,1.68951806386555,2.4020032452543502e-20,4.0,29.0,False,0.0,0.0,,0.0,2,0,0,0.0,,0.0,0,,2.0,0.0,0.0,0.6666666666666666,0.0,0.0,0.5,3.1666666666666665,upregulated,siRNA/ASO knockdown candidate,Tier 3
SMAD6,-1.30330969243698,3.28590521385892e-19,4.0,29.0,False,0.0,0.0,,0.0,2,0,0,0.0,,0.0,0,,2.0,0.0,0.0,0.6666666666666666,0.0,0.0,0.5,3.1666666666666665,downregulated,restoration pathway or avoid direct knockdown,Exploratory
SLAMF7,1.36189940504202,1.5761784094992e-16,4.0,29.0,False,0.0,0.0,,0.0,2,0,0,0.0,,0.0,0,,2.0,0.0,0.0,0.6666666666666666,0.0,0.0,0.5,3.1666666666666665,upregulated,siRNA/ASO knockdown candidate,Exploratory
SFRP4,1.42136302689076,3.1543092115762304e-19,4.0,29.0,False,0.0,0.0,,0.0,2,0,0,0.0,,0.0,0,,2.0,0.0,0.0,0.6666666666666666,0.0,0.0,0.5,3.1666666666666665,upregulated,siRNA/ASO knockdown candidate,Exploratory
CLIC6,1.31795875462185,3.85008220083261e-17,4.0,29.0,False,0.0,0.0,,0.0,2,0,0,0.0,,0.0,0,,2.0,0.0,0.0,0.6666666666666666,0.0,0.0,0.5,3.1666666666666665,upregulated,siRNA/ASO knockdown candidate,Tier 3
TDO2,1.71142376806723,7.81721443965525e-18,4.0,29.0,False,0.0,0.0,,0.0,2,0,0,0.0,,0.0,0,,2.0,0.0,0.0,0.6666666666666666,0.0,0.0,0.5,3.1666666666666665,upregulated,siRNA/ASO knockdown candidate,Exploratory
SLC6A4,-2.00603701008404,1.42378171150351e-10,4.0,29.0,False,0.0,0.0,,0.0,2,0,0,0.0,,0.0,0,,2.0,0.0,0.0,0.6666666666666666,0.0,0.0,0.5,3.1666666666666665,downregulated,restoration pathway or avoid direct knockdown,Exploratory
SLC19A3,-1.00092858319328,1.3895887378911502e-15,4.0,29.0,False,0.0,0.0,,0.0,2,0,0,0.0,,0.0,0,,2.0,0.0,0.0,0.6666666666666666,0.0,0.0,0.5,3.1666666666666665,downregulated,restoration pathway or avoid direct knockdown,Exploratory
SPATA18,2.08388771764706,1.68914242644214e-24,4.0,29.0,False,0.0,0.0,,0.0,2,0,0,0.0,,0.0,0,,2.0,0.0,0.0,0.6666666666666666,0.0,0.0,0.5,3.1666666666666665,upregulated,siRNA/ASO knockdown candidate,Exploratory
COL17A1,1.23274177478992,3.20285523366269e-25,4.0,29.0,False,0.0,0.0,,0.0,2,0,0,0.0,,0.0,0,,2.0,0.0,0.0,0.6666666666666666,0.0,0.0,0.5,3.1666666666666665,upregulated,siRNA/ASO knockdown candidate,Tier 3
PAPSS2,-1.12496486554622,8.15320744317018e-27,4.0,29.0,False,0.0,0.0,,0.0,2,0,0,0.0,,0.0,0,,2.0,0.0,0.0,0.6666666666666666,0.0,0.0,0.5,3.1666666666666665,downregulated,restoration pathway or avoid direct knockdown,Tier 3
CP,2.75203735462185,5.926518350182141e-25,4.0,29.0,False,0.0,0.0,,0.0,2,0,0,0.0,,0.0,0,,2.0,0.0,0.0,0.6666666666666666,0.0,0.0,0.5,3.1666666666666665,upregulated,siRNA/ASO knockdown candidate,Tier 3
CXCL14,1.20366247226891,2.50254497961008e-29,4.0,29.0,False,0.0,0.0,,0.0,2,0,0,0.0,,0.0,0,,2.0,0.0,0.0,0.6666666666666666,0.0,0.0,0.5,3.1666666666666665,upregulated,siRNA/ASO knockdown candidate,Tier 3
DCLK1,1.44575816638656,1.57785048188643e-29,4.0,29.0,False,0.0,0.0,,0.0,2,0,0,0.0,,0.0,0,,2.0,0.0,0.0,0.6666666666666666,0.0,0.0,0.5,3.1666666666666665,upregulated,siRNA/ASO knockdown candidate,Tier 3
INMT,-1.3118885092437,3.1917483681381703e-20,4.0,29.0,False,0.0,0.0,,0.0,2,0,0,0.0,,0.0,0,,2.0,0.0,0.0,0.6666666666666666,0.0,0.0,0.5,3.1666666666666665,downregulated,restoration pathway or avoid direct knockdown,Tier 3
KRT15,1.49702646218488,3.890871010071031e-15,4.0,29.0,False,0.0,0.0,,0.0,2,0,0,0.0,,0.0,0,,2.0,0.0,0.0,0.6666666666666666,0.0,0.0,0.5,3.1666666666666665,upregulated,siRNA/ASO knockdown candidate,Tier 3
ITLN2,-1.02581151932773,7.681008028846569e-22,4.0,29.0,False,0.0,0.0,,0.0,2,0,0,0.0,,0.0,0,,2.0,0.0,0.0,0.6666666666666666,0.0,0.0,0.5,3.1666666666666665,downregulated,restoration pathway or avoid direct knockdown,Tier 3
MMP7,2.92959866554622,4.056979595725e-29,4.0,29.0,False,0.0,0.0,,0.0,2,0,0,0.0,,0.0,0,,2.0,0.0,0.0,0.6666666666666666,0.0,0.0,0.5,3.1666666666666665,upregulated,siRNA/ASO knockdown candidate,Tier 3
MUC5B,1.63868643697479,7.46966429304818e-12,4.0,29.0,False,0.0,0.0,,0.0,2,0,0,0.0,,0.0,0,,2.0,0.0,0.0,0.6666666666666666,0.0,0.0,0.5,3.1666666666666665,upregulated,siRNA/ASO knockdown candidate,Tier 3
PEBP4,-1.52698553613446,9.117726216436189e-18,4.0,29.0,False,0.0,0.0,,0.0,2,0,0,0.0,,0.0,0,,2.0,0.0,0.0,0.6666666666666666,0.0,0.0,0.5,3.1666666666666665,downregulated,restoration pathway or avoid direct knockdown,Tier 3
MUC4,1.12091663865546,7.08680994349053e-10,4.0,29.0,False,0.0,0.0,,0.0,2,0,0,0.0,,0.0,0,,2.0,0.0,0.0,0.6666666666666666,0.0,0.0,0.5,3.1666666666666665,upregulated,siRNA/ASO knockdown candidate,Tier 3
PLA2G1B,-1.45139573781513,1.01789252227394e-16,4.0,29.0,False,0.0,0.0,,0.0,2,0,0,0.0,,0.0,0,,2.0,0.0,0.0,0.6666666666666666,0.0,0.0,0.5,3.1666666666666665,downregulated,restoration pathway or avoid direct knockdown,Tier 3
CRTAC1,-1.36154435462185,5.61714498471689e-25,4.0,29.0,False,0.0,0.0,,0.0,2,0,0,0.0,,0.0,0,,2.0,0.0,0.0,0.6666666666666666,0.0,0.0,0.5,3.1666666666666665,downregulated,restoration pathway or avoid direct knockdown,Tier 3
DIO2,1.29318638487395,4.95987316169666e-30,4.0,29.0,False,0.0,0.0,,0.0,2,0,0,0.0,,0.0,0,,2.0,0.0,0.0,0.6666666666666666,0.0,0.0,0.5,3.1666666666666665,upregulated,siRNA/ASO knockdown candidate,Tier 3
PLA2G4F,-1.19664395462185,6.288540420937131e-15,4.0,29.0,False,0.0,0.0,,0.0,2,0,0,0.0,,0.0,0,,2.0,0.0,0.0,0.6666666666666666,0.0,0.0,0.5,3.1666666666666665,downregulated,restoration pathway or avoid direct knockdown,Tier 3
CXCL13,1.10801094789916,2.4388400775296e-09,4.0,29.0,False,0.0,0.0,,0.0,2,0,0,0.0,,0.0,0,,2.0,0.0,0.0,0.6666666666666666,0.0,0.0,0.5,3.1666666666666665,upregulated,siRNA/ASO knockdown candidate,Tier 3
CYP24A1,1.53054234957983,3.67551603200108e-13,4.0,29.0,False,0.0,0.0,,0.0,2,0,0,0.0,,0.0,0,,2.0,0.0,0.0,0.6666666666666666,0.0,0.0,0.5,3.1666666666666665,upregulated,siRNA/ASO knockdown candidate,Tier 3
HHIP,-1.38139442184874,1.1377742348129201e-14,4.0,29.0,False,0.0,0.0,,0.0,2,0,0,0.0,,0.0,0,,2.0,0.0,0.0,0.6666666666666666,0.0,0.0,0.5,3.1666666666666665,downregulated,restoration pathway or avoid direct knockdown,Tier 3
ID1,-1.21092786722689,2.42931994852511e-27,4.0,29.0,False,0.0,0.0,,0.0,2,0,0,0.0,,0.0,0,,2.0,0.0,0.0,0.6666666666666666,0.0,0.0,0.5,3.1666666666666665,downregulated,restoration pathway or avoid direct knockdown,Tier 3
HIF3A,-1.01198763361345,4.0532762056405e-26,4.0,29.0,False,0.0,0.0,,0.0,2,0,0,0.0,,0.0,0,,2.0,0.0,0.0,0.6666666666666666,0.0,0.0,0.5,3.1666666666666665,downregulated,restoration pathway or avoid direct knockdown,Tier 3
ZNF385D,1.18058884537815,1.1069502849277902e-15,4.0,29.0,False,0.0,0.0,,0.0,2,0,0,0.0,,0.0,0,,2.0,0.0,0.0,0.6666666666666666,0.0,0.0,0.5,3.1666666666666665,upregulated,siRNA/ASO knockdown candidate,Exploratory
FCN3,-2.26333217478992,1.48160460687326e-25,4.0,29.0,False,0.0,0.0,,0.0,2,0,0,0.0,,0.0,0,,2.0,0.0,0.0,0.6666666666666666,0.0,0.0,0.5,3.1666666666666665,downregulated,restoration pathway or avoid direct knockdown,Tier 3
FAP,1.36593402689076,5.7032397081108e-19,4.0,29.0,False,0.0,0.0,,0.0,2,0,0,0.0,,0.0,0,,2.0,0.0,0.0,0.6666666666666666,0.0,0.0,0.5,3.1666666666666665,upregulated,siRNA/ASO knockdown candidate,Tier 3
HSD17B6,-1.00812111764706,1.30332522292615e-10,4.0,29.0,False,0.0,0.0,,0.0,2,0,0,0.0,,0.0,0,,2.0,0.0,0.0,0.6666666666666666,0.0,0.0,0.5,3.1666666666666665,downregulated,restoration pathway or avoid direct knockdown,Tier 3
IL13RA2,1.54234252605042,1.55784796520189e-24,4.0,29.0,False,0.0,0.0,,0.0,2,0,0,0.0,,0.0,0,,2.0,0.0,0.0,0.6666666666666666,0.0,0.0,0.5,3.1666666666666665,upregulated,siRNA/ASO knockdown candidate,Tier 3
VTCN1,1.01088766386555,3.27385273520743e-12,4.0,29.0,False,0.0,0.0,,0.0,2,0,0,0.0,,0.0,0,,2.0,0.0,0.0,0.6666666666666666,0.0,0.0,0.5,3.1666666666666665,upregulated,siRNA/ASO knockdown candidate,Exploratory
VSIG1,1.77206513277311,5.1323759485904e-14,4.0,29.0,False,0.0,0.0,,0.0,2,0,0,0.0,,0.0,0,,2.0,0.0,0.0,0.6666666666666666,0.0,0.0,0.5,3.1666666666666665,upregulated,siRNA/ASO knockdown candidate,Exploratory
VIPR1,-1.7008708184874,7.03941958126845e-19,4.0,29.0,False,0.0,0.0,,0.0,2,0,0,0.0,,0.0,0,,2.0,0.0,0.0,0.6666666666666666,0.0,0.0,0.5,3.1666666666666665,downregulated,restoration pathway or avoid direct knockdown,Exploratory
TMPRSS4,1.46192966218488,5.32245194517324e-16,4.0,29.0,False,0.0,0.0,,0.0,2,0,0,0.0,,0.0,0,,2.0,0.0,0.0,0.6666666666666666,0.0,0.0,0.5,3.1666666666666665,upregulated,siRNA/ASO knockdown candidate,Exploratory
TMEM45A,1.37845851092437,6.37855212685803e-17,4.0,29.0,False,0.0,0.0,,0.0,2,0,0,0.0,,0.0,0,,2.0,0.0,0.0,0.6666666666666666,0.0,0.0,0.5,3.1666666666666665,upregulated,siRNA/ASO knockdown candidate,Exploratory
TMEM100,-1.90452697647059,3.9776196019673203e-20,4.0,29.0,False,0.0,0.0,,0.0,2,0,0,0.0,,0.0,0,,2.0,0.0,0.0,0.6666666666666666,0.0,0.0,0.5,3.1666666666666665,downregulated,restoration pathway or avoid direct knockdown,Exploratory
TNC,1.40301981512605,3.6065213692786005e-16,4.0,29.0,False,0.0,0.0,,0.0,2,0,0,0.0,,0.0,0,,2.0,0.0,0.0,0.6666666666666666,0.0,0.0,0.5,3.1666666666666665,upregulated,siRNA/ASO knockdown candidate,Exploratory
CACNA2D2,-1.01735182689076,1.3491462308002002e-10,4.0,29.0,False,0.0,0.0,,0.0,2,0,0,0.0,,0.0,0,,2.0,0.0,0.0,0.6666666666666666,0.0,0.0,0.5,3.1666666666666665,downregulated,restoration pathway or avoid direct knockdown,Tier 3
BPIFB1,3.36174814957984,1.49868522756291e-14,4.0,29.0,False,0.0,0.0,,0.0,2,0,0,0.0,,0.0,0,,2.0,0.0,0.0,0.6666666666666666,0.0,0.0,0.5,3.1666666666666665,upregulated,siRNA/ASO knockdown candidate,Tier 3
BTNL9,-1.71953186218488,1.6914077557203598e-26,4.0,29.0,False,0.0,0.0,,0.0,2,0,0,0.0,,0.0,0,,2.0,0.0,0.0,0.6666666666666666,0.0,0.0,0.5,3.1666666666666665,downregulated,restoration pathway or avoid direct knockdown,Tier 3
ABCA13,1.35016116806723,1.39556884612677e-10,4.0,29.0,False,0.0,0.0,,0.0,2,0,0,0.0,,0.0,0,,2.0,0.0,0.0,0.6666666666666666,0.0,0.0,0.5,3.1666666666666665,upregulated,siRNA/ASO knockdown candidate,Tier 3
TTC25,1.390573,6.35985500557687e-13,2.0,17.0,False,0.0,0.0,9.0,2.7190861708999106,2,0,0,0.0,,0.0,0,,1.1724137931034482,0.0,0.8069182908687552,0.6666666666666666,0.0,0.0,0.5,3.14599875063887,upregulated,siRNA/ASO knockdown candidate,Exploratory
SOX2,1.52456576134454,1.51290609485251e-16,2.0,16.0,False,0.0,0.0,14.0,2.421942729674809,2,0,0,0.0,,0.0,0,,1.103448275862069,0.0,0.7187377542229214,0.6666666666666666,0.0,0.0,0.5,2.988852696751657,upregulated,siRNA/ASO knockdown candidate,Exploratory
IL1R2,-2.74583776806723,3.9378940639958795e-34,,0.0,True,0.9142857142857144,3.613186813186813,,0.0,0,0,0,0.0,,0.8524420799850446,2,Monocyte_Non-Classical;Macrophage;cDCs,0.0,1.8285714285714287,0.0,0.0,0.0,0.6175806528905519,0.5,2.946152081461981,downregulated,restoration pathway or avoid direct knockdown,Exploratory
TPPP3,1.42149474453782,1.3073036485292898e-30,,0.0,True,0.72,3.3707692307692305,,0.0,0,0,0,0.0,,1.327178268758746,2,Transitional AT2;AT2;ATI,0.0,1.44,0.0,0.0,0.0,0.9615194286708117,0.5,2.9015194286708117,upregulated,siRNA/ASO knockdown candidate,Exploratory
MSMB,1.44994073109244,3.86277940872785e-07,3.0,25.0,False,0.0,0.0,,0.0,2,0,0,0.0,,0.0,0,,1.7241379310344827,0.0,0.0,0.6666666666666666,0.0,0.0,0.5,2.890804597701149,upregulated,siRNA/ASO knockdown candidate,Exploratory
AGER,-1.47576729411765,4.69344622809362e-14,3.0,23.0,False,0.0,0.0,,0.0,2,0,0,0.0,,0.0,0,,1.5862068965517242,0.0,0.0,0.6666666666666666,0.0,0.0,0.5,2.7528735632183907,downregulated,restoration pathway or avoid direct knockdown,Exploratory
AMPD1,1.28165429915967,3.9279950058886e-15,3.0,23.0,False,0.0,0.0,,0.0,2,0,0,0.0,,0.0,0,,1.5862068965517242,0.0,0.0,0.6666666666666666,0.0,0.0,0.5,2.7528735632183907,upregulated,siRNA/ASO knockdown candidate,Exploratory
ARMC3,1.76485148067227,1.31540359007653e-13,3.0,23.0,False,0.0,0.0,,0.0,2,0,0,0.0,,0.0,0,,1.5862068965517242,0.0,0.0,0.6666666666666666,0.0,0.0,0.5,2.7528735632183907,upregulated,siRNA/ASO knockdown candidate,Exploratory
ANKRD1,-1.5915979394958,8.494963950342211e-09,3.0,23.0,False,0.0,0.0,,0.0,2,0,0,0.0,,0.0,0,,1.5862068965517242,0.0,0.0,0.6666666666666666,0.0,0.0,0.5,2.7528735632183907,downregulated,restoration pathway or avoid direct knockdown,Exploratory
TGFB3,1.01667604033614,3.7178062597218605e-21,3.0,23.0,False,0.0,0.0,,0.0,2,0,0,0.0,,0.0,0,,1.5862068965517242,0.0,0.0,0.6666666666666666,0.0,0.0,0.5,2.7528735632183907,upregulated,siRNA/ASO knockdown candidate,Exploratory
ACVRL1,-1.08757685882353,4.8685657409722e-26,3.0,23.0,False,0.0,0.0,,0.0,2,0,0,0.0,,0.0,0,,1.5862068965517242,0.0,0.0,0.6666666666666666,0.0,0.0,0.5,2.7528735632183907,downregulated,restoration pathway or avoid direct knockdown,Exploratory
ACADL,-1.16754789243698,7.739025728400661e-15,3.0,23.0,False,0.0,0.0,,0.0,2,0,0,0.0,,0.0,0,,1.5862068965517242,0.0,0.0,0.6666666666666666,0.0,0.0,0.5,2.7528735632183907,downregulated,restoration pathway or avoid direct knockdown,Exploratory
ABCA3,-1.59254245882353,1.13263273878572e-17,3.0,23.0,False,0.0,0.0,,0.0,2,0,0,0.0,,0.0,0,,1.5862068965517242,0.0,0.0,0.6666666666666666,0.0,0.0,0.5,2.7528735632183907,downregulated,restoration pathway or avoid direct knockdown,Exploratory
ZNF385B,-1.20323966554622,7.92000904905316e-21,3.0,23.0,False,0.0,0.0,,0.0,2,0,0,0.0,,0.0,0,,1.5862068965517242,0.0,0.0,0.6666666666666666,0.0,0.0,0.5,2.7528735632183907,downregulated,restoration pathway or avoid direct knockdown,Exploratory
EFCAB1,2.06369174621849,4.3549205314799203e-14,3.0,23.0,False,0.0,0.0,,0.0,2,0,0,0.0,,0.0,0,,1.5862068965517242,0.0,0.0,0.6666666666666666,0.0,0.0,0.5,2.7528735632183907,upregulated,siRNA/ASO knockdown candidate,Exploratory
EFHC2,1.29904612100841,9.41764334284679e-17,3.0,23.0,False,0.0,0.0,,0.0,2,0,0,0.0,,0.0,0,,1.5862068965517242,0.0,0.0,0.6666666666666666,0.0,0.0,0.5,2.7528735632183907,upregulated,siRNA/ASO knockdown candidate,Exploratory
ENKUR,1.78146102689076,3.78115349002173e-13,3.0,23.0,False,0.0,0.0,,0.0,2,0,0,0.0,,0.0,0,,1.5862068965517242,0.0,0.0,0.6666666666666666,0.0,0.0,0.5,2.7528735632183907,upregulated,siRNA/ASO knockdown candidate,Exploratory
FMO5,-1.58493273109244,2.8946251841282797e-26,3.0,23.0,False,0.0,0.0,,0.0,2,0,0,0.0,,0.0,0,,1.5862068965517242,0.0,0.0,0.6666666666666666,0.0,0.0,0.5,2.7528735632183907,downregulated,restoration pathway or avoid direct knockdown,Exploratory
GEM,1.2376768605042,5.44872543208969e-20,3.0,23.0,False,0.0,0.0,,0.0,2,0,0,0.0,,0.0,0,,1.5862068965517242,0.0,0.0,0.6666666666666666,0.0,0.0,0.5,2.7528735632183907,upregulated,siRNA/ASO knockdown candidate,Exploratory
FIBIN,-1.15278488067227,6.89484994726029e-21,3.0,23.0,False,0.0,0.0,,0.0,2,0,0,0.0,,0.0,0,,1.5862068965517242,0.0,0.0,0.6666666666666666,0.0,0.0,0.5,2.7528735632183907,downregulated,restoration pathway or avoid direct knockdown,Exploratory
FAM83D,1.22698102521009,9.866961860209211e-17,3.0,23.0,False,0.0,0.0,,0.0,2,0,0,0.0,,0.0,0,,1.5862068965517242,0.0,0.0,0.6666666666666666,0.0,0.0,0.5,2.7528735632183907,upregulated,siRNA/ASO knockdown candidate,Exploratory
TRIM2,1.05884092268908,1.0938391814547902e-25,3.0,23.0,False,0.0,0.0,,0.0,2,0,0,0.0,,0.0,0,,1.5862068965517242,0.0,0.0,0.6666666666666666,0.0,0.0,0.5,2.7528735632183907,upregulated,siRNA/ASO knockdown candidate,Exploratory
WDR63,1.43955929579832,1.1993106504259301e-15,3.0,23.0,False,0.0,0.0,,0.0,2,0,0,0.0,,0.0,0,,1.5862068965517242,0.0,0.0,0.6666666666666666,0.0,0.0,0.5,2.7528735632183907,upregulated,siRNA/ASO knockdown candidate,Exploratory
VWA3B,1.42927698319328,7.63922653394961e-13,3.0,23.0,False,0.0,0.0,,0.0,2,0,0,0.0,,0.0,0,,1.5862068965517242,0.0,0.0,0.6666666666666666,0.0,0.0,0.5,2.7528735632183907,upregulated,siRNA/ASO knockdown candidate,Exploratory
TSPAN1,1.96351803865547,1.01110391922753e-16,3.0,23.0,False,0.0,0.0,,0.0,2,0,0,0.0,,0.0,0,,1.5862068965517242,0.0,0.0,0.6666666666666666,0.0,0.0,0.5,2.7528735632183907,upregulated,siRNA/ASO knockdown candidate,Exploratory
TRIM29,1.27671679663866,6.105382622197911e-17,3.0,23.0,False,0.0,0.0,,0.0,2,0,0,0.0,,0.0,0,,1.5862068965517242,0.0,0.0,0.6666666666666666,0.0,0.0,0.5,2.7528735632183907,upregulated,siRNA/ASO knockdown candidate,Exploratory
BPIFA1,1.54559970588236,2.41936659042874e-05,3.0,23.0,False,0.0,0.0,,0.0,2,0,0,0.0,,0.0,0,,1.5862068965517242,0.0,0.0,0.6666666666666666,0.0,0.0,0.5,2.7528735632183907,upregulated,siRNA/ASO knockdown candidate,Exploratory
AFF3,-1.29649956470588,1.7710539424801102e-24,3.0,23.0,False,0.0,0.0,,0.0,2,0,0,0.0,,0.0,0,,1.5862068965517242,0.0,0.0,0.6666666666666666,0.0,0.0,0.5,2.7528735632183907,downregulated,restoration pathway or avoid direct knockdown,Exploratory
ADH7,1.05962522184874,2.92309917021615e-10,3.0,23.0,False,0.0,0.0,,0.0,2,0,0,0.0,,0.0,0,,1.5862068965517242,0.0,0.0,0.6666666666666666,0.0,0.0,0.5,2.7528735632183907,upregulated,siRNA/ASO knockdown candidate,Exploratory
IQUB,1.38057575294118,4.83291145090481e-13,3.0,23.0,False,0.0,0.0,,0.0,2,0,0,0.0,,0.0,0,,1.5862068965517242,0.0,0.0,0.6666666666666666,0.0,0.0,0.5,2.7528735632183907,upregulated,siRNA/ASO knockdown candidate,Exploratory
DNAH9,1.5993489277311,1.7327957535932998e-13,3.0,23.0,False,0.0,0.0,,0.0,2,0,0,0.0,,0.0,0,,1.5862068965517242,0.0,0.0,0.6666666666666666,0.0,0.0,0.5,2.7528735632183907,upregulated,siRNA/ASO knockdown candidate,Exploratory
DTHD1,2.16723852605042,1.38413863763416e-18,3.0,23.0,False,0.0,0.0,,0.0,2,0,0,0.0,,0.0,0,,1.5862068965517242,0.0,0.0,0.6666666666666666,0.0,0.0,0.5,2.7528735632183907,upregulated,siRNA/ASO knockdown candidate,Exploratory
DSC3,1.71908742689076,6.917479954388382e-14,3.0,23.0,False,0.0,0.0,,0.0,2,0,0,0.0,,0.0,0,,1.5862068965517242,0.0,0.0,0.6666666666666666,0.0,0.0,0.5,2.7528735632183907,upregulated,siRNA/ASO knockdown candidate,Exploratory
PRUNE2,1.11801857983193,4.867130371080483e-19,3.0,23.0,False,0.0,0.0,,0.0,2,0,0,0.0,,0.0,0,,1.5862068965517242,0.0,0.0,0.6666666666666666,0.0,0.0,0.5,2.7528735632183907,upregulated,siRNA/ASO knockdown candidate,Exploratory
NELL2,1.40707211260504,2.0717186159771802e-17,3.0,23.0,False,0.0,0.0,,0.0,2,0,0,0.0,,0.0,0,,1.5862068965517242,0.0,0.0,0.6666666666666666,0.0,0.0,0.5,2.7528735632183907,upregulated,siRNA/ASO knockdown candidate,Exploratory
COMP,1.11978803697479,2.56320752870938e-24,3.0,23.0,False,0.0,0.0,,0.0,2,0,0,0.0,,0.0,0,,1.5862068965517242,0.0,0.0,0.6666666666666666,0.0,0.0,0.5,2.7528735632183907,upregulated,siRNA/ASO knockdown candidate,Exploratory
OGN,1.32181833445378,1.12029386474786e-24,3.0,23.0,False,0.0,0.0,,0.0,2,0,0,0.0,,0.0,0,,1.5862068965517242,0.0,0.0,0.6666666666666666,0.0,0.0,0.5,2.7528735632183907,upregulated,siRNA/ASO knockdown candidate,Exploratory
DCDC1,1.10079087563025,2.57240308329286e-12,3.0,23.0,False,0.0,0.0,,0.0,2,0,0,0.0,,0.0,0,,1.5862068965517242,0.0,0.0,0.6666666666666666,0.0,0.0,0.5,2.7528735632183907,upregulated,siRNA/ASO knockdown candidate,Exploratory
DNAAF1,1.77333415966387,8.56965842519001e-13,3.0,23.0,False,0.0,0.0,,0.0,2,0,0,0.0,,0.0,0,,1.5862068965517242,0.0,0.0,0.6666666666666666,0.0,0.0,0.5,2.7528735632183907,upregulated,siRNA/ASO knockdown candidate,Exploratory
DNAH10,1.7221402907563,1.85137911690317e-13,3.0,23.0,False,0.0,0.0,,0.0,2,0,0,0.0,,0.0,0,,1.5862068965517242,0.0,0.0,0.6666666666666666,0.0,0.0,0.5,2.7528735632183907,upregulated,siRNA/ASO knockdown candidate,Exploratory
DNAH12,1.68521305042017,4.022488522406871e-15,3.0,23.0,False,0.0,0.0,,0.0,2,0,0,0.0,,0.0,0,,1.5862068965517242,0.0,0.0,0.6666666666666666,0.0,0.0,0.5,2.7528735632183907,upregulated,siRNA/ASO knockdown candidate,Exploratory
DNAH6,1.84524956806723,2.7234308826219697e-18,3.0,23.0,False,0.0,0.0,,0.0,2,0,0,0.0,,0.0,0,,1.5862068965517242,0.0,0.0,0.6666666666666666,0.0,0.0,0.5,2.7528735632183907,upregulated,siRNA/ASO knockdown candidate,Exploratory
DNAH3,1.49265114789916,4.9445089837914594e-12,3.0,23.0,False,0.0,0.0,,0.0,2,0,0,0.0,,0.0,0,,1.5862068965517242,0.0,0.0,0.6666666666666666,0.0,0.0,0.5,2.7528735632183907,upregulated,siRNA/ASO knockdown candidate,Exploratory
PCDH7,1.02276106722689,7.17103078995563e-28,3.0,23.0,False,0.0,0.0,,0.0,2,0,0,0.0,,0.0,0,,1.5862068965517242,0.0,0.0,0.6666666666666666,0.0,0.0,0.5,2.7528735632183907,upregulated,siRNA/ASO knockdown candidate,Exploratory
DNAH7,1.59295180168068,3.53914475459294e-16,3.0,23.0,False,0.0,0.0,,0.0,2,0,0,0.0,,0.0,0,,1.5862068965517242,0.0,0.0,0.6666666666666666,0.0,0.0,0.5,2.7528735632183907,upregulated,siRNA/ASO knockdown candidate,Exploratory
GRIA1,-1.12025766722689,3.40647649295243e-13,3.0,23.0,False,0.0,0.0,,0.0,2,0,0,0.0,,0.0,0,,1.5862068965517242,0.0,0.0,0.6666666666666666,0.0,0.0,0.5,2.7528735632183907,downregulated,restoration pathway or avoid direct knockdown,Exploratory
MS4A15,-1.22315327058824,8.95664026842965e-16,3.0,23.0,False,0.0,0.0,,0.0,2,0,0,0.0,,0.0,0,,1.5862068965517242,0.0,0.0,0.6666666666666666,0.0,0.0,0.5,2.7528735632183907,downregulated,restoration pathway or avoid direct knockdown,Exploratory
PAMR1,1.19549634789916,4.51987346866159e-24,3.0,23.0,False,0.0,0.0,,0.0,2,0,0,0.0,,0.0,0,,1.5862068965517242,0.0,0.0,0.6666666666666666,0.0,0.0,0.5,2.7528735632183907,upregulated,siRNA/ASO knockdown candidate,Exploratory
NEK10,1.45993247563026,1.49522346994994e-13,3.0,23.0,False,0.0,0.0,,0.0,2,0,0,0.0,,0.0,0,,1.5862068965517242,0.0,0.0,0.6666666666666666,0.0,0.0,0.5,2.7528735632183907,upregulated,siRNA/ASO knockdown candidate,Exploratory
MME,-1.04253775966387,1.33550551347988e-13,3.0,23.0,False,0.0,0.0,,0.0,2,0,0,0.0,,0.0,0,,1.5862068965517242,0.0,0.0,0.6666666666666666,0.0,0.0,0.5,2.7528735632183907,downregulated,restoration pathway or avoid direct knockdown,Exploratory
LRRN4,-1.01600996638656,2.183242654171701e-15,3.0,23.0,False,0.0,0.0,,0.0,2,0,0,0.0,,0.0,0,,1.5862068965517242,0.0,0.0,0.6666666666666666,0.0,0.0,0.5,2.7528735632183907,downregulated,restoration pathway or avoid direct knockdown,Exploratory
LRRIQ1,1.87940165042017,5.64898059326094e-16,3.0,23.0,False,0.0,0.0,,0.0,2,0,0,0.0,,0.0,0,,1.5862068965517242,0.0,0.0,0.6666666666666666,0.0,0.0,0.5,2.7528735632183907,upregulated,siRNA/ASO knockdown candidate,Exploratory
MDH1B,1.44124213109244,1.79714419869425e-12,3.0,23.0,False,0.0,0.0,,0.0,2,0,0,0.0,,0.0,0,,1.5862068965517242,0.0,0.0,0.6666666666666666,0.0,0.0,0.5,2.7528735632183907,upregulated,siRNA/ASO knockdown candidate,Exploratory
GPX8,1.03788954453782,1.60734962212383e-20,3.0,23.0,False,0.0,0.0,,0.0,2,0,0,0.0,,0.0,0,,1.5862068965517242,0.0,0.0,0.6666666666666666,0.0,0.0,0.5,2.7528735632183907,upregulated,siRNA/ASO knockdown candidate,Exploratory
HYDIN,1.82620493781513,8.943224090026969e-18,3.0,23.0,False,0.0,0.0,,0.0,2,0,0,0.0,,0.0,0,,1.5862068965517242,0.0,0.0,0.6666666666666666,0.0,0.0,0.5,2.7528735632183907,upregulated,siRNA/ASO knockdown candidate,Exploratory
HECW2,-1.15330937478992,1.1038014016578598e-11,3.0,23.0,False,0.0,0.0,,0.0,2,0,0,0.0,,0.0,0,,1.5862068965517242,0.0,0.0,0.6666666666666666,0.0,0.0,0.5,2.7528735632183907,downregulated,restoration pathway or avoid direct knockdown,Exploratory
HHLA2,1.72697384369748,3.3518557016703303e-23,3.0,23.0,False,0.0,0.0,,0.0,2,0,0,0.0,,0.0,0,,1.5862068965517242,0.0,0.0,0.6666666666666666,0.0,0.0,0.5,2.7528735632183907,upregulated,siRNA/ASO knockdown candidate,Exploratory
GSTA1,1.72207448739496,1.3924077732556902e-15,3.0,23.0,False,0.0,0.0,,0.0,2,0,0,0.0,,0.0,0,,1.5862068965517242,0.0,0.0,0.6666666666666666,0.0,0.0,0.5,2.7528735632183907,upregulated,siRNA/ASO knockdown candidate,Exploratory
CNTN3,1.19739616806723,2.03669638801619e-29,3.0,23.0,False,0.0,0.0,,0.0,2,0,0,0.0,,0.0,0,,1.5862068965517242,0.0,0.0,0.6666666666666666,0.0,0.0,0.5,2.7528735632183907,upregulated,siRNA/ASO knockdown candidate,Exploratory
CCDC146,1.85708746218488,4.24187022196598e-18,3.0,23.0,False,0.0,0.0,,0.0,2,0,0,0.0,,0.0,0,,1.5862068965517242,0.0,0.0,0.6666666666666666,0.0,0.0,0.5,2.7528735632183907,upregulated,siRNA/ASO knockdown candidate,Exploratory
RGS22,1.48786476302521,1.53563723611038e-17,3.0,23.0,False,0.0,0.0,,0.0,2,0,0,0.0,,0.0,0,,1.5862068965517242,0.0,0.0,0.6666666666666666,0.0,0.0,0.5,2.7528735632183907,upregulated,siRNA/ASO knockdown candidate,Exploratory
PIH1D2,1.13350122689076,8.22996611827647e-11,3.0,23.0,False,0.0,0.0,,0.0,2,0,0,0.0,,0.0,0,,1.5862068965517242,0.0,0.0,0.6666666666666666,0.0,0.0,0.5,2.7528735632183907,upregulated,siRNA/ASO knockdown candidate,Exploratory
PLLP,-1.09448403361345,6.1050467818387496e-27,3.0,23.0,False,0.0,0.0,,0.0,2,0,0,0.0,,0.0,0,,1.5862068965517242,0.0,0.0,0.6666666666666666,0.0,0.0,0.5,2.7528735632183907,downregulated,restoration pathway or avoid direct knockdown,Exploratory
PTPRB,-1.22822037647059,2.63603575000841e-22,3.0,23.0,False,0.0,0.0,,0.0,2,0,0,0.0,,0.0,0,,1.5862068965517242,0.0,0.0,0.6666666666666666,0.0,0.0,0.5,2.7528735632183907,downregulated,restoration pathway or avoid direct knockdown,Exploratory
CCL13,1.07051270420168,6.72245139022769e-22,3.0,23.0,False,0.0,0.0,,0.0,2,0,0,0.0,,0.0,0,,1.5862068965517242,0.0,0.0,0.6666666666666666,0.0,0.0,0.5,2.7528735632183907,upregulated,siRNA/ASO knockdown candidate,Exploratory
STOX1,1.13322636638656,1.53171398515642e-11,3.0,23.0,False,0.0,0.0,,0.0,2,0,0,0.0,,0.0,0,,1.5862068965517242,0.0,0.0,0.6666666666666666,0.0,0.0,0.5,2.7528735632183907,upregulated,siRNA/ASO knockdown candidate,Exploratory
STOML3,1.70262195294118,7.40937739171422e-13,3.0,23.0,False,0.0,0.0,,0.0,2,0,0,0.0,,0.0,0,,1.5862068965517242,0.0,0.0,0.6666666666666666,0.0,0.0,0.5,2.7528735632183907,upregulated,siRNA/ASO knockdown candidate,Exploratory
ST6GALNAC1,1.12595108739496,3.30509373015817e-15,3.0,23.0,False,0.0,0.0,,0.0,2,0,0,0.0,,0.0,0,,1.5862068965517242,0.0,0.0,0.6666666666666666,0.0,0.0,0.5,2.7528735632183907,upregulated,siRNA/ASO knockdown candidate,Exploratory
COL15A1,1.33350390420168,6.28063123729258e-29,3.0,23.0,False,0.0,0.0,,0.0,2,0,0,0.0,,0.0,0,,1.5862068965517242,0.0,0.0,0.6666666666666666,0.0,0.0,0.5,2.7528735632183907,upregulated,siRNA/ASO knockdown candidate,Exploratory
SLC27A2,1.65295925378152,2.02890246793638e-13,3.0,23.0,False,0.0,0.0,,0.0,2,0,0,0.0,,0.0,0,,1.5862068965517242,0.0,0.0,0.6666666666666666,0.0,0.0,0.5,2.7528735632183907,upregulated,siRNA/ASO knockdown candidate,Exploratory
SLN,1.29378808403362,1.38619977884557e-15,3.0,23.0,False,0.0,0.0,,0.0,2,0,0,0.0,,0.0,0,,1.5862068965517242,0.0,0.0,0.6666666666666666,0.0,0.0,0.5,2.7528735632183907,upregulated,siRNA/ASO knockdown candidate,Exploratory
SNTN,2.30401619159664,3.9093847867877406e-15,3.0,23.0,False,0.0,0.0,,0.0,2,0,0,0.0,,0.0,0,,1.5862068965517242,0.0,0.0,0.6666666666666666,0.0,0.0,0.5,2.7528735632183907,upregulated,siRNA/ASO knockdown candidate,Exploratory
SPAG6,2.17657201176471,4.19185807118213e-16,3.0,23.0,False,0.0,0.0,,0.0,2,0,0,0.0,,0.0,0,,1.5862068965517242,0.0,0.0,0.6666666666666666,0.0,0.0,0.5,2.7528735632183907,upregulated,siRNA/ASO knockdown candidate,Exploratory
SFTA2,-1.00191857815126,2.4620805100838e-15,3.0,23.0,False,0.0,0.0,,0.0,2,0,0,0.0,,0.0,0,,1.5862068965517242,0.0,0.0,0.6666666666666666,0.0,0.0,0.5,2.7528735632183907,downregulated,restoration pathway or avoid direct knockdown,Exploratory
SLC39A8,-1.31767847058824,2.0717186159771802e-17,3.0,23.0,False,0.0,0.0,,0.0,2,0,0,0.0,,0.0,0,,1.5862068965517242,0.0,0.0,0.6666666666666666,0.0,0.0,0.5,2.7528735632183907,downregulated,restoration pathway or avoid direct knockdown,Exploratory
SIX1,1.15717526218488,1.44915077351068e-15,3.0,23.0,False,0.0,0.0,,0.0,2,0,0,0.0,,0.0,0,,1.5862068965517242,0.0,0.0,0.6666666666666666,0.0,0.0,0.5,2.7528735632183907,upregulated,siRNA/ASO knockdown candidate,Exploratory
SPATA17,1.55608080168067,7.10362337366197e-17,3.0,23.0,False,0.0,0.0,,0.0,2,0,0,0.0,,0.0,0,,1.5862068965517242,0.0,0.0,0.6666666666666666,0.0,0.0,0.5,2.7528735632183907,upregulated,siRNA/ASO knockdown candidate,Exploratory
CAPSL,1.28539150756303,1.12064560261941e-12,3.0,23.0,False,0.0,0.0,,0.0,2,0,0,0.0,,0.0,0,,1.5862068965517242,0.0,0.0,0.6666666666666666,0.0,0.0,0.5,2.7528735632183907,upregulated,siRNA/ASO knockdown candidate,Exploratory
CASC1,1.28516437310925,2.32738122392211e-13,3.0,23.0,False,0.0,0.0,,0.0,2,0,0,0.0,,0.0,0,,1.5862068965517242,0.0,0.0,0.6666666666666666,0.0,0.0,0.5,2.7528735632183907,upregulated,siRNA/ASO knockdown candidate,Exploratory
RXFP1,-1.08553459495798,5.3414389798449e-15,3.0,23.0,False,0.0,0.0,,0.0,2,0,0,0.0,,0.0,0,,1.5862068965517242,0.0,0.0,0.6666666666666666,0.0,0.0,0.5,2.7528735632183907,downregulated,restoration pathway or avoid direct knockdown,Exploratory
RSPH1,1.48313167226891,9.444811092171513e-14,3.0,23.0,False,0.0,0.0,,0.0,2,0,0,0.0,,0.0,0,,1.5862068965517242,0.0,0.0,0.6666666666666666,0.0,0.0,0.5,2.7528735632183907,upregulated,siRNA/ASO knockdown candidate,Exploratory
CAPN13,1.31100314453782,8.853560631651159e-12,3.0,23.0,False,0.0,0.0,,0.0,2,0,0,0.0,,0.0,0,,1.5862068965517242,0.0,0.0,0.6666666666666666,0.0,0.0,0.5,2.7528735632183907,upregulated,siRNA/ASO knockdown candidate,Exploratory
EPHA3,1.3147358605042,1.72619489146016e-27,3.0,22.0,False,0.0,0.0,,0.0,2,0,0,0.0,,0.0,0,,1.5172413793103448,0.0,0.0,0.6666666666666666,0.0,0.0,0.5,2.6839080459770113,upregulated,siRNA/ASO knockdown candidate,Exploratory
FIGF,-1.26990590420168,3.24687158321246e-10,3.0,22.0,False,0.0,0.0,,0.0,2,0,0,0.0,,0.0,0,,1.5172413793103448,0.0,0.0,0.6666666666666666,0.0,0.0,0.5,2.6839080459770113,downregulated,restoration pathway or avoid direct knockdown,Exploratory
FAM216B,2.34248163529412,1.75518469457069e-17,3.0,22.0,False,0.0,0.0,,0.0,2,0,0,0.0,,0.0,0,,1.5172413793103448,0.0,0.0,0.6666666666666666,0.0,0.0,0.5,2.6839080459770113,upregulated,siRNA/ASO knockdown candidate,Exploratory
SFRP2,2.60960091932773,6.4581536335333e-42,3.0,22.0,False,0.0,0.0,,0.0,2,0,0,0.0,,0.0,0,,1.5172413793103448,0.0,0.0,0.6666666666666666,0.0,0.0,0.5,2.6839080459770113,upregulated,siRNA/ASO knockdown candidate,Exploratory
PLN,1.13134159495799,1.40786759333257e-16,3.0,22.0,False,0.0,0.0,,0.0,2,0,0,0.0,,0.0,0,,1.5172413793103448,0.0,0.0,0.6666666666666666,0.0,0.0,0.5,2.6839080459770113,upregulated,siRNA/ASO knockdown candidate,Exploratory
SERPINB3,1.18368177815126,5.62262483053427e-07,3.0,22.0,False,0.0,0.0,,0.0,2,0,0,0.0,,0.0,0,,1.5172413793103448,0.0,0.0,0.6666666666666666,0.0,0.0,0.5,2.6839080459770113,upregulated,siRNA/ASO knockdown candidate,Exploratory
CPB2,-1.37803257478992,5.649671864923781e-09,3.0,22.0,False,0.0,0.0,,0.0,2,0,0,0.0,,0.0,0,,1.5172413793103448,0.0,0.0,0.6666666666666666,0.0,0.0,0.5,2.6839080459770113,downregulated,restoration pathway or avoid direct knockdown,Exploratory
LEPREL1,-1.15528570420168,1.7153549568935001e-15,3.0,22.0,False,0.0,0.0,,0.0,2,0,0,0.0,,0.0,0,,1.5172413793103448,0.0,0.0,0.6666666666666666,0.0,0.0,0.5,2.6839080459770113,downregulated,restoration pathway or avoid direct knockdown,Exploratory
MMP13,1.68854995462185,1.0805407044080201e-20,3.0,22.0,False,0.0,0.0,,0.0,2,0,0,0.0,,0.0,0,,1.5172413793103448,0.0,0.0,0.6666666666666666,0.0,0.0,0.5,2.6839080459770113,upregulated,siRNA/ASO knockdown candidate,Exploratory
MMP1,2.34921917310925,7.344019492201722e-14,3.0,22.0,False,0.0,0.0,,0.0,2,0,0,0.0,,0.0,0,,1.5172413793103448,0.0,0.0,0.6666666666666666,0.0,0.0,0.5,2.6839080459770113,upregulated,siRNA/ASO knockdown candidate,Exploratory
EFCAB10,1.39753069243698,6.10129915719506e-13,3.0,22.0,False,0.0,0.0,,0.0,2,0,0,0.0,,0.0,0,,1.5172413793103448,0.0,0.0,0.6666666666666666,0.0,0.0,0.5,2.6839080459770113,upregulated,siRNA/ASO knockdown candidate,Exploratory
TNFRSF19,1.08107808907563,3.9378940639958795e-34,,0.0,True,0.9228571428571428,3.484175824175824,,0.0,0,0,0,0.0,,0.3899916678944556,1,Basal,0.0,1.8457142857142856,0.0,0.0,0.0,0.28254272581705336,0.5,2.628257011531339,upregulated,siRNA/ASO knockdown candidate,Exploratory
S100A8,-1.65218837983193,1.8285675319253598e-28,3.0,19.75,False,0.0,0.0,,0.0,2,0,0,0.0,,0.0,0,,1.3620689655172413,0.0,0.0,0.6666666666666666,0.0,0.0,0.5,2.528735632183908,downregulated,restoration pathway or avoid direct knockdown,Exploratory
MGAM,-2.16041968067227,1.10219057522338e-39,,0.0,True,1.0,3.723076923076923,,0.0,0,0,0,0.0,,0.0,0,,0.0,2.0,0.0,0.0,0.0,0.0,0.5,2.5,downregulated,restoration pathway or avoid direct knockdown,Exploratory
CBS,-1.18282163697479,1.26922008884031e-52,,0.0,True,1.0,4.0,,0.0,0,0,0,0.0,,0.0,0,,0.0,2.0,0.0,0.0,0.0,0.0,0.5,2.5,downregulated,restoration pathway or avoid direct knockdown,Exploratory
ZBBX,2.30232656134454,5.8169796371695104e-15,2.0,19.0,False,0.0,0.0,,0.0,2,0,0,0.0,,0.0,0,,1.3103448275862069,0.0,0.0,0.6666666666666666,0.0,0.0,0.5,2.4770114942528734,upregulated,siRNA/ASO knockdown candidate,Exploratory
FANK1,1.44928135630252,6.035899671506191e-15,2.0,19.0,False,0.0,0.0,,0.0,2,0,0,0.0,,0.0,0,,1.3103448275862069,0.0,0.0,0.6666666666666666,0.0,0.0,0.5,2.4770114942528734,upregulated,siRNA/ASO knockdown candidate,Exploratory
ADGB,1.37479186722689,7.16750501882369e-13,2.0,18.0,False,0.0,0.0,,0.0,2,0,0,0.0,,0.0,0,,1.2413793103448276,0.0,0.0,0.6666666666666666,0.0,0.0,0.5,2.4080459770114944,upregulated,siRNA/ASO knockdown candidate,Exploratory
CDHR3,2.33972522521009,1.56917670513253e-17,2.0,17.0,False,0.0,0.0,,0.0,2,0,0,0.0,,0.0,0,,1.1724137931034482,0.0,0.0,0.6666666666666666,0.0,0.0,0.5,2.339080459770115,upregulated,siRNA/ASO knockdown candidate,Exploratory
DUOX1,-1.17806645378151,3.48165184175012e-24,2.0,17.0,False,0.0,0.0,,0.0,2,0,0,0.0,,0.0,0,,1.1724137931034482,0.0,0.0,0.6666666666666666,0.0,0.0,0.5,2.339080459770115,downregulated,restoration pathway or avoid direct knockdown,Exploratory
S1PR1,-1.00537243697479,1.78762595100858e-25,2.0,17.0,False,0.0,0.0,,0.0,2,0,0,0.0,,0.0,0,,1.1724137931034482,0.0,0.0,0.6666666666666666,0.0,0.0,0.5,2.339080459770115,downregulated,restoration pathway or avoid direct knockdown,Exploratory
MUC16,1.00070352436975,1.44413719204238e-07,2.0,17.0,False,0.0,0.0,,0.0,2,0,0,0.0,,0.0,0,,1.1724137931034482,0.0,0.0,0.6666666666666666,0.0,0.0,0.5,2.339080459770115,upregulated,siRNA/ASO knockdown candidate,Exploratory
CCDC17,1.03415496470588,4.7984743912746e-10,2.0,17.0,False,0.0,0.0,,0.0,2,0,0,0.0,,0.0,0,,1.1724137931034482,0.0,0.0,0.6666666666666666,0.0,0.0,0.5,2.339080459770115,upregulated,siRNA/ASO knockdown candidate,Exploratory
SLCO2A1,-1.14128412941177,1.55481788869406e-17,2.0,17.0,False,0.0,0.0,,0.0,2,0,0,0.0,,0.0,0,,1.1724137931034482,0.0,0.0,0.6666666666666666,0.0,0.0,0.5,2.339080459770115,downregulated,restoration pathway or avoid direct knockdown,Exploratory
SLC44A4,1.07477889579832,1.59552099562125e-12,2.0,17.0,False,0.0,0.0,,0.0,2,0,0,0.0,,0.0,0,,1.1724137931034482,0.0,0.0,0.6666666666666666,0.0,0.0,0.5,2.339080459770115,upregulated,siRNA/ASO knockdown candidate,Exploratory
SCGB3A1,1.39869194789916,4.82825464052274e-12,2.0,17.0,False,0.0,0.0,,0.0,2,0,0,0.0,,0.0,0,,1.1724137931034482,0.0,0.0,0.6666666666666666,0.0,0.0,0.5,2.339080459770115,upregulated,siRNA/ASO knockdown candidate,Exploratory
CCDC60,1.09820542689076,1.6165832802905898e-11,2.0,17.0,False,0.0,0.0,,0.0,2,0,0,0.0,,0.0,0,,1.1724137931034482,0.0,0.0,0.6666666666666666,0.0,0.0,0.5,2.339080459770115,upregulated,siRNA/ASO knockdown candidate,Exploratory
HDC,1.11322005378151,1.2558528329801902e-19,2.0,17.0,False,0.0,0.0,,0.0,2,0,0,0.0,,0.0,0,,1.1724137931034482,0.0,0.0,0.6666666666666666,0.0,0.0,0.5,2.339080459770115,upregulated,siRNA/ASO knockdown candidate,Exploratory
ALOX15,1.3755833697479,2.55521938985041e-10,2.0,17.0,False,0.0,0.0,,0.0,2,0,0,0.0,,0.0,0,,1.1724137931034482,0.0,0.0,0.6666666666666666,0.0,0.0,0.5,2.339080459770115,upregulated,siRNA/ASO knockdown candidate,Exploratory
ANK2,1.01405958151261,1.37931167958815e-27,2.0,17.0,False,0.0,0.0,,0.0,2,0,0,0.0,,0.0,0,,1.1724137931034482,0.0,0.0,0.6666666666666666,0.0,0.0,0.5,2.339080459770115,upregulated,siRNA/ASO knockdown candidate,Exploratory
AGBL2,1.16914727731093,2.228977038851e-12,2.0,17.0,False,0.0,0.0,,0.0,2,0,0,0.0,,0.0,0,,1.1724137931034482,0.0,0.0,0.6666666666666666,0.0,0.0,0.5,2.339080459770115,upregulated,siRNA/ASO knockdown candidate,Exploratory
ACTG2,1.3546889092437,2.12146836471116e-18,2.0,17.0,False,0.0,0.0,,0.0,2,0,0,0.0,,0.0,0,,1.1724137931034482,0.0,0.0,0.6666666666666666,0.0,0.0,0.5,2.339080459770115,upregulated,siRNA/ASO knockdown candidate,Exploratory
TMEM232,1.90777977478992,2.39238823685875e-15,2.0,17.0,False,0.0,0.0,,0.0,2,0,0,0.0,,0.0,0,,1.1724137931034482,0.0,0.0,0.6666666666666666,0.0,0.0,0.5,2.339080459770115,upregulated,siRNA/ASO knockdown candidate,Exploratory
AK7,1.08331903865546,9.83917758478519e-09,2.0,17.0,False,0.0,0.0,,0.0,2,0,0,0.0,,0.0,0,,1.1724137931034482,0.0,0.0,0.6666666666666666,0.0,0.0,0.5,2.339080459770115,upregulated,siRNA/ASO knockdown candidate,Exploratory
F2RL3,-1.26469339327731,5.1178485103413e-28,2.0,17.0,False,0.0,0.0,,0.0,2,0,0,0.0,,0.0,0,,1.1724137931034482,0.0,0.0,0.6666666666666666,0.0,0.0,0.5,2.339080459770115,downregulated,restoration pathway or avoid direct knockdown,Exploratory
ZBTB16,-1.4163948789916,2.79364160385284e-16,2.0,17.0,False,0.0,0.0,,0.0,2,0,0,0.0,,0.0,0,,1.1724137931034482,0.0,0.0,0.6666666666666666,0.0,0.0,0.5,2.339080459770115,downregulated,restoration pathway or avoid direct knockdown,Exploratory
WDR49,2.0974688487395,2.09793939521387e-21,2.0,17.0,False,0.0,0.0,,0.0,2,0,0,0.0,,0.0,0,,1.1724137931034482,0.0,0.0,0.6666666666666666,0.0,0.0,0.5,2.339080459770115,upregulated,siRNA/ASO knockdown candidate,Exploratory
WDR66,1.14529516806723,3.6837943312693795e-11,2.0,17.0,False,0.0,0.0,,0.0,2,0,0,0.0,,0.0,0,,1.1724137931034482,0.0,0.0,0.6666666666666666,0.0,0.0,0.5,2.339080459770115,upregulated,siRNA/ASO knockdown candidate,Exploratory
CWH43,1.00615160168067,1.00780478016782e-08,2.0,17.0,False,0.0,0.0,,0.0,2,0,0,0.0,,0.0,0,,1.1724137931034482,0.0,0.0,0.6666666666666666,0.0,0.0,0.5,2.339080459770115,upregulated,siRNA/ASO knockdown candidate,Exploratory
CTSK,1.13267114957983,2.8482513103702397e-18,2.0,17.0,False,0.0,0.0,,0.0,2,0,0,0.0,,0.0,0,,1.1724137931034482,0.0,0.0,0.6666666666666666,0.0,0.0,0.5,2.339080459770115,upregulated,siRNA/ASO knockdown candidate,Exploratory
CRISPLD1,1.25498863193278,7.74172374894426e-24,2.0,17.0,False,0.0,0.0,,0.0,2,0,0,0.0,,0.0,0,,1.1724137931034482,0.0,0.0,0.6666666666666666,0.0,0.0,0.5,2.339080459770115,upregulated,siRNA/ASO knockdown candidate,Exploratory
MT1M,-1.87141493109244,3.48869170844869e-18,2.0,17.0,False,0.0,0.0,,0.0,2,0,0,0.0,,0.0,0,,1.1724137931034482,0.0,0.0,0.6666666666666666,0.0,0.0,0.5,2.339080459770115,downregulated,restoration pathway or avoid direct knockdown,Exploratory
MYH11,1.1435029697479,1.10011135003828e-15,2.0,17.0,False,0.0,0.0,,0.0,2,0,0,0.0,,0.0,0,,1.1724137931034482,0.0,0.0,0.6666666666666666,0.0,0.0,0.5,2.339080459770115,upregulated,siRNA/ASO knockdown candidate,Exploratory
MAP1A,1.00237566722689,3.1543092115762304e-19,2.0,17.0,False,0.0,0.0,,0.0,2,0,0,0.0,,0.0,0,,1.1724137931034482,0.0,0.0,0.6666666666666666,0.0,0.0,0.5,2.339080459770115,upregulated,siRNA/ASO knockdown candidate,Exploratory
LRRC32,-1.00551080168067,1.6518102306607501e-21,2.0,17.0,False,0.0,0.0,,0.0,2,0,0,0.0,,0.0,0,,1.1724137931034482,0.0,0.0,0.6666666666666666,0.0,0.0,0.5,2.339080459770115,downregulated,restoration pathway or avoid direct knockdown,Exploratory
ITGB8,1.15209375630252,1.12228578313798e-22,2.0,17.0,False,0.0,0.0,,0.0,2,0,0,0.0,,0.0,0,,1.1724137931034482,0.0,0.0,0.6666666666666666,0.0,0.0,0.5,2.339080459770115,upregulated,siRNA/ASO knockdown candidate,Exploratory
LRRC46,1.67715085882353,7.984441180608e-13,2.0,17.0,False,0.0,0.0,,0.0,2,0,0,0.0,,0.0,0,,1.1724137931034482,0.0,0.0,0.6666666666666666,0.0,0.0,0.5,2.339080459770115,upregulated,siRNA/ASO knockdown candidate,Exploratory
MFSD2A,-1.40497609579832,1.0532368014398001e-25,2.0,17.0,False,0.0,0.0,,0.0,2,0,0,0.0,,0.0,0,,1.1724137931034482,0.0,0.0,0.6666666666666666,0.0,0.0,0.5,2.339080459770115,downregulated,restoration pathway or avoid direct knockdown,Exploratory
HSPA4L,1.67233845378152,3.23304192694808e-27,2.0,17.0,False,0.0,0.0,,0.0,2,0,0,0.0,,0.0,0,,1.1724137931034482,0.0,0.0,0.6666666666666666,0.0,0.0,0.5,2.339080459770115,upregulated,siRNA/ASO knockdown candidate,Exploratory
HPSE2,1.22753714789916,3.5457990426755704e-25,2.0,17.0,False,0.0,0.0,,0.0,2,0,0,0.0,,0.0,0,,1.1724137931034482,0.0,0.0,0.6666666666666666,0.0,0.0,0.5,2.339080459770115,upregulated,siRNA/ASO knockdown candidate,Exploratory
IQCG,1.04602625210084,5.34355059297229e-13,2.0,17.0,False,0.0,0.0,,0.0,2,0,0,0.0,,0.0,0,,1.1724137931034482,0.0,0.0,0.6666666666666666,0.0,0.0,0.5,2.339080459770115,upregulated,siRNA/ASO knockdown candidate,Exploratory
MORN5,1.15804547731093,4.548922322281178e-11,2.0,17.0,False,0.0,0.0,,0.0,2,0,0,0.0,,0.0,0,,1.1724137931034482,0.0,0.0,0.6666666666666666,0.0,0.0,0.5,2.339080459770115,upregulated,siRNA/ASO knockdown candidate,Exploratory
PACRG,1.15217987058824,4.64251235599051e-13,2.0,17.0,False,0.0,0.0,,0.0,2,0,0,0.0,,0.0,0,,1.1724137931034482,0.0,0.0,0.6666666666666666,0.0,0.0,0.5,2.339080459770115,upregulated,siRNA/ASO knockdown candidate,Exploratory
NEK5,1.29302293445378,7.84866833549483e-13,2.0,16.0,False,0.0,0.0,,0.0,2,0,0,0.0,,0.0,0,,1.103448275862069,0.0,0.0,0.6666666666666666,0.0,0.0,0.5,2.2701149425287355,upregulated,siRNA/ASO knockdown candidate,Exploratory
LPPR4,1.36622984369748,1.39278495706501e-37,2.0,16.0,False,0.0,0.0,,0.0,2,0,0,0.0,,0.0,0,,1.103448275862069,0.0,0.0,0.6666666666666666,0.0,0.0,0.5,2.2701149425287355,upregulated,siRNA/ASO knockdown candidate,Exploratory
WDR65,1.31857224369748,1.7051677874339799e-12,2.0,16.0,False,0.0,0.0,,0.0,2,0,0,0.0,,0.0,0,,1.103448275862069,0.0,0.0,0.6666666666666666,0.0,0.0,0.5,2.2701149425287355,upregulated,siRNA/ASO knockdown candidate,Exploratory
WDR16,1.45765266722689,7.40033332096193e-14,2.0,16.0,False,0.0,0.0,,0.0,2,0,0,0.0,,0.0,0,,1.103448275862069,0.0,0.0,0.6666666666666666,0.0,0.0,0.5,2.2701149425287355,upregulated,siRNA/ASO knockdown candidate,Exploratory
UBXN10,1.30711061344538,6.339800939866101e-21,2.0,16.0,False,0.0,0.0,,0.0,2,0,0,0.0,,0.0,0,,1.103448275862069,0.0,0.0,0.6666666666666666,0.0,0.0,0.5,2.2701149425287355,upregulated,siRNA/ASO knockdown candidate,Exploratory
WDR96,2.208883097479,1.3237614725949802e-15,2.0,16.0,False,0.0,0.0,,0.0,2,0,0,0.0,,0.0,0,,1.103448275862069,0.0,0.0,0.6666666666666666,0.0,0.0,0.5,2.2701149425287355,upregulated,siRNA/ASO knockdown candidate,Exploratory
TEX9,1.64927218655463,9.80604418708629e-21,2.0,16.0,False,0.0,0.0,,0.0,2,0,0,0.0,,0.0,0,,1.103448275862069,0.0,0.0,0.6666666666666666,0.0,0.0,0.5,2.2701149425287355,upregulated,siRNA/ASO knockdown candidate,Exploratory
HAS2,1.20632047394958,1.23980264771841e-10,2.0,16.0,False,0.0,0.0,,0.0,2,0,0,0.0,,0.0,0,,1.103448275862069,0.0,0.0,0.6666666666666666,0.0,0.0,0.5,2.2701149425287355,upregulated,siRNA/ASO knockdown candidate,Exploratory
PIP,1.14626770588235,1.04275783569728e-08,2.0,16.0,False,0.0,0.0,,0.0,2,0,0,0.0,,0.0,0,,1.103448275862069,0.0,0.0,0.6666666666666666,0.0,0.0,0.5,2.2701149425287355,upregulated,siRNA/ASO knockdown candidate,Exploratory
PPAP2C,1.01014592605042,8.02335581243394e-15,2.0,16.0,False,0.0,0.0,,0.0,2,0,0,0.0,,0.0,0,,1.103448275862069,0.0,0.0,0.6666666666666666,0.0,0.0,0.5,2.2701149425287355,upregulated,siRNA/ASO knockdown candidate,Exploratory
CLCA2,1.20730204369748,2.35256291561183e-10,2.0,16.0,False,0.0,0.0,,0.0,2,0,0,0.0,,0.0,0,,1.103448275862069,0.0,0.0,0.6666666666666666,0.0,0.0,0.5,2.2701149425287355,upregulated,siRNA/ASO knockdown candidate,Exploratory
PTCHD4,1.66317520840336,4.52406176946223e-32,2.0,16.0,False,0.0,0.0,,0.0,2,0,0,0.0,,0.0,0,,1.103448275862069,0.0,0.0,0.6666666666666666,0.0,0.0,0.5,2.2701149425287355,upregulated,siRNA/ASO knockdown candidate,Exploratory
CCDC11,1.57118952268908,2.24977656897551e-13,2.0,16.0,False,0.0,0.0,,0.0,2,0,0,0.0,,0.0,0,,1.103448275862069,0.0,0.0,0.6666666666666666,0.0,0.0,0.5,2.2701149425287355,upregulated,siRNA/ASO knockdown candidate,Exploratory
SERPIND1,1.2531054789916,1.49812338107857e-19,2.0,16.0,False,0.0,0.0,,0.0,2,0,0,0.0,,0.0,0,,1.103448275862069,0.0,0.0,0.6666666666666666,0.0,0.0,0.5,2.2701149425287355,upregulated,siRNA/ASO knockdown candidate,Exploratory
CPA3,1.31150940336135,8.81883158387867e-18,2.0,16.0,False,0.0,0.0,,0.0,2,0,0,0.0,,0.0,0,,1.103448275862069,0.0,0.0,0.6666666666666666,0.0,0.0,0.5,2.2701149425287355,upregulated,siRNA/ASO knockdown candidate,Exploratory
MXRA5,1.27127569747899,2.48347239978601e-29,2.0,16.0,False,0.0,0.0,,0.0,2,0,0,0.0,,0.0,0,,1.103448275862069,0.0,0.0,0.6666666666666666,0.0,0.0,0.5,2.2701149425287355,upregulated,siRNA/ASO knockdown candidate,Exploratory
MT1JP,-1.15341513781513,3.16066287006145e-15,2.0,16.0,False,0.0,0.0,,0.0,2,0,0,0.0,,0.0,0,,1.103448275862069,0.0,0.0,0.6666666666666666,0.0,0.0,0.5,2.2701149425287355,downregulated,restoration pathway or avoid direct knockdown,Exploratory
IGJ,1.3423804184874,7.80158956282629e-19,2.0,16.0,False,0.0,0.0,,0.0,2,0,0,0.0,,0.0,0,,1.103448275862069,0.0,0.0,0.6666666666666666,0.0,0.0,0.5,2.2701149425287355,upregulated,siRNA/ASO knockdown candidate,Exploratory
GLT1D1,-1.12880435966387,5.33972567485395e-33,,0.0,True,0.8628571428571429,3.533406593406593,,0.0,0,0,0,0.0,,0.0,0,,0.0,1.7257142857142858,0.0,0.0,0.0,0.0,0.5,2.225714285714286,downregulated,restoration pathway or avoid direct knockdown,Exploratory
PLEKHG7,1.0815087394958,3.00466190755582e-13,2.0,15.0,False,0.0,0.0,,0.0,2,0,0,0.0,,0.0,0,,1.0344827586206897,0.0,0.0,0.6666666666666666,0.0,0.0,0.5,2.2011494252873565,upregulated,siRNA/ASO knockdown candidate,Exploratory
UGT1A1,1.23737356302521,3.812774228457e-19,2.0,15.0,False,0.0,0.0,,0.0,2,0,0,0.0,,0.0,0,,1.0344827586206897,0.0,0.0,0.6666666666666666,0.0,0.0,0.5,2.2011494252873565,upregulated,siRNA/ASO knockdown candidate,Exploratory
ERICH3,1.72241390084034,1.27096034603877e-14,2.0,15.0,False,0.0,0.0,,0.0,2,0,0,0.0,,0.0,0,,1.0344827586206897,0.0,0.0,0.6666666666666666,0.0,0.0,0.5,2.2011494252873565,upregulated,siRNA/ASO knockdown candidate,Exploratory
PLEKHS1,1.93215367563026,9.233644910049332e-14,2.0,15.0,False,0.0,0.0,,0.0,2,0,0,0.0,,0.0,0,,1.0344827586206897,0.0,0.0,0.6666666666666666,0.0,0.0,0.5,2.2011494252873565,upregulated,siRNA/ASO knockdown candidate,Exploratory
DRC1,1.36364411764706,3.01663757029271e-12,2.0,15.0,False,0.0,0.0,,0.0,2,0,0,0.0,,0.0,0,,1.0344827586206897,0.0,0.0,0.6666666666666666,0.0,0.0,0.5,2.2011494252873565,upregulated,siRNA/ASO knockdown candidate,Exploratory
CCDC173,1.36317821344538,2.86965706176177e-12,2.0,15.0,False,0.0,0.0,,0.0,2,0,0,0.0,,0.0,0,,1.0344827586206897,0.0,0.0,0.6666666666666666,0.0,0.0,0.5,2.2011494252873565,upregulated,siRNA/ASO knockdown candidate,Exploratory
RGCC,-1.05597234285714,6.96476459722876e-21,2.0,15.0,False,0.0,0.0,,0.0,2,0,0,0.0,,0.0,0,,1.0344827586206897,0.0,0.0,0.6666666666666666,0.0,0.0,0.5,2.2011494252873565,downregulated,restoration pathway or avoid direct knockdown,Exploratory
RSPH10B2,1.65042047058824,5.29895712088779e-12,2.0,15.0,False,0.0,0.0,,0.0,2,0,0,0.0,,0.0,0,,1.0344827586206897,0.0,0.0,0.6666666666666666,0.0,0.0,0.5,2.2011494252873565,upregulated,siRNA/ASO knockdown candidate,Exploratory
MAP3K19,1.18461093109244,5.02988889551271e-12,2.0,15.0,False,0.0,0.0,,0.0,2,0,0,0.0,,0.0,0,,1.0344827586206897,0.0,0.0,0.6666666666666666,0.0,0.0,0.5,2.2011494252873565,upregulated,siRNA/ASO knockdown candidate,Exploratory
MROH9,1.23780214789916,2.4981774526368098e-12,2.0,15.0,False,0.0,0.0,,0.0,2,0,0,0.0,,0.0,0,,1.0344827586206897,0.0,0.0,0.6666666666666666,0.0,0.0,0.5,2.2011494252873565,upregulated,siRNA/ASO knockdown candidate,Exploratory
MS4A8,2.29110631932774,2.423348697074761e-15,2.0,15.0,False,0.0,0.0,,0.0,2,0,0,0.0,,0.0,0,,1.0344827586206897,0.0,0.0,0.6666666666666666,0.0,0.0,0.5,2.2011494252873565,upregulated,siRNA/ASO knockdown candidate,Exploratory
CCDC170,1.52883788403362,7.41323040705292e-18,2.0,15.0,False,0.0,0.0,,0.0,2,0,0,0.0,,0.0,0,,1.0344827586206897,0.0,0.0,0.6666666666666666,0.0,0.0,0.5,2.2011494252873565,upregulated,siRNA/ASO knockdown candidate,Exploratory
CLEC4E,-1.78165531260505,9.479106789727651e-25,2.0,13.75,False,0.0,0.0,,0.0,2,0,0,0.0,,0.0,0,,0.9482758620689655,0.0,0.0,0.6666666666666666,0.0,0.0,0.5,2.1149425287356323,downregulated,restoration pathway or avoid direct knockdown,Exploratory
DES,1.24179237647059,1.93715284262316e-16,2.0,13.75,False,0.0,0.0,,0.0,2,0,0,0.0,,0.0,0,,0.9482758620689655,0.0,0.0,0.6666666666666666,0.0,0.0,0.5,2.1149425287356323,upregulated,siRNA/ASO knockdown candidate,Exploratory
IL18RAP,-1.66850551932773,1.7287075587620297e-30,2.0,13.75,False,0.0,0.0,,0.0,2,0,0,0.0,,0.0,0,,0.9482758620689655,0.0,0.0,0.6666666666666666,0.0,0.0,0.5,2.1149425287356323,downregulated,restoration pathway or avoid direct knockdown,Exploratory
IL1RL1,-1.5805499394958,5.058814656102743e-19,2.0,13.75,False,0.0,0.0,,0.0,2,0,0,0.0,,0.0,0,,0.9482758620689655,0.0,0.0,0.6666666666666666,0.0,0.0,0.5,2.1149425287356323,downregulated,restoration pathway or avoid direct knockdown,Exploratory
PGC,-1.30742728739496,1.60799587138119e-08,2.0,13.75,False,0.0,0.0,,0.0,2,0,0,0.0,,0.0,0,,0.9482758620689655,0.0,0.0,0.6666666666666666,0.0,0.0,0.5,2.1149425287356323,downregulated,restoration pathway or avoid direct knockdown,Exploratory
IL18R1,-1.50221171428572,2.50254497961008e-29,2.0,13.75,False,0.0,0.0,,0.0,2,0,0,0.0,,0.0,0,,0.9482758620689655,0.0,0.0,0.6666666666666666,0.0,0.0,0.5,2.1149425287356323,downregulated,restoration pathway or avoid direct knockdown,Exploratory
SCN1A,-1.1326076605042,6.40813118829086e-21,2.0,13.75,False,0.0,0.0,,0.0,2,0,0,0.0,,0.0,0,,0.9482758620689655,0.0,0.0,0.6666666666666666,0.0,0.0,0.5,2.1149425287356323,downregulated,restoration pathway or avoid direct knockdown,Exploratory
SERPINI2,1.15128594117647,1.12031150637543e-16,2.0,13.75,False,0.0,0.0,,0.0,2,0,0,0.0,,0.0,0,,0.9482758620689655,0.0,0.0,0.6666666666666666,0.0,0.0,0.5,2.1149425287356323,upregulated,siRNA/ASO knockdown candidate,Exploratory
CAPS,1.24253897478992,8.86844351590029e-13,2.0,13.75,False,0.0,0.0,,0.0,2,0,0,0.0,,0.0,0,,0.9482758620689655,0.0,0.0,0.6666666666666666,0.0,0.0,0.5,2.1149425287356323,upregulated,siRNA/ASO knockdown candidate,Exploratory
ROPN1L,1.24318147563025,6.3842117079585e-09,2.0,13.75,False,0.0,0.0,,0.0,2,0,0,0.0,,0.0,0,,0.9482758620689655,0.0,0.0,0.6666666666666666,0.0,0.0,0.5,2.1149425287356323,upregulated,siRNA/ASO knockdown candidate,Exploratory
CCL18,1.20803147394958,1.39167041431842e-13,2.0,13.75,False,0.0,0.0,,0.0,2,0,0,0.0,,0.0,0,,0.9482758620689655,0.0,0.0,0.6666666666666666,0.0,0.0,0.5,2.1149425287356323,upregulated,siRNA/ASO knockdown candidate,Exploratory
C9orf135,1.42271822857143,1.29869675813839e-12,3.0,23.0,False,0.0,0.0,,0.0,0,0,0,0.0,,0.0,0,,1.5862068965517242,0.0,0.0,0.0,0.0,0.0,0.5,2.086206896551724,upregulated,siRNA/ASO knockdown candidate,Exploratory
C6orf118,1.34390359663866,2.59175738797779e-12,3.0,23.0,False,0.0,0.0,,0.0,0,0,0,0.0,,0.0,0,,1.5862068965517242,0.0,0.0,0.0,0.0,0.0,0.5,2.086206896551724,upregulated,siRNA/ASO knockdown candidate,Exploratory
S100A12,-2.01109248739496,8.6685202887949e-34,2.0,12.666667,False,0.0,0.0,,0.0,2,0,0,0.0,,0.0,0,,0.8735632413793104,0.0,0.0,0.6666666666666666,0.0,0.0,0.5,2.040229908045977,downregulated,restoration pathway or avoid direct knockdown,Exploratory
C1orf194,2.06959196302521,4.0531893623237304e-14,2.0,17.0,False,0.0,0.0,,0.0,0,0,0,0.0,,0.0,0,,1.1724137931034482,0.0,0.0,0.0,0.0,0.0,0.5,1.6724137931034482,upregulated,siRNA/ASO knockdown candidate,Exploratory
C20orf85,1.8507116487395,1.89037256037694e-15,2.0,17.0,False,0.0,0.0,,0.0,0,0,0,0.0,,0.0,0,,1.1724137931034482,0.0,0.0,0.0,0.0,0.0,0.5,1.6724137931034482,upregulated,siRNA/ASO knockdown candidate,Exploratory
C11orf88,1.53216283361345,3.55574292995638e-13,2.0,17.0,False,0.0,0.0,,0.0,0,0,0,0.0,,0.0,0,,1.1724137931034482,0.0,0.0,0.0,0.0,0.0,0.5,1.6724137931034482,upregulated,siRNA/ASO knockdown candidate,Exploratory
C6orf165,1.53520159831933,7.9546617612123e-14,2.0,16.0,False,0.0,0.0,,0.0,0,0,0,0.0,,0.0,0,,1.103448275862069,0.0,0.0,0.0,0.0,0.0,0.5,1.603448275862069,upregulated,siRNA/ASO knockdown candidate,Exploratory
C1orf110,1.01512366386555,4.4468415303495205e-09,2.0,16.0,False,0.0,0.0,,0.0,0,0,0,0.0,,0.0,0,,1.103448275862069,0.0,0.0,0.0,0.0,0.0,0.5,1.603448275862069,upregulated,siRNA/ASO knockdown candidate,Exploratory
C11orf70,1.10117420672269,4.0479084532273696e-11,2.0,16.0,False,0.0,0.0,,0.0,0,0,0,0.0,,0.0,0,,1.103448275862069,0.0,0.0,0.0,0.0,0.0,0.5,1.603448275862069,upregulated,siRNA/ASO knockdown candidate,Exploratory
C12orf75,1.09939216134454,6.01230490283885e-28,2.0,13.75,False,0.0,0.0,,0.0,0,0,0,0.0,,0.0,0,,0.9482758620689655,0.0,0.0,0.0,0.0,0.0,0.5,1.4482758620689655,upregulated,siRNA/ASO knockdown candidate,Exploratory
CFAP52,,,0.0,0.0,False,0.0,0.0,3.0,3.209365504169255,0,0,0,0.0,,0.0,0,,0.0,0.0,0.9524139966996001,0.0,0.0,0.0,0.0,0.9524139966996001,not_available,insufficient direction evidence,Exploratory
CFAP43,,,0.0,0.0,False,0.0,0.0,17.0,2.339607645404551,0,0,0,0.0,,0.0,0,,0.0,0.0,0.6943039256120749,0.0,0.0,0.0,0.0,0.6943039256120749,not_available,insufficient direction evidence,Exploratory
